txn_id,account_id,amount,date,status
TXN-71455,ACC-1061,214744.53,2026-07-26,SETTLED
TXN-04355,ACC-1009,244871.91,2026-07-18,SETTLED
TXN-01936,ACC-1081,180494.07,2026-07-20,PROCESSING
TXN-27244,ACC-1206,63279.08,2026-07-06,PENDING
TXN-72052,ACC-1168,25556.75,2026-07-27,SETTLED
TXN-99877,ACC-1167,59965.05,2026-08-26,PENDING
TXN-06251,ACC-1384,391691.98,2026-07-02,SETTLED
TXN-67892,ACC-1099,12383.80,2026-07-17,SETTLED
TXN-14544,ACC-1177,151314.83,2026-08-24,SETTLED
TXN-38318,ACC-1163,234148.57,2026-07-31,SETTLED
TXN-41343,ACC-1126,315242.68,2026-08-23,SETTLED
TXN-95593,ACC-1385,59917.79,2026-07-02,PROCESSING
TXN-73550,ACC-1158,321411.12,2026-07-02,PENDING
TXN-14300,ACC-1233,43143.44,2026-08-26,SETTLED
TXN-59691,ACC-1214,410394.87,2026-08-02,SETTLED
TXN-30726,ACC-1222,108847.00,2026-07-25,PENDING
TXN-15284,ACC-1383,238766.85,2026-07-27,PROCESSING
TXN-91463,ACC-1033,381764.94,2026-07-23,SETTLED
TXN-90046,ACC-1364,447442.16,2026-08-08,SETTLED
TXN-51673,ACC-1378,35401.74,2026-07-24,PENDING
TXN-07796,ACC-1173,476723.66,2026-07-19,PENDING
TXN-55091,ACC-1303,286260.76,2026-08-23,SETTLED
TXN-20807,ACC-1090,377752.45,2026-08-12,SETTLED
TXN-90832,ACC-1242,347564.47,2026-07-18,SETTLED
TXN-23656,ACC-1311,20165.04,2026-08-05,PENDING
TXN-88554,ACC-1053,171662.43,2026-07-03,PENDING
TXN-68375,ACC-1348,442126.86,2026-08-04,SETTLED
TXN-11272,ACC-1142,387980.90,2026-07-12,SETTLED
TXN-68640,ACC-1195,86249.83,2026-08-29,SETTLED
TXN-97328,ACC-1127,8166.14,2026-08-10,PENDING
TXN-39213,ACC-1179,389132.97,2026-08-19,SETTLED
TXN-08089,ACC-1269,378085.60,2026-08-17,SETTLED
TXN-18183,ACC-1001,433055.08,2026-07-21,SETTLED
TXN-47528,ACC-1262,269691.44,2026-07-13,PROCESSING
TXN-34207,ACC-1351,456291.00,2026-07-14,SETTLED
TXN-38711,ACC-1034,48274.85,2026-07-23,SETTLED
TXN-96687,ACC-1101,346059.99,2026-08-03,SETTLED
TXN-28348,ACC-1208,273202.26,2026-07-02,SETTLED
TXN-89323,ACC-1140,37624.25,2026-07-11,SETTLED
TXN-85211,ACC-1057,436744.25,2026-07-10,SETTLED
TXN-12191,ACC-1247,383529.70,2026-08-05,SETTLED
TXN-40494,ACC-1073,314675.72,2026-07-29,PROCESSING
TXN-05673,ACC-1299,157434.67,2026-07-03,SETTLED
TXN-35863,ACC-1375,6899.86,2026-08-20,SETTLED
TXN-80483,ACC-1003,378642.84,2026-07-03,SETTLED
TXN-13859,ACC-1339,287481.30,2026-08-19,PROCESSING
TXN-41464,ACC-1058,170548.75,2026-08-21,SETTLED
TXN-50384,ACC-1311,159130.95,2026-08-20,PROCESSING
TXN-90287,ACC-1126,388666.15,2026-07-16,PROCESSING
TXN-89142,ACC-1052,59535.11,2026-08-22,SETTLED
TXN-03254,ACC-1171,297241.80,2026-07-05,SETTLED
TXN-01838,ACC-1043,97324.21,2026-08-13,PENDING
TXN-52632,ACC-1143,447994.28,2026-07-16,SETTLED
TXN-93730,ACC-1203,8578.75,2026-08-20,SETTLED
TXN-95970,ACC-1212,247525.57,2026-07-03,SETTLED
TXN-32093,ACC-1357,88490.77,2026-08-22,SETTLED
TXN-25446,ACC-1052,86240.96,2026-07-14,SETTLED
TXN-01587,ACC-1026,440344.32,2026-07-22,PENDING
TXN-86659,ACC-1165,414617.02,2026-07-04,SETTLED
TXN-52643,ACC-1000,312340.42,2026-08-12,SETTLED
TXN-12914,ACC-1192,359493.29,2026-07-20,PROCESSING
TXN-67358,ACC-1213,288564.40,2026-08-12,PROCESSING
TXN-25936,ACC-1028,111385.47,2026-08-04,SETTLED
TXN-73814,ACC-1190,430532.20,2026-08-04,PENDING
TXN-67300,ACC-1295,103505.36,2026-07-14,SETTLED
TXN-58409,ACC-1370,318761.13,2026-08-27,SETTLED
TXN-71536,ACC-1260,338605.83,2026-08-09,PENDING
TXN-11750,ACC-1169,210515.55,2026-07-04,SETTLED
TXN-35300,ACC-1196,443080.03,2026-08-15,SETTLED
TXN-29793,ACC-1093,280432.51,2026-08-15,SETTLED
TXN-69050,ACC-1140,423615.73,2026-08-12,SETTLED
TXN-27821,ACC-1010,348737.94,2026-07-30,SETTLED
TXN-44563,ACC-1157,90179.34,2026-08-21,PENDING
TXN-63628,ACC-1005,176672.48,2026-07-13,SETTLED
TXN-01202,ACC-1308,491442.21,2026-08-11,SETTLED
TXN-10992,ACC-1148,286789.64,2026-08-22,SETTLED
TXN-67831,ACC-1060,323711.53,2026-08-24,SETTLED
TXN-80677,ACC-1076,266376.76,2026-08-20,SETTLED
TXN-37400,ACC-1210,322682.30,2026-07-22,SETTLED
TXN-85999,ACC-1088,446761.23,2026-07-11,SETTLED
TXN-71358,ACC-1325,204324.72,2026-07-26,SETTLED
TXN-53216,ACC-1072,186891.85,2026-07-07,SETTLED
TXN-27203,ACC-1239,241058.97,2026-07-30,SETTLED
TXN-65946,ACC-1342,302592.38,2026-08-07,SETTLED
TXN-57296,ACC-1183,302323.69,2026-07-05,PROCESSING
TXN-24657,ACC-1144,331681.94,2026-08-16,SETTLED
TXN-60312,ACC-1007,112161.76,2026-08-12,SETTLED
TXN-85795,ACC-1209,299466.98,2026-08-16,SETTLED
TXN-57311,ACC-1230,144648.33,2026-07-22,PROCESSING
TXN-69218,ACC-1334,345755.03,2026-08-26,PROCESSING
TXN-66629,ACC-1242,388276.99,2026-07-19,SETTLED
TXN-10272,ACC-1257,41840.19,2026-08-20,SETTLED
TXN-25554,ACC-1262,253066.73,2026-07-15,PROCESSING
TXN-83409,ACC-1000,446961.91,2026-08-25,PENDING
TXN-37425,ACC-1091,77748.53,2026-07-04,PROCESSING
TXN-52371,ACC-1289,179809.70,2026-06-30,PROCESSING
TXN-82540,ACC-1026,423269.99,2026-08-03,SETTLED
TXN-66108,ACC-1310,379705.18,2026-08-10,SETTLED
TXN-63829,ACC-1013,188282.01,2026-07-03,SETTLED
TXN-69685,ACC-1102,23502.96,2026-07-13,SETTLED
TXN-79583,ACC-1249,445277.16,2026-08-23,SETTLED
TXN-55770,ACC-1286,251781.89,2026-07-15,SETTLED
TXN-50484,ACC-1111,490962.56,2026-07-04,SETTLED
TXN-54800,ACC-1259,14889.67,2026-07-01,PROCESSING
TXN-58722,ACC-1395,14523.24,2026-08-17,SETTLED
TXN-22366,ACC-1028,410491.84,2026-08-10,PROCESSING
TXN-03904,ACC-1150,250211.36,2026-07-15,SETTLED
TXN-73640,ACC-1061,141832.59,2026-08-08,SETTLED
TXN-37501,ACC-1378,347802.79,2026-07-13,PROCESSING
TXN-22139,ACC-1092,229559.26,2026-07-25,PROCESSING
TXN-35169,ACC-1284,20067.83,2026-08-09,SETTLED
TXN-71837,ACC-1201,293904.73,2026-08-19,PROCESSING
TXN-63276,ACC-1218,82391.47,2026-07-05,PROCESSING
TXN-93473,ACC-1358,434782.53,2026-07-12,SETTLED
TXN-89548,ACC-1326,489362.78,2026-07-30,PENDING
TXN-63795,ACC-1079,62276.15,2026-07-05,SETTLED
TXN-29806,ACC-1304,467326.40,2026-07-17,PROCESSING
TXN-37696,ACC-1355,298126.64,2026-07-21,SETTLED
TXN-76799,ACC-1180,116808.87,2026-08-13,SETTLED
TXN-38687,ACC-1113,385941.48,2026-08-24,PENDING
TXN-36963,ACC-1312,236707.98,2026-07-06,SETTLED
TXN-07195,ACC-1201,127307.92,2026-07-04,PENDING
TXN-97952,ACC-1317,183405.53,2026-08-26,SETTLED
TXN-15713,ACC-1000,439618.70,2026-07-21,SETTLED
TXN-28708,ACC-1146,35550.31,2026-07-04,SETTLED
TXN-80932,ACC-1122,286435.05,2026-07-29,SETTLED
TXN-58851,ACC-1167,499179.49,2026-07-11,SETTLED
TXN-43579,ACC-1399,291937.03,2026-07-03,PROCESSING
TXN-85900,ACC-1102,333966.16,2026-08-24,PROCESSING
TXN-66631,ACC-1213,347728.13,2026-07-07,SETTLED
TXN-73906,ACC-1341,293215.82,2026-07-17,SETTLED
TXN-18996,ACC-1294,37627.79,2026-08-13,PENDING
TXN-08324,ACC-1196,311365.27,2026-07-05,SETTLED
TXN-96384,ACC-1192,480774.25,2026-07-15,SETTLED
TXN-29800,ACC-1118,293822.12,2026-07-17,PROCESSING
TXN-05473,ACC-1294,29723.15,2026-07-23,SETTLED
TXN-38228,ACC-1256,351323.48,2026-07-04,SETTLED
TXN-73136,ACC-1119,315854.51,2026-07-11,SETTLED
TXN-21660,ACC-1265,297653.62,2026-07-11,PENDING
TXN-82734,ACC-1181,66363.54,2026-07-19,SETTLED
TXN-18218,ACC-1314,247303.54,2026-08-16,SETTLED
TXN-79973,ACC-1269,199284.34,2026-08-01,PENDING
TXN-52245,ACC-1045,230079.08,2026-07-14,SETTLED
TXN-83054,ACC-1160,148688.39,2026-07-11,SETTLED
TXN-43059,ACC-1248,320445.67,2026-07-01,SETTLED
TXN-14658,ACC-1363,200783.55,2026-07-18,SETTLED
TXN-42902,ACC-1280,18135.44,2026-07-11,SETTLED
TXN-79967,ACC-1254,467207.48,2026-07-02,PROCESSING
TXN-68602,ACC-1027,391567.71,2026-08-26,SETTLED
TXN-81685,ACC-1322,99068.04,2026-07-10,PENDING
TXN-29937,ACC-1272,184628.07,2026-08-01,PENDING
TXN-20531,ACC-1276,233100.72,2026-08-25,PROCESSING
TXN-30756,ACC-1046,128728.05,2026-08-18,SETTLED
TXN-33882,ACC-1060,486337.17,2026-08-26,PENDING
TXN-95198,ACC-1166,292555.69,2026-08-11,SETTLED
TXN-26005,ACC-1192,296901.07,2026-08-23,SETTLED
TXN-39773,ACC-1343,239710.14,2026-07-08,SETTLED
TXN-65320,ACC-1342,285036.76,2026-07-04,PROCESSING
TXN-38541,ACC-1297,73641.92,2026-07-22,SETTLED
TXN-79101,ACC-1268,50731.56,2026-07-18,SETTLED
TXN-08811,ACC-1374,190079.63,2026-08-21,PROCESSING
TXN-36368,ACC-1341,180822.90,2026-07-06,SETTLED
TXN-47925,ACC-1323,33527.09,2026-07-18,SETTLED
TXN-49402,ACC-1178,374366.13,2026-08-08,SETTLED
TXN-89029,ACC-1014,158042.85,2026-07-04,SETTLED
TXN-46484,ACC-1146,361620.43,2026-07-14,SETTLED
TXN-50569,ACC-1043,345827.18,2026-08-03,PENDING
TXN-15301,ACC-1209,177792.67,2026-07-25,PROCESSING
TXN-06652,ACC-1300,387731.46,2026-07-01,PROCESSING
TXN-75324,ACC-1130,17102.66,2026-08-04,PENDING
TXN-78801,ACC-1373,134280.73,2026-08-21,PROCESSING
TXN-50876,ACC-1276,414848.95,2026-08-02,PROCESSING
TXN-13627,ACC-1249,455268.11,2026-07-08,PROCESSING
TXN-30768,ACC-1326,112800.54,2026-08-18,SETTLED
TXN-48923,ACC-1080,65595.42,2026-08-28,SETTLED
TXN-58721,ACC-1343,429772.10,2026-08-08,PROCESSING
TXN-57860,ACC-1314,136860.05,2026-08-21,PROCESSING
TXN-29002,ACC-1061,419429.89,2026-08-06,SETTLED
TXN-05396,ACC-1164,334022.33,2026-08-23,PROCESSING
TXN-83802,ACC-1270,381002.31,2026-08-03,PENDING
TXN-46506,ACC-1072,110846.82,2026-07-15,SETTLED
TXN-61268,ACC-1274,44821.69,2026-07-20,SETTLED
TXN-01362,ACC-1072,356615.65,2026-08-28,SETTLED
TXN-07316,ACC-1220,48921.98,2026-08-12,SETTLED
TXN-50891,ACC-1025,157823.66,2026-08-25,SETTLED
TXN-38539,ACC-1201,273504.66,2026-08-21,PENDING
TXN-69947,ACC-1332,412370.75,2026-07-09,SETTLED
TXN-65680,ACC-1079,244553.13,2026-07-04,PROCESSING
TXN-68451,ACC-1291,313166.91,2026-07-24,SETTLED
TXN-83178,ACC-1292,347300.30,2026-08-12,PENDING
TXN-12684,ACC-1028,399399.72,2026-07-12,SETTLED
TXN-93139,ACC-1365,260450.95,2026-07-08,PROCESSING
TXN-75893,ACC-1295,426979.54,2026-08-05,SETTLED
TXN-86260,ACC-1092,446447.94,2026-07-11,PROCESSING
TXN-08803,ACC-1116,378949.64,2026-07-15,PENDING
TXN-50179,ACC-1195,227670.44,2026-08-26,PROCESSING
TXN-34245,ACC-1335,210575.07,2026-08-03,PENDING
TXN-17582,ACC-1019,20413.22,2026-08-19,PENDING
TXN-25062,ACC-1091,293395.56,2026-07-12,PENDING
TXN-58727,ACC-1251,17316.04,2026-08-10,PROCESSING
TXN-82158,ACC-1098,176584.59,2026-08-06,SETTLED
TXN-64925,ACC-1138,63169.13,2026-08-05,SETTLED
TXN-34481,ACC-1245,301544.69,2026-07-16,PROCESSING
TXN-26914,ACC-1251,199705.15,2026-07-22,PROCESSING
TXN-23017,ACC-1124,444602.85,2026-07-14,PROCESSING
TXN-99479,ACC-1392,307108.44,2026-07-01,PROCESSING
TXN-97725,ACC-1183,97634.96,2026-07-23,PROCESSING
TXN-29659,ACC-1157,191230.63,2026-07-02,SETTLED
TXN-25989,ACC-1145,248537.49,2026-07-31,SETTLED
TXN-05993,ACC-1053,176683.89,2026-08-10,SETTLED
TXN-31201,ACC-1100,314646.61,2026-08-16,SETTLED
TXN-47330,ACC-1348,152247.60,2026-07-15,SETTLED
TXN-88160,ACC-1313,22896.66,2026-08-18,PROCESSING
TXN-65134,ACC-1014,495702.78,2026-07-23,SETTLED
TXN-38591,ACC-1155,104485.49,2026-07-24,SETTLED
TXN-05153,ACC-1074,384935.44,2026-07-03,SETTLED
TXN-74759,ACC-1132,252995.27,2026-08-25,SETTLED
TXN-25926,ACC-1184,302796.97,2026-08-19,SETTLED
TXN-67386,ACC-1177,195513.19,2026-08-21,SETTLED
TXN-85265,ACC-1233,441238.80,2026-07-22,SETTLED
TXN-18026,ACC-1383,212615.83,2026-07-25,SETTLED
TXN-49079,ACC-1237,189163.04,2026-08-27,PENDING
TXN-15719,ACC-1027,287480.21,2026-08-05,SETTLED
TXN-84663,ACC-1002,258888.41,2026-07-03,SETTLED
TXN-36559,ACC-1266,266131.60,2026-07-15,PROCESSING
TXN-30572,ACC-1004,217250.72,2026-07-09,SETTLED
TXN-69568,ACC-1120,388369.83,2026-08-17,PROCESSING
TXN-99889,ACC-1065,495456.15,2026-07-30,PROCESSING
TXN-27932,ACC-1351,310153.08,2026-07-14,PROCESSING
TXN-81039,ACC-1346,44520.59,2026-08-01,SETTLED
TXN-49144,ACC-1100,470863.63,2026-08-08,SETTLED
TXN-81220,ACC-1285,372704.73,2026-08-23,SETTLED
TXN-84460,ACC-1049,99229.33,2026-07-22,PROCESSING
TXN-05525,ACC-1086,255396.63,2026-08-23,PENDING
TXN-86714,ACC-1012,16636.41,2026-08-16,PROCESSING
TXN-72746,ACC-1241,428649.29,2026-07-07,SETTLED
TXN-39126,ACC-1137,114424.57,2026-08-16,SETTLED
TXN-50248,ACC-1181,393444.03,2026-07-16,SETTLED
TXN-23242,ACC-1032,206755.09,2026-07-27,PROCESSING
TXN-27153,ACC-1258,378489.17,2026-08-18,PROCESSING
TXN-52071,ACC-1312,488268.00,2026-08-01,PENDING
TXN-83460,ACC-1370,61859.89,2026-08-06,SETTLED
TXN-25540,ACC-1164,136381.88,2026-07-21,PROCESSING
TXN-28439,ACC-1039,62259.27,2026-07-12,PROCESSING
TXN-35985,ACC-1007,309643.91,2026-08-24,SETTLED
TXN-34911,ACC-1223,410136.33,2026-07-04,SETTLED
TXN-92262,ACC-1370,388999.01,2026-07-24,PROCESSING
TXN-55063,ACC-1335,482397.05,2026-07-22,SETTLED
TXN-84023,ACC-1366,63229.05,2026-07-28,SETTLED
TXN-27481,ACC-1153,482315.05,2026-08-23,SETTLED
TXN-40199,ACC-1121,278123.76,2026-08-11,SETTLED
TXN-56774,ACC-1054,393017.81,2026-08-24,SETTLED
TXN-55593,ACC-1323,145316.49,2026-07-02,PENDING
TXN-77744,ACC-1393,460446.63,2026-08-17,SETTLED
TXN-21340,ACC-1313,475231.71,2026-07-07,PROCESSING
TXN-20470,ACC-1028,35024.33,2026-07-05,SETTLED
TXN-42443,ACC-1020,167525.24,2026-08-16,SETTLED
TXN-03450,ACC-1317,217079.79,2026-08-21,PENDING
TXN-67011,ACC-1251,226161.74,2026-08-24,PROCESSING
TXN-67498,ACC-1214,294586.66,2026-08-03,PROCESSING
TXN-06774,ACC-1101,34455.71,2026-08-01,SETTLED
TXN-90707,ACC-1216,92403.57,2026-08-26,PROCESSING
TXN-10489,ACC-1344,130588.12,2026-07-21,SETTLED
TXN-43950,ACC-1366,455846.13,2026-07-17,SETTLED
TXN-79225,ACC-1189,126698.74,2026-07-22,SETTLED
TXN-59913,ACC-1386,324710.22,2026-07-21,SETTLED
TXN-43728,ACC-1281,86865.27,2026-07-09,PENDING
TXN-46679,ACC-1029,355844.40,2026-07-22,SETTLED
TXN-87666,ACC-1287,411680.24,2026-08-28,SETTLED
TXN-85554,ACC-1060,227592.62,2026-07-20,SETTLED
TXN-65296,ACC-1284,270493.62,2026-07-14,SETTLED
TXN-34519,ACC-1021,122407.00,2026-08-08,SETTLED
TXN-14345,ACC-1013,478473.98,2026-08-01,SETTLED
TXN-63893,ACC-1201,24336.16,2026-08-18,PROCESSING
TXN-70462,ACC-1160,167205.37,2026-08-16,PROCESSING
TXN-21165,ACC-1143,340854.74,2026-07-11,SETTLED
TXN-52132,ACC-1003,488186.20,2026-07-27,PENDING
TXN-94351,ACC-1317,473621.24,2026-08-17,SETTLED
TXN-98798,ACC-1239,127565.89,2026-08-01,SETTLED
TXN-69946,ACC-1127,349403.28,2026-08-26,PENDING
TXN-93903,ACC-1061,357505.63,2026-07-21,SETTLED
TXN-38007,ACC-1180,418480.40,2026-07-24,SETTLED
TXN-69208,ACC-1181,332938.60,2026-08-14,SETTLED
TXN-66815,ACC-1055,86987.70,2026-07-07,SETTLED
TXN-02700,ACC-1114,16146.72,2026-07-26,SETTLED
TXN-84706,ACC-1192,104120.04,2026-08-11,PROCESSING
TXN-51748,ACC-1058,45985.61,2026-07-12,SETTLED
TXN-97197,ACC-1010,71587.19,2026-07-31,SETTLED
TXN-94820,ACC-1169,325293.96,2026-07-10,SETTLED
TXN-58755,ACC-1399,90366.73,2026-08-24,PROCESSING
TXN-56117,ACC-1162,268108.22,2026-08-10,SETTLED
TXN-46740,ACC-1198,60628.01,2026-08-19,SETTLED
TXN-06308,ACC-1097,451727.02,2026-07-25,SETTLED
TXN-40633,ACC-1278,330228.45,2026-08-11,SETTLED
TXN-53112,ACC-1152,265104.41,2026-08-20,SETTLED
TXN-22778,ACC-1268,459931.09,2026-08-29,PROCESSING
TXN-10148,ACC-1169,226712.18,2026-07-01,SETTLED
TXN-75302,ACC-1338,435069.17,2026-08-05,SETTLED
TXN-03269,ACC-1121,290152.73,2026-08-03,PENDING
TXN-66253,ACC-1053,392044.49,2026-07-13,SETTLED
TXN-91478,ACC-1001,75674.10,2026-07-26,PENDING
TXN-74965,ACC-1372,472349.68,2026-07-09,SETTLED
TXN-54981,ACC-1162,392184.89,2026-08-18,SETTLED
TXN-01297,ACC-1200,259498.50,2026-08-01,PENDING
TXN-21426,ACC-1321,30538.83,2026-07-26,SETTLED
TXN-97055,ACC-1200,349520.52,2026-08-16,SETTLED
TXN-60334,ACC-1245,393342.23,2026-07-10,PROCESSING
TXN-41220,ACC-1257,411600.90,2026-07-22,PROCESSING
TXN-12556,ACC-1075,26440.15,2026-08-07,SETTLED
TXN-35310,ACC-1047,123457.94,2026-07-01,PENDING
TXN-58228,ACC-1088,496923.28,2026-08-18,PROCESSING
TXN-80450,ACC-1049,92533.12,2026-08-24,SETTLED
TXN-23222,ACC-1145,119805.79,2026-07-20,SETTLED
TXN-47834,ACC-1317,170436.23,2026-07-09,PENDING
TXN-66309,ACC-1280,463938.13,2026-08-26,SETTLED
TXN-88229,ACC-1267,136183.90,2026-07-12,PENDING
TXN-47467,ACC-1039,403436.81,2026-08-02,SETTLED
TXN-70557,ACC-1084,316462.58,2026-07-05,PENDING
TXN-42099,ACC-1032,88579.34,2026-07-05,SETTLED
TXN-78810,ACC-1387,72677.57,2026-07-26,SETTLED
TXN-94111,ACC-1251,384820.68,2026-08-14,PROCESSING
TXN-13732,ACC-1235,407006.67,2026-07-28,SETTLED
TXN-23301,ACC-1259,287613.36,2026-07-16,SETTLED
TXN-11597,ACC-1390,325050.96,2026-07-24,PROCESSING
TXN-35117,ACC-1007,352889.36,2026-08-19,SETTLED
TXN-21100,ACC-1023,283465.32,2026-08-16,SETTLED
TXN-89571,ACC-1338,460664.39,2026-07-31,PENDING
TXN-40859,ACC-1337,283174.82,2026-08-24,SETTLED
TXN-69016,ACC-1240,349843.05,2026-08-18,SETTLED
TXN-33314,ACC-1155,394859.54,2026-08-09,SETTLED
TXN-61823,ACC-1011,285987.72,2026-08-06,SETTLED
TXN-44658,ACC-1062,35144.99,2026-08-12,SETTLED
TXN-97044,ACC-1002,174840.43,2026-07-26,PROCESSING
TXN-12709,ACC-1289,86160.87,2026-08-22,SETTLED
TXN-44299,ACC-1012,338187.18,2026-07-07,SETTLED
TXN-90042,ACC-1373,460616.54,2026-07-13,PENDING
TXN-65433,ACC-1211,336140.42,2026-07-09,SETTLED
TXN-13688,ACC-1359,407562.57,2026-07-24,SETTLED
TXN-77152,ACC-1102,151051.15,2026-08-07,SETTLED
TXN-04857,ACC-1040,119330.87,2026-07-11,SETTLED
TXN-74788,ACC-1256,54963.40,2026-07-22,SETTLED
TXN-80906,ACC-1346,384888.74,2026-07-18,SETTLED
TXN-25451,ACC-1232,402858.93,2026-07-09,SETTLED
TXN-92269,ACC-1359,349270.23,2026-08-19,SETTLED
TXN-07095,ACC-1161,188230.58,2026-07-28,PROCESSING
TXN-96266,ACC-1239,67153.92,2026-07-09,SETTLED
TXN-17200,ACC-1186,6517.91,2026-07-08,SETTLED
TXN-74052,ACC-1075,143765.60,2026-08-23,SETTLED
TXN-27806,ACC-1265,245900.43,2026-07-05,SETTLED
TXN-53155,ACC-1166,156206.18,2026-07-10,PROCESSING
TXN-83240,ACC-1288,88922.53,2026-07-21,PENDING
TXN-38759,ACC-1344,101592.78,2026-08-03,SETTLED
TXN-99483,ACC-1085,300393.70,2026-08-19,SETTLED
TXN-87347,ACC-1368,474366.30,2026-07-25,SETTLED
TXN-95894,ACC-1180,140884.76,2026-08-06,PENDING
TXN-15402,ACC-1309,298233.68,2026-07-31,SETTLED
TXN-40571,ACC-1220,107500.22,2026-07-27,PENDING
TXN-66474,ACC-1191,406952.50,2026-07-08,SETTLED
TXN-49848,ACC-1338,8922.00,2026-08-20,SETTLED
TXN-65546,ACC-1350,393834.69,2026-07-22,PENDING
TXN-33614,ACC-1333,233491.28,2026-08-19,PROCESSING
TXN-09268,ACC-1193,343634.57,2026-07-11,PROCESSING
TXN-97406,ACC-1080,273175.99,2026-08-05,SETTLED
TXN-44562,ACC-1293,256028.42,2026-07-04,PROCESSING
TXN-88620,ACC-1167,313804.74,2026-08-12,SETTLED
TXN-61307,ACC-1214,68241.81,2026-07-24,PENDING
TXN-61028,ACC-1156,498189.21,2026-08-15,SETTLED
TXN-01645,ACC-1058,10210.96,2026-08-20,SETTLED
TXN-22417,ACC-1367,467035.31,2026-06-30,SETTLED
TXN-10594,ACC-1054,392733.98,2026-08-17,SETTLED
TXN-71539,ACC-1379,59564.78,2026-08-25,SETTLED
TXN-66141,ACC-1071,197530.93,2026-08-14,SETTLED
TXN-05936,ACC-1306,271514.28,2026-08-03,PROCESSING
TXN-61957,ACC-1152,298040.37,2026-08-02,SETTLED
TXN-68145,ACC-1271,205259.11,2026-08-17,SETTLED
TXN-47226,ACC-1376,258506.13,2026-07-05,SETTLED
TXN-94199,ACC-1350,123661.46,2026-07-24,SETTLED
TXN-44220,ACC-1093,88324.66,2026-07-02,SETTLED
TXN-61860,ACC-1307,12112.78,2026-08-17,PENDING
TXN-43484,ACC-1394,330541.16,2026-08-04,SETTLED
TXN-48975,ACC-1162,212651.64,2026-08-26,SETTLED
TXN-51483,ACC-1388,122604.16,2026-07-10,PENDING
TXN-26568,ACC-1155,350941.59,2026-08-13,SETTLED
TXN-25169,ACC-1370,376900.19,2026-07-18,SETTLED
TXN-69105,ACC-1385,310161.21,2026-08-10,SETTLED
TXN-33340,ACC-1331,37729.10,2026-08-25,SETTLED
TXN-34011,ACC-1210,224296.33,2026-07-21,PROCESSING
TXN-07408,ACC-1326,27162.03,2026-08-06,SETTLED
TXN-68370,ACC-1324,432663.35,2026-08-15,SETTLED
TXN-52070,ACC-1209,388336.76,2026-07-10,PENDING
TXN-71681,ACC-1045,433381.97,2026-08-23,PENDING
TXN-31075,ACC-1284,233239.59,2026-08-27,SETTLED
TXN-14676,ACC-1010,339861.07,2026-08-10,SETTLED
TXN-84764,ACC-1219,134509.07,2026-07-12,SETTLED
TXN-44030,ACC-1117,267978.51,2026-07-25,PROCESSING
TXN-37813,ACC-1077,74732.97,2026-08-10,SETTLED
TXN-79084,ACC-1033,475284.16,2026-07-14,SETTLED
TXN-03756,ACC-1377,316693.65,2026-07-06,SETTLED
TXN-27640,ACC-1292,27624.12,2026-07-19,PENDING
TXN-78814,ACC-1173,318857.79,2026-07-19,SETTLED
TXN-71149,ACC-1166,255703.19,2026-08-08,SETTLED
TXN-82692,ACC-1056,218443.70,2026-08-23,PROCESSING
TXN-08238,ACC-1308,359396.96,2026-07-03,SETTLED
TXN-93963,ACC-1182,23905.77,2026-08-29,SETTLED
TXN-31946,ACC-1337,338831.03,2026-07-07,SETTLED
TXN-64266,ACC-1052,170749.68,2026-07-21,PENDING
TXN-33042,ACC-1012,342866.25,2026-08-29,SETTLED
TXN-98839,ACC-1012,355114.55,2026-07-15,SETTLED
TXN-55310,ACC-1365,355289.69,2026-08-11,PROCESSING
TXN-30831,ACC-1321,471071.08,2026-08-22,SETTLED
TXN-80614,ACC-1314,420259.08,2026-07-26,PENDING
TXN-04176,ACC-1290,32236.85,2026-07-17,PENDING
TXN-51005,ACC-1119,466581.17,2026-07-04,SETTLED
TXN-50490,ACC-1303,121323.14,2026-08-07,PENDING
TXN-04671,ACC-1340,415127.36,2026-07-28,SETTLED
TXN-28878,ACC-1397,111368.13,2026-08-29,PENDING
TXN-24981,ACC-1051,420673.90,2026-08-24,SETTLED
TXN-01282,ACC-1011,307325.19,2026-07-15,SETTLED
TXN-46589,ACC-1145,296425.60,2026-07-04,SETTLED
TXN-23731,ACC-1035,271835.24,2026-08-16,SETTLED
TXN-28099,ACC-1058,35319.51,2026-07-05,PROCESSING
TXN-99115,ACC-1013,220741.91,2026-07-03,SETTLED
TXN-91911,ACC-1290,53736.69,2026-07-15,PROCESSING
TXN-56753,ACC-1391,461566.53,2026-08-08,SETTLED
TXN-36790,ACC-1212,498313.62,2026-08-26,SETTLED
TXN-33968,ACC-1255,19010.31,2026-08-04,PROCESSING
TXN-10718,ACC-1193,243095.55,2026-08-29,SETTLED
TXN-74479,ACC-1166,355061.67,2026-07-21,SETTLED
TXN-16304,ACC-1066,240049.31,2026-08-23,SETTLED
TXN-68622,ACC-1246,125108.07,2026-07-10,SETTLED
TXN-35176,ACC-1203,271781.68,2026-08-09,PENDING
TXN-70210,ACC-1329,249694.75,2026-07-12,SETTLED
TXN-10025,ACC-1030,393988.58,2026-07-13,SETTLED
TXN-18855,ACC-1257,298691.97,2026-08-25,SETTLED
TXN-84513,ACC-1338,346560.97,2026-07-09,SETTLED
TXN-29092,ACC-1119,41462.12,2026-07-28,SETTLED
TXN-19750,ACC-1190,67728.10,2026-08-09,SETTLED
TXN-07712,ACC-1234,192508.85,2026-07-29,PROCESSING
TXN-02309,ACC-1224,307092.86,2026-06-30,SETTLED
TXN-21190,ACC-1164,450601.24,2026-08-10,SETTLED
TXN-89642,ACC-1041,214583.46,2026-07-13,SETTLED
TXN-11688,ACC-1305,448606.87,2026-08-24,SETTLED
TXN-48363,ACC-1106,147832.01,2026-07-20,SETTLED
TXN-25997,ACC-1074,384854.17,2026-08-21,SETTLED
TXN-51478,ACC-1308,385414.79,2026-08-03,PENDING
TXN-66953,ACC-1299,395181.55,2026-07-24,SETTLED
TXN-24683,ACC-1210,260574.52,2026-07-21,PROCESSING
TXN-27434,ACC-1005,30174.73,2026-07-31,PROCESSING
TXN-06058,ACC-1089,254080.50,2026-07-01,SETTLED
TXN-96375,ACC-1204,411771.16,2026-08-29,SETTLED
TXN-43402,ACC-1058,382915.17,2026-07-29,PROCESSING
TXN-82885,ACC-1363,323057.42,2026-08-12,PENDING
TXN-62324,ACC-1021,148570.24,2026-07-24,SETTLED
TXN-31373,ACC-1021,109351.01,2026-08-14,SETTLED
TXN-97271,ACC-1048,6391.16,2026-08-25,SETTLED
TXN-04782,ACC-1037,187960.75,2026-07-29,PENDING
TXN-74649,ACC-1246,31858.11,2026-07-26,SETTLED
TXN-19422,ACC-1006,465812.46,2026-07-18,SETTLED
TXN-69267,ACC-1259,156330.68,2026-07-02,SETTLED
TXN-30467,ACC-1258,94524.22,2026-08-13,SETTLED
TXN-08987,ACC-1193,11771.65,2026-07-07,PENDING
TXN-21936,ACC-1317,148380.57,2026-08-15,SETTLED
TXN-36655,ACC-1012,64055.68,2026-08-17,SETTLED
TXN-84924,ACC-1077,395643.71,2026-07-10,SETTLED
TXN-29104,ACC-1100,287186.56,2026-07-20,SETTLED
TXN-58195,ACC-1332,177016.67,2026-08-26,SETTLED
TXN-07882,ACC-1191,228214.40,2026-08-15,SETTLED
TXN-09763,ACC-1391,282218.90,2026-07-02,SETTLED
TXN-39783,ACC-1248,84361.27,2026-07-31,PROCESSING
TXN-60040,ACC-1037,69742.81,2026-08-22,PROCESSING
TXN-76764,ACC-1199,455425.33,2026-07-15,SETTLED
TXN-78898,ACC-1327,416399.25,2026-07-16,SETTLED
TXN-48206,ACC-1118,412454.65,2026-07-02,SETTLED
TXN-46159,ACC-1164,330173.87,2026-08-11,PROCESSING
TXN-51091,ACC-1194,28814.97,2026-08-05,SETTLED
TXN-89750,ACC-1031,226597.09,2026-08-02,SETTLED
TXN-34027,ACC-1136,245034.86,2026-08-20,SETTLED
TXN-32313,ACC-1107,148194.97,2026-07-13,SETTLED
TXN-06079,ACC-1328,410438.81,2026-07-25,SETTLED
TXN-23194,ACC-1134,265822.14,2026-08-11,PROCESSING
TXN-84718,ACC-1233,173760.21,2026-07-17,SETTLED
TXN-85103,ACC-1250,300073.55,2026-07-07,SETTLED
TXN-45763,ACC-1012,160278.76,2026-07-28,SETTLED
TXN-86306,ACC-1075,214024.39,2026-07-23,SETTLED
TXN-69748,ACC-1325,122910.51,2026-08-26,SETTLED
TXN-44519,ACC-1118,485340.69,2026-07-03,SETTLED
TXN-50819,ACC-1036,222318.75,2026-07-03,PROCESSING
TXN-20589,ACC-1266,317623.07,2026-07-08,PENDING
TXN-09872,ACC-1046,375830.06,2026-07-21,SETTLED
TXN-57036,ACC-1319,92880.11,2026-07-25,SETTLED
TXN-41702,ACC-1366,369288.81,2026-08-15,SETTLED
TXN-94040,ACC-1273,169513.16,2026-07-14,PENDING
TXN-03111,ACC-1192,412952.14,2026-08-15,SETTLED
TXN-54160,ACC-1162,62530.07,2026-08-02,PENDING
TXN-49180,ACC-1039,349647.78,2026-07-08,SETTLED
TXN-20513,ACC-1177,50325.97,2026-07-19,SETTLED
TXN-26808,ACC-1110,260017.99,2026-07-01,SETTLED
TXN-67165,ACC-1084,210554.76,2026-07-21,SETTLED
TXN-81601,ACC-1194,382822.59,2026-07-28,PROCESSING
TXN-80548,ACC-1117,409228.14,2026-07-14,PROCESSING
TXN-17413,ACC-1314,196350.69,2026-08-26,SETTLED
TXN-15063,ACC-1076,491565.05,2026-07-14,SETTLED
TXN-15295,ACC-1279,274733.48,2026-07-04,SETTLED
TXN-94502,ACC-1074,193125.19,2026-07-17,SETTLED
TXN-23609,ACC-1348,302681.25,2026-07-13,SETTLED
TXN-30238,ACC-1258,253016.91,2026-08-24,SETTLED
TXN-49821,ACC-1257,203590.27,2026-08-11,SETTLED
TXN-34279,ACC-1313,152812.32,2026-07-28,SETTLED
TXN-10619,ACC-1039,266635.29,2026-07-09,SETTLED
TXN-65704,ACC-1304,307407.64,2026-07-20,SETTLED
TXN-50924,ACC-1273,7939.25,2026-07-11,SETTLED
TXN-93251,ACC-1200,212571.26,2026-07-01,SETTLED
TXN-56133,ACC-1130,181977.92,2026-07-27,PENDING
TXN-83962,ACC-1004,492648.48,2026-06-30,PENDING
TXN-66623,ACC-1218,57150.67,2026-07-27,SETTLED
TXN-43037,ACC-1026,18489.31,2026-08-24,SETTLED
TXN-07503,ACC-1211,160304.57,2026-08-20,SETTLED
TXN-60052,ACC-1004,36390.69,2026-08-17,SETTLED
TXN-60361,ACC-1228,199967.61,2026-08-23,SETTLED
TXN-01799,ACC-1207,158266.32,2026-08-01,SETTLED
TXN-52379,ACC-1350,405757.16,2026-07-23,PROCESSING
TXN-22644,ACC-1182,194042.40,2026-08-12,SETTLED
TXN-86384,ACC-1051,360701.15,2026-08-21,PROCESSING
TXN-99159,ACC-1308,267167.40,2026-08-16,SETTLED
TXN-75557,ACC-1128,410020.38,2026-08-13,SETTLED
TXN-33090,ACC-1018,51862.11,2026-07-02,PROCESSING
TXN-08623,ACC-1128,93439.20,2026-07-04,SETTLED
TXN-55323,ACC-1119,202758.27,2026-07-03,SETTLED
TXN-55096,ACC-1166,449665.82,2026-07-09,SETTLED
TXN-72476,ACC-1181,122912.71,2026-08-27,PENDING
TXN-94163,ACC-1134,325284.08,2026-08-28,PROCESSING
TXN-40141,ACC-1014,149104.54,2026-08-15,SETTLED
TXN-93242,ACC-1017,387205.67,2026-08-19,SETTLED
TXN-40153,ACC-1312,27364.20,2026-08-01,SETTLED
TXN-54190,ACC-1150,351661.40,2026-07-30,SETTLED
TXN-29397,ACC-1305,48454.61,2026-08-23,SETTLED
TXN-14375,ACC-1176,284407.60,2026-08-25,PENDING
TXN-48343,ACC-1259,485205.33,2026-08-03,PROCESSING
TXN-14450,ACC-1355,56070.51,2026-08-20,PROCESSING
TXN-22960,ACC-1154,239152.18,2026-08-24,SETTLED
TXN-22807,ACC-1231,60245.08,2026-07-22,SETTLED
TXN-84886,ACC-1250,89677.44,2026-08-10,SETTLED
TXN-13323,ACC-1309,413672.85,2026-07-15,SETTLED
TXN-51119,ACC-1275,422358.39,2026-07-08,SETTLED
TXN-49345,ACC-1119,109511.01,2026-08-02,SETTLED
TXN-68186,ACC-1176,482731.56,2026-07-21,SETTLED
TXN-20236,ACC-1394,201539.65,2026-08-14,SETTLED
TXN-92167,ACC-1175,69840.92,2026-08-21,SETTLED
TXN-89253,ACC-1357,454699.84,2026-07-02,SETTLED
TXN-07744,ACC-1227,312103.92,2026-08-23,PENDING
TXN-84643,ACC-1250,231208.02,2026-07-18,SETTLED
TXN-47172,ACC-1017,48242.80,2026-08-18,PROCESSING
TXN-10496,ACC-1023,277769.54,2026-07-11,PENDING
TXN-59381,ACC-1175,347021.35,2026-08-01,SETTLED
TXN-72260,ACC-1332,297393.85,2026-07-26,PROCESSING
TXN-93491,ACC-1364,300236.30,2026-08-14,SETTLED
TXN-84274,ACC-1360,349438.15,2026-08-24,PROCESSING
TXN-31842,ACC-1261,288133.89,2026-07-25,SETTLED
TXN-79990,ACC-1185,154649.08,2026-08-06,SETTLED
TXN-63315,ACC-1346,165432.96,2026-08-04,SETTLED
TXN-98867,ACC-1010,372140.01,2026-08-05,SETTLED
TXN-25168,ACC-1323,174074.51,2026-08-10,SETTLED
TXN-96763,ACC-1070,439532.63,2026-08-29,SETTLED
TXN-47055,ACC-1261,277008.83,2026-08-08,SETTLED
TXN-89984,ACC-1294,39222.10,2026-07-29,PENDING
TXN-23440,ACC-1091,252014.72,2026-08-09,SETTLED
TXN-45073,ACC-1391,387280.05,2026-07-16,SETTLED
TXN-47079,ACC-1341,209437.09,2026-08-20,PROCESSING
TXN-76006,ACC-1274,451261.86,2026-07-05,SETTLED
TXN-41490,ACC-1168,11022.14,2026-08-14,PROCESSING
TXN-02779,ACC-1200,163309.83,2026-08-17,SETTLED
TXN-22265,ACC-1066,101912.20,2026-07-25,SETTLED
TXN-04947,ACC-1265,347574.77,2026-08-20,SETTLED
TXN-91172,ACC-1292,136103.06,2026-07-27,SETTLED
TXN-67796,ACC-1151,141691.67,2026-08-02,PENDING
TXN-96029,ACC-1387,82465.06,2026-07-11,SETTLED
TXN-66285,ACC-1137,429265.33,2026-08-18,SETTLED
TXN-32357,ACC-1172,498634.83,2026-07-29,PENDING
TXN-38039,ACC-1299,236815.94,2026-08-01,SETTLED
TXN-11661,ACC-1393,48242.39,2026-08-14,PENDING
TXN-80653,ACC-1313,474289.14,2026-07-08,PENDING
TXN-99111,ACC-1045,58293.14,2026-07-28,SETTLED
TXN-59763,ACC-1261,497616.15,2026-07-11,PENDING
TXN-40023,ACC-1390,432799.72,2026-07-18,PROCESSING
TXN-44630,ACC-1113,431838.97,2026-07-26,SETTLED
TXN-35560,ACC-1234,141111.79,2026-07-27,SETTLED
TXN-82643,ACC-1392,488692.14,2026-07-31,SETTLED
TXN-21908,ACC-1311,27333.39,2026-07-01,SETTLED
TXN-83617,ACC-1043,331126.32,2026-08-08,SETTLED
TXN-09174,ACC-1162,440734.61,2026-08-02,PENDING
TXN-75580,ACC-1233,122282.17,2026-08-17,SETTLED
TXN-62062,ACC-1192,41112.90,2026-07-31,SETTLED
TXN-77966,ACC-1224,236573.62,2026-07-14,PROCESSING
TXN-87365,ACC-1366,352392.66,2026-07-14,SETTLED
TXN-74054,ACC-1322,168238.11,2026-07-19,PENDING
TXN-87061,ACC-1310,489217.92,2026-08-14,SETTLED
TXN-15049,ACC-1148,212727.40,2026-08-06,PENDING
TXN-56979,ACC-1243,376988.28,2026-07-12,SETTLED
TXN-76646,ACC-1178,13608.05,2026-08-21,PENDING
TXN-20778,ACC-1046,52077.20,2026-08-21,SETTLED
TXN-82332,ACC-1005,361328.88,2026-08-06,PROCESSING
TXN-57903,ACC-1338,488009.18,2026-08-16,SETTLED
TXN-21441,ACC-1364,263106.68,2026-08-19,SETTLED
TXN-78324,ACC-1394,37176.58,2026-07-11,SETTLED
TXN-39889,ACC-1326,78366.98,2026-07-02,PENDING
TXN-31351,ACC-1180,329674.40,2026-08-06,PENDING
TXN-09502,ACC-1075,190782.46,2026-07-31,SETTLED
TXN-98678,ACC-1222,285966.73,2026-07-02,SETTLED
TXN-12943,ACC-1146,496036.51,2026-08-17,SETTLED
TXN-18177,ACC-1387,70169.41,2026-08-19,PROCESSING
TXN-42324,ACC-1098,225474.28,2026-08-19,SETTLED
TXN-74632,ACC-1100,8956.35,2026-07-17,SETTLED
TXN-09279,ACC-1107,97322.75,2026-07-10,SETTLED
TXN-73907,ACC-1154,154944.58,2026-08-11,SETTLED
TXN-80378,ACC-1328,17290.51,2026-08-12,SETTLED
TXN-24369,ACC-1110,153477.87,2026-08-12,SETTLED
TXN-46203,ACC-1094,411100.56,2026-07-29,PENDING
TXN-89447,ACC-1309,422547.16,2026-07-28,SETTLED
TXN-44729,ACC-1252,80995.69,2026-08-18,SETTLED
TXN-61905,ACC-1395,124947.10,2026-08-13,SETTLED
TXN-82813,ACC-1229,87848.20,2026-08-28,SETTLED
TXN-44965,ACC-1272,397407.62,2026-08-13,SETTLED
TXN-75018,ACC-1122,476814.17,2026-07-29,SETTLED
TXN-88528,ACC-1074,320811.04,2026-07-08,SETTLED
TXN-26088,ACC-1172,340921.36,2026-07-24,PROCESSING
TXN-47811,ACC-1157,399930.80,2026-08-11,PROCESSING
TXN-51292,ACC-1083,374822.75,2026-07-29,SETTLED
TXN-95422,ACC-1295,196622.33,2026-08-06,PROCESSING
TXN-01469,ACC-1282,248713.96,2026-07-11,PENDING
TXN-12917,ACC-1382,469991.18,2026-07-17,PROCESSING
TXN-91740,ACC-1128,477445.05,2026-08-14,SETTLED
TXN-05747,ACC-1001,255685.81,2026-07-12,PENDING
TXN-16846,ACC-1224,51168.57,2026-08-02,SETTLED
TXN-71499,ACC-1112,171209.98,2026-07-22,PENDING
TXN-15158,ACC-1056,200161.53,2026-08-16,SETTLED
TXN-56551,ACC-1258,95999.43,2026-07-06,SETTLED
TXN-05100,ACC-1381,427039.97,2026-07-03,SETTLED
TXN-99866,ACC-1390,438734.11,2026-07-17,SETTLED
TXN-12460,ACC-1297,164501.17,2026-07-05,SETTLED
TXN-53578,ACC-1358,194786.83,2026-07-18,SETTLED
TXN-26494,ACC-1205,350520.50,2026-08-29,SETTLED
TXN-71025,ACC-1340,18893.92,2026-08-02,PENDING
TXN-16047,ACC-1072,143453.08,2026-07-14,SETTLED
TXN-92293,ACC-1040,497772.75,2026-08-14,PENDING
TXN-46473,ACC-1030,292949.31,2026-08-22,SETTLED
TXN-85255,ACC-1235,367596.30,2026-08-11,PENDING
TXN-93887,ACC-1267,418914.60,2026-07-08,SETTLED
TXN-08511,ACC-1306,385103.58,2026-08-10,PROCESSING
TXN-33513,ACC-1152,41999.59,2026-07-25,SETTLED
TXN-62711,ACC-1352,152636.33,2026-08-02,SETTLED
TXN-65247,ACC-1346,142255.16,2026-07-20,SETTLED
TXN-18422,ACC-1114,222787.41,2026-08-27,SETTLED
TXN-90221,ACC-1241,439415.31,2026-08-07,SETTLED
TXN-65485,ACC-1316,151468.24,2026-08-08,PROCESSING
TXN-59227,ACC-1236,157032.12,2026-07-22,SETTLED
TXN-91458,ACC-1174,334712.59,2026-08-18,SETTLED
TXN-75851,ACC-1080,366647.19,2026-08-08,SETTLED
TXN-39054,ACC-1379,274590.52,2026-08-06,PENDING
TXN-66882,ACC-1287,300814.74,2026-06-30,SETTLED
TXN-55070,ACC-1263,47243.97,2026-08-05,PENDING
TXN-98429,ACC-1161,179045.19,2026-07-07,PENDING
TXN-25827,ACC-1267,305689.69,2026-08-10,PROCESSING
TXN-99727,ACC-1031,423668.94,2026-08-01,SETTLED
TXN-57539,ACC-1309,284307.52,2026-07-09,SETTLED
TXN-73372,ACC-1238,142956.79,2026-07-12,SETTLED
TXN-01405,ACC-1030,154581.47,2026-07-28,PENDING
TXN-41158,ACC-1218,468979.38,2026-07-24,SETTLED
TXN-58812,ACC-1268,333603.92,2026-07-05,PENDING
TXN-02080,ACC-1079,191557.25,2026-07-29,PENDING
TXN-98833,ACC-1263,76317.59,2026-08-13,PROCESSING
TXN-04917,ACC-1007,368077.28,2026-07-22,SETTLED
TXN-57101,ACC-1158,70011.33,2026-07-07,SETTLED
TXN-77531,ACC-1137,452298.96,2026-08-01,PROCESSING
TXN-45792,ACC-1151,231347.18,2026-08-19,SETTLED
TXN-40240,ACC-1258,395947.26,2026-08-06,SETTLED
TXN-59716,ACC-1039,161548.16,2026-08-18,PENDING
TXN-95863,ACC-1152,309027.09,2026-08-15,PENDING
TXN-74477,ACC-1250,74140.49,2026-07-22,SETTLED
TXN-20429,ACC-1371,466465.09,2026-07-16,PENDING
TXN-88897,ACC-1069,22086.18,2026-08-16,SETTLED
TXN-18534,ACC-1048,205400.91,2026-08-11,SETTLED
TXN-14042,ACC-1212,429474.43,2026-07-13,SETTLED
TXN-42596,ACC-1189,313908.77,2026-07-20,PENDING
TXN-01253,ACC-1245,346999.95,2026-08-18,PROCESSING
TXN-79260,ACC-1259,156459.04,2026-07-20,PROCESSING
TXN-79858,ACC-1185,256832.24,2026-06-30,SETTLED
TXN-66502,ACC-1234,208307.68,2026-08-28,SETTLED
TXN-62450,ACC-1008,330821.17,2026-07-06,SETTLED
TXN-98189,ACC-1240,184948.70,2026-07-12,PROCESSING
TXN-61119,ACC-1241,183407.44,2026-08-17,PENDING
TXN-66270,ACC-1317,491675.29,2026-07-08,PROCESSING
TXN-27391,ACC-1345,493052.14,2026-07-26,PROCESSING
TXN-48165,ACC-1394,314551.54,2026-07-19,PENDING
TXN-78528,ACC-1054,312718.07,2026-08-27,SETTLED
TXN-07008,ACC-1143,252870.03,2026-07-07,SETTLED
TXN-45012,ACC-1211,364376.59,2026-07-02,SETTLED
TXN-30276,ACC-1297,463281.66,2026-07-16,PROCESSING
TXN-19732,ACC-1299,494964.77,2026-08-06,PROCESSING
TXN-21510,ACC-1026,185822.55,2026-07-03,SETTLED
TXN-42387,ACC-1025,224712.44,2026-07-08,PROCESSING
TXN-53996,ACC-1070,340781.81,2026-08-29,SETTLED
TXN-35791,ACC-1128,431842.69,2026-08-04,SETTLED
TXN-23291,ACC-1072,376743.14,2026-08-12,SETTLED
TXN-52836,ACC-1361,64714.43,2026-07-30,PENDING
TXN-73875,ACC-1116,376545.45,2026-07-28,SETTLED
TXN-23737,ACC-1314,195687.50,2026-07-14,SETTLED
TXN-39065,ACC-1134,128401.96,2026-07-09,PENDING
TXN-77363,ACC-1210,282020.11,2026-07-08,PENDING
TXN-25764,ACC-1157,273122.57,2026-08-27,SETTLED
TXN-97405,ACC-1011,37979.40,2026-06-30,PENDING
TXN-35831,ACC-1154,73831.29,2026-08-18,SETTLED
TXN-43224,ACC-1166,364229.41,2026-07-13,SETTLED
TXN-47068,ACC-1141,156703.07,2026-07-16,PENDING
TXN-94342,ACC-1012,188881.47,2026-07-14,PENDING
TXN-40115,ACC-1056,479909.01,2026-07-08,PENDING
TXN-74367,ACC-1220,68935.25,2026-07-28,PENDING
TXN-43966,ACC-1016,80614.07,2026-08-22,PENDING
TXN-07901,ACC-1052,446354.39,2026-08-13,SETTLED
TXN-96931,ACC-1073,477855.58,2026-07-28,PROCESSING
TXN-39911,ACC-1210,345746.95,2026-08-11,PROCESSING
TXN-64823,ACC-1335,199336.73,2026-08-21,PENDING
TXN-13939,ACC-1082,160088.83,2026-07-21,SETTLED
TXN-91461,ACC-1351,20444.09,2026-08-23,PROCESSING
TXN-14944,ACC-1277,253483.73,2026-08-08,SETTLED
TXN-70721,ACC-1202,47096.61,2026-08-21,PROCESSING
TXN-58084,ACC-1397,348827.12,2026-07-29,SETTLED
TXN-32131,ACC-1065,359561.97,2026-06-30,SETTLED
TXN-12347,ACC-1066,189995.93,2026-08-21,SETTLED
TXN-58966,ACC-1297,248375.34,2026-08-04,SETTLED
TXN-51594,ACC-1128,27524.96,2026-08-01,SETTLED
TXN-06732,ACC-1272,433485.31,2026-07-03,SETTLED
TXN-84372,ACC-1398,11887.62,2026-08-22,SETTLED
TXN-22144,ACC-1025,260219.66,2026-06-30,SETTLED
TXN-18676,ACC-1298,417569.18,2026-08-20,SETTLED
TXN-45782,ACC-1133,24252.96,2026-08-29,PENDING
TXN-11576,ACC-1377,109565.18,2026-07-18,SETTLED
TXN-18417,ACC-1394,333642.30,2026-07-25,PROCESSING
TXN-96254,ACC-1329,391174.42,2026-07-21,SETTLED
TXN-32424,ACC-1141,374876.51,2026-07-29,SETTLED
TXN-87116,ACC-1145,284275.54,2026-08-01,PROCESSING
TXN-40495,ACC-1338,297519.58,2026-07-31,PROCESSING
TXN-82201,ACC-1079,196311.41,2026-07-12,PENDING
TXN-24662,ACC-1373,292132.87,2026-08-25,SETTLED
TXN-09191,ACC-1207,327743.35,2026-07-16,PENDING
TXN-64395,ACC-1040,208220.50,2026-07-18,SETTLED
TXN-27085,ACC-1199,194070.89,2026-07-18,PENDING
TXN-91693,ACC-1110,96190.09,2026-08-02,SETTLED
TXN-35515,ACC-1341,354765.65,2026-08-24,PROCESSING
TXN-50109,ACC-1277,72146.29,2026-08-01,PROCESSING
TXN-86691,ACC-1328,431143.98,2026-07-31,SETTLED
TXN-14121,ACC-1278,350521.16,2026-08-20,SETTLED
TXN-88974,ACC-1189,262231.56,2026-08-10,PROCESSING
TXN-01898,ACC-1163,47695.18,2026-08-02,SETTLED
TXN-66573,ACC-1218,115351.21,2026-08-01,SETTLED
TXN-57453,ACC-1151,347677.12,2026-07-12,SETTLED
TXN-03538,ACC-1168,90631.74,2026-08-28,SETTLED
TXN-64674,ACC-1136,393788.37,2026-08-03,PROCESSING
TXN-68226,ACC-1100,387429.96,2026-08-22,SETTLED
TXN-43794,ACC-1091,61566.51,2026-07-15,SETTLED
TXN-14769,ACC-1239,93198.08,2026-08-14,PROCESSING
TXN-79113,ACC-1016,433550.33,2026-08-19,SETTLED
TXN-03051,ACC-1025,463830.12,2026-08-08,SETTLED
TXN-63088,ACC-1142,9220.24,2026-07-29,SETTLED
TXN-56159,ACC-1047,453379.42,2026-07-12,SETTLED
TXN-84998,ACC-1128,115774.78,2026-08-29,PENDING
TXN-96204,ACC-1169,266671.74,2026-07-20,SETTLED
TXN-32396,ACC-1015,360834.02,2026-07-30,PROCESSING
TXN-73776,ACC-1007,324473.85,2026-07-19,SETTLED
TXN-72312,ACC-1197,466949.83,2026-07-06,PENDING
TXN-78645,ACC-1223,52810.06,2026-07-13,SETTLED
TXN-96168,ACC-1194,326439.36,2026-08-03,SETTLED
TXN-96945,ACC-1157,314471.57,2026-07-27,SETTLED
TXN-45462,ACC-1067,443222.33,2026-08-09,PENDING
TXN-10519,ACC-1074,306333.41,2026-08-09,PROCESSING
TXN-84317,ACC-1003,107768.88,2026-07-17,SETTLED
TXN-81095,ACC-1076,17706.65,2026-08-15,PENDING
TXN-60277,ACC-1086,372448.97,2026-07-13,PROCESSING
TXN-20145,ACC-1203,258766.88,2026-08-06,PROCESSING
TXN-73264,ACC-1207,164498.81,2026-08-19,SETTLED
TXN-57002,ACC-1378,48470.80,2026-07-01,SETTLED
TXN-70435,ACC-1368,277844.54,2026-08-28,SETTLED
TXN-65199,ACC-1085,252760.13,2026-07-05,SETTLED
TXN-17483,ACC-1163,486801.93,2026-08-16,PROCESSING
TXN-12236,ACC-1010,403046.95,2026-08-26,SETTLED
TXN-78916,ACC-1159,401814.98,2026-08-22,SETTLED
TXN-32503,ACC-1255,334935.02,2026-08-28,SETTLED
TXN-68448,ACC-1382,45892.14,2026-07-24,SETTLED
TXN-81952,ACC-1320,380222.75,2026-08-26,SETTLED
TXN-01797,ACC-1262,448201.73,2026-08-12,SETTLED
TXN-48983,ACC-1051,14734.24,2026-07-31,PENDING
TXN-59088,ACC-1068,178550.61,2026-08-29,SETTLED
TXN-50307,ACC-1062,405474.11,2026-07-23,PROCESSING
TXN-45132,ACC-1173,293978.89,2026-08-26,PENDING
TXN-69091,ACC-1220,345604.66,2026-07-05,PROCESSING
TXN-38082,ACC-1139,102501.39,2026-07-20,SETTLED
TXN-76945,ACC-1317,49872.77,2026-08-06,SETTLED
TXN-31933,ACC-1302,391569.59,2026-08-12,SETTLED
TXN-50210,ACC-1350,326255.92,2026-08-22,PROCESSING
TXN-13841,ACC-1392,244381.89,2026-07-31,SETTLED
TXN-12206,ACC-1089,497535.11,2026-07-22,SETTLED
TXN-52803,ACC-1118,399572.13,2026-07-31,SETTLED
TXN-83588,ACC-1221,408249.86,2026-08-17,SETTLED
TXN-30951,ACC-1101,428427.47,2026-08-22,SETTLED
TXN-50503,ACC-1303,458544.46,2026-07-19,PROCESSING
TXN-07554,ACC-1178,315399.08,2026-07-03,SETTLED
TXN-24164,ACC-1304,343235.82,2026-07-13,SETTLED
TXN-93974,ACC-1281,34826.15,2026-07-26,PROCESSING
TXN-73986,ACC-1175,456143.04,2026-07-29,SETTLED
TXN-18410,ACC-1120,134553.11,2026-07-13,PENDING
TXN-92099,ACC-1221,96042.18,2026-08-15,SETTLED
TXN-06484,ACC-1218,136630.43,2026-07-19,SETTLED
TXN-39978,ACC-1357,108918.89,2026-08-15,PROCESSING
TXN-30117,ACC-1111,480151.12,2026-08-26,PENDING
TXN-04403,ACC-1136,187136.56,2026-07-02,PENDING
TXN-97708,ACC-1236,483986.95,2026-08-12,SETTLED
TXN-54693,ACC-1344,67351.01,2026-06-30,PROCESSING
TXN-33108,ACC-1219,15202.99,2026-07-18,PENDING
TXN-40461,ACC-1127,239951.20,2026-07-04,PROCESSING
TXN-80943,ACC-1387,18909.20,2026-08-08,SETTLED
TXN-70453,ACC-1079,162888.49,2026-08-15,SETTLED
TXN-12363,ACC-1243,319828.32,2026-08-21,SETTLED
TXN-65632,ACC-1237,452970.82,2026-08-18,SETTLED
TXN-49557,ACC-1322,428021.85,2026-07-11,PENDING
TXN-12231,ACC-1234,335107.40,2026-07-25,PENDING
TXN-25373,ACC-1251,364470.05,2026-07-26,SETTLED
TXN-73479,ACC-1260,476219.41,2026-07-11,SETTLED
TXN-09935,ACC-1174,9504.32,2026-07-06,PENDING
TXN-32494,ACC-1104,43980.16,2026-08-19,SETTLED
TXN-77018,ACC-1191,435880.28,2026-07-28,PENDING
TXN-07573,ACC-1118,220280.79,2026-08-19,SETTLED
TXN-74154,ACC-1116,310757.79,2026-07-29,SETTLED
TXN-16087,ACC-1281,488058.77,2026-08-20,SETTLED
TXN-08411,ACC-1301,167447.84,2026-08-29,SETTLED
TXN-97737,ACC-1036,174095.84,2026-07-24,SETTLED
TXN-06627,ACC-1095,82288.60,2026-07-03,PROCESSING
TXN-30104,ACC-1321,421360.99,2026-06-30,SETTLED
TXN-45830,ACC-1173,300776.95,2026-07-18,PENDING
TXN-44424,ACC-1040,481123.39,2026-08-07,PENDING
TXN-25656,ACC-1047,274490.30,2026-08-08,SETTLED
TXN-87511,ACC-1335,244617.91,2026-07-10,PROCESSING
TXN-56187,ACC-1246,394486.87,2026-08-19,PROCESSING
TXN-15971,ACC-1051,29538.84,2026-07-25,PROCESSING
TXN-36475,ACC-1057,281209.68,2026-07-28,SETTLED
TXN-02049,ACC-1004,444773.17,2026-07-22,PROCESSING
TXN-48790,ACC-1170,29042.14,2026-07-02,SETTLED
TXN-96877,ACC-1112,266063.62,2026-07-07,PENDING
TXN-23346,ACC-1313,54631.17,2026-07-13,SETTLED
TXN-68823,ACC-1065,446972.52,2026-08-15,SETTLED
TXN-55662,ACC-1011,283530.06,2026-08-28,SETTLED
TXN-09214,ACC-1116,249136.09,2026-07-24,SETTLED
TXN-92261,ACC-1036,495255.36,2026-08-04,PROCESSING
TXN-76085,ACC-1000,227998.89,2026-07-10,PENDING
TXN-93499,ACC-1257,34856.21,2026-07-30,PROCESSING
TXN-96605,ACC-1127,348843.44,2026-07-07,SETTLED
TXN-61581,ACC-1219,304770.06,2026-07-22,SETTLED
TXN-29997,ACC-1327,291547.21,2026-08-26,SETTLED
TXN-71797,ACC-1110,44258.40,2026-07-12,SETTLED
TXN-01269,ACC-1226,292658.94,2026-07-07,PENDING
TXN-13508,ACC-1383,366168.93,2026-07-28,SETTLED
TXN-88863,ACC-1138,137693.19,2026-08-04,SETTLED
TXN-86082,ACC-1002,249466.94,2026-07-24,SETTLED
TXN-27993,ACC-1309,456457.04,2026-07-23,SETTLED
TXN-19890,ACC-1110,168520.56,2026-07-16,PENDING
TXN-45474,ACC-1338,83835.51,2026-08-18,SETTLED
TXN-18286,ACC-1107,474645.48,2026-07-10,SETTLED
TXN-77257,ACC-1158,427426.07,2026-07-24,PROCESSING
TXN-61280,ACC-1250,267157.13,2026-08-27,SETTLED
TXN-36538,ACC-1165,385579.89,2026-08-23,SETTLED
TXN-03255,ACC-1142,113517.44,2026-08-23,SETTLED
TXN-21186,ACC-1034,315016.14,2026-08-02,SETTLED
TXN-65790,ACC-1014,395454.07,2026-07-04,SETTLED
TXN-29398,ACC-1070,344565.44,2026-08-26,SETTLED
TXN-88765,ACC-1160,126434.05,2026-08-09,SETTLED
TXN-75605,ACC-1181,381462.18,2026-08-11,PENDING
TXN-47673,ACC-1085,373478.22,2026-08-02,SETTLED
TXN-09949,ACC-1342,109144.84,2026-07-11,SETTLED
TXN-89713,ACC-1178,189401.73,2026-08-13,PROCESSING
TXN-59895,ACC-1049,67093.78,2026-07-25,SETTLED
TXN-43200,ACC-1196,397459.36,2026-08-10,SETTLED
TXN-25603,ACC-1156,285885.11,2026-08-12,PROCESSING
TXN-83587,ACC-1171,428777.85,2026-08-04,SETTLED
TXN-91111,ACC-1259,309657.92,2026-07-07,SETTLED
TXN-74743,ACC-1165,328961.08,2026-07-26,SETTLED
TXN-76571,ACC-1130,367550.78,2026-08-15,PROCESSING
TXN-06417,ACC-1282,469049.55,2026-08-14,PENDING
TXN-09220,ACC-1007,46463.51,2026-08-02,SETTLED
TXN-78272,ACC-1091,477416.88,2026-07-01,PROCESSING
TXN-32268,ACC-1072,152545.63,2026-08-05,SETTLED
TXN-52575,ACC-1263,426181.42,2026-08-25,SETTLED
TXN-83218,ACC-1010,227355.41,2026-08-03,PROCESSING
TXN-14733,ACC-1290,412782.70,2026-08-16,SETTLED
TXN-79620,ACC-1396,381353.76,2026-07-03,SETTLED
TXN-71224,ACC-1057,46782.45,2026-08-05,SETTLED
TXN-97805,ACC-1162,108637.39,2026-08-27,SETTLED
TXN-75024,ACC-1161,390354.85,2026-08-26,SETTLED
TXN-88293,ACC-1181,226875.11,2026-08-27,SETTLED
TXN-64939,ACC-1140,126261.98,2026-07-18,SETTLED
TXN-49826,ACC-1074,384329.60,2026-07-07,PENDING
TXN-40031,ACC-1200,228940.71,2026-07-21,PENDING
TXN-93005,ACC-1292,66869.43,2026-07-28,SETTLED
TXN-22314,ACC-1140,385181.27,2026-08-12,SETTLED
TXN-45075,ACC-1143,482626.61,2026-08-20,PENDING
TXN-57612,ACC-1272,116424.17,2026-08-13,SETTLED
TXN-81820,ACC-1013,25412.15,2026-08-08,SETTLED
TXN-86305,ACC-1041,24239.88,2026-07-28,SETTLED
TXN-22970,ACC-1064,393361.83,2026-07-22,SETTLED
TXN-23559,ACC-1310,347223.87,2026-07-30,SETTLED
TXN-97525,ACC-1151,73989.38,2026-08-14,PENDING
TXN-30614,ACC-1117,357156.42,2026-08-22,SETTLED
TXN-11431,ACC-1080,181586.22,2026-07-08,SETTLED
TXN-79038,ACC-1043,440946.95,2026-07-20,SETTLED
TXN-91389,ACC-1140,45990.25,2026-07-04,PENDING
TXN-72355,ACC-1352,158744.23,2026-07-15,SETTLED
TXN-80024,ACC-1188,55017.17,2026-07-02,PENDING
TXN-11771,ACC-1395,68688.42,2026-07-22,SETTLED
TXN-48278,ACC-1239,457428.92,2026-08-20,PROCESSING
TXN-04530,ACC-1035,205341.71,2026-07-17,SETTLED
TXN-06335,ACC-1301,114070.42,2026-07-05,SETTLED
TXN-48841,ACC-1294,414976.95,2026-08-24,SETTLED
TXN-83331,ACC-1158,201017.84,2026-07-25,SETTLED
TXN-82152,ACC-1320,358405.02,2026-07-28,SETTLED
TXN-62717,ACC-1028,238911.17,2026-07-18,PROCESSING
TXN-86335,ACC-1169,365225.45,2026-07-06,SETTLED
TXN-73475,ACC-1030,251799.51,2026-07-30,SETTLED
TXN-44891,ACC-1136,393564.19,2026-07-11,SETTLED
TXN-26693,ACC-1140,268525.33,2026-08-17,PENDING
TXN-60296,ACC-1236,44789.16,2026-08-09,SETTLED
TXN-17660,ACC-1388,34957.99,2026-07-29,SETTLED
TXN-64117,ACC-1097,341331.08,2026-07-29,SETTLED
TXN-02922,ACC-1258,56796.45,2026-07-15,SETTLED
TXN-65462,ACC-1234,130001.55,2026-08-23,SETTLED
TXN-79420,ACC-1062,369334.36,2026-08-18,SETTLED
TXN-26616,ACC-1077,177869.39,2026-07-06,SETTLED
TXN-04197,ACC-1232,115258.55,2026-08-11,PENDING
TXN-78180,ACC-1254,162045.22,2026-08-17,PENDING
TXN-83814,ACC-1053,242140.45,2026-07-25,SETTLED
TXN-73399,ACC-1356,423989.52,2026-07-08,SETTLED
TXN-66165,ACC-1334,494893.50,2026-07-31,PENDING
TXN-30159,ACC-1173,370041.68,2026-08-28,PROCESSING
TXN-84857,ACC-1055,168574.82,2026-07-14,PENDING
TXN-81443,ACC-1188,141879.17,2026-08-23,SETTLED
TXN-95719,ACC-1232,309216.82,2026-08-22,PENDING
TXN-10217,ACC-1133,378960.33,2026-07-25,SETTLED
TXN-46281,ACC-1118,141118.09,2026-07-16,PROCESSING
TXN-36859,ACC-1086,34581.62,2026-08-01,PROCESSING
TXN-18959,ACC-1257,214223.38,2026-08-21,SETTLED
TXN-41857,ACC-1127,338556.68,2026-07-06,SETTLED
TXN-53300,ACC-1141,364418.02,2026-08-20,SETTLED
TXN-08797,ACC-1114,451184.15,2026-08-20,PENDING
TXN-82134,ACC-1285,212405.43,2026-07-26,SETTLED
TXN-89000,ACC-1355,294979.62,2026-07-03,SETTLED
TXN-64573,ACC-1111,86227.62,2026-07-24,PROCESSING
TXN-82292,ACC-1325,296320.85,2026-08-05,SETTLED
TXN-38305,ACC-1312,290515.40,2026-07-15,SETTLED
TXN-90212,ACC-1397,300889.38,2026-07-29,SETTLED
TXN-78852,ACC-1279,189750.43,2026-07-28,PROCESSING
TXN-73604,ACC-1125,154607.18,2026-08-14,SETTLED
TXN-35919,ACC-1377,260133.81,2026-07-11,SETTLED
TXN-17363,ACC-1305,131789.33,2026-08-29,PROCESSING
TXN-16010,ACC-1144,185844.62,2026-08-01,SETTLED
TXN-91089,ACC-1303,16413.42,2026-08-23,SETTLED
TXN-44759,ACC-1038,176809.23,2026-08-11,PROCESSING
TXN-06364,ACC-1299,134632.21,2026-07-06,PENDING
TXN-54204,ACC-1163,31766.81,2026-08-14,PENDING
TXN-62922,ACC-1197,67494.05,2026-08-14,SETTLED
TXN-18572,ACC-1343,11834.79,2026-07-08,SETTLED
TXN-83495,ACC-1284,85358.91,2026-08-02,SETTLED
TXN-16562,ACC-1227,145360.12,2026-07-16,SETTLED
TXN-70546,ACC-1195,253594.08,2026-07-15,SETTLED
TXN-40977,ACC-1291,221317.53,2026-08-03,SETTLED
TXN-06552,ACC-1070,407015.35,2026-08-25,SETTLED
TXN-44672,ACC-1247,440497.08,2026-08-11,PROCESSING
TXN-28377,ACC-1313,169048.59,2026-07-15,SETTLED
TXN-30297,ACC-1166,480594.64,2026-08-02,SETTLED
TXN-18116,ACC-1109,300750.89,2026-07-28,PROCESSING
TXN-32735,ACC-1299,237202.41,2026-07-22,SETTLED
TXN-85421,ACC-1002,368857.36,2026-07-01,SETTLED
TXN-89558,ACC-1000,144195.90,2026-08-03,SETTLED
TXN-32187,ACC-1030,360962.97,2026-07-07,PENDING
TXN-13470,ACC-1185,342394.67,2026-08-21,PENDING
TXN-95740,ACC-1210,368568.71,2026-07-07,SETTLED
TXN-75201,ACC-1153,245150.34,2026-08-17,SETTLED
TXN-85840,ACC-1169,84662.87,2026-08-04,SETTLED
TXN-57944,ACC-1363,17870.37,2026-07-14,PROCESSING
TXN-92898,ACC-1032,311788.57,2026-08-24,PENDING
TXN-91996,ACC-1389,413643.23,2026-07-13,SETTLED
TXN-45584,ACC-1203,219004.27,2026-08-15,SETTLED
TXN-75427,ACC-1151,498039.80,2026-07-22,SETTLED
TXN-44128,ACC-1360,329167.14,2026-07-05,SETTLED
TXN-56367,ACC-1364,48210.30,2026-08-22,SETTLED
TXN-64770,ACC-1375,19094.81,2026-07-23,SETTLED
TXN-32533,ACC-1160,159933.78,2026-07-26,SETTLED
TXN-16748,ACC-1205,247304.96,2026-08-17,PROCESSING
TXN-53697,ACC-1110,119833.15,2026-07-16,PROCESSING
TXN-70130,ACC-1233,5943.83,2026-08-11,PROCESSING
TXN-29820,ACC-1264,101452.99,2026-08-03,SETTLED
TXN-69304,ACC-1094,240252.15,2026-08-26,SETTLED
TXN-98981,ACC-1207,39509.02,2026-07-09,PROCESSING
TXN-26296,ACC-1112,79064.07,2026-07-28,PENDING
TXN-57514,ACC-1373,249019.71,2026-07-04,SETTLED
TXN-65829,ACC-1162,236796.40,2026-07-05,PROCESSING
TXN-71532,ACC-1241,177109.41,2026-07-18,SETTLED
TXN-34274,ACC-1207,136651.99,2026-08-01,PROCESSING
TXN-06558,ACC-1347,250969.60,2026-07-15,PROCESSING
TXN-84669,ACC-1251,368352.77,2026-08-21,SETTLED
TXN-57961,ACC-1155,69611.48,2026-06-30,SETTLED
TXN-68870,ACC-1046,383425.04,2026-07-22,SETTLED
TXN-93695,ACC-1212,265250.87,2026-07-15,PROCESSING
TXN-51704,ACC-1357,169797.38,2026-07-25,SETTLED
TXN-78159,ACC-1382,192118.89,2026-07-02,SETTLED
TXN-94727,ACC-1354,294497.55,2026-07-19,SETTLED
TXN-85405,ACC-1314,475224.93,2026-08-27,SETTLED
TXN-34308,ACC-1356,109511.98,2026-07-31,SETTLED
TXN-73796,ACC-1398,323214.30,2026-07-17,PENDING
TXN-63298,ACC-1138,283619.30,2026-08-26,SETTLED
TXN-08942,ACC-1309,317874.17,2026-07-15,SETTLED
TXN-39545,ACC-1390,37707.76,2026-08-13,SETTLED
TXN-60269,ACC-1005,43913.97,2026-07-25,PROCESSING
TXN-59754,ACC-1375,269446.72,2026-07-31,PENDING
TXN-35154,ACC-1085,191082.81,2026-07-17,SETTLED
TXN-93318,ACC-1179,445946.94,2026-07-10,SETTLED
TXN-69908,ACC-1230,53085.22,2026-07-29,SETTLED
TXN-92662,ACC-1303,67733.80,2026-08-05,PENDING
TXN-82097,ACC-1195,215692.82,2026-07-23,SETTLED
TXN-48570,ACC-1392,479423.34,2026-07-06,PENDING
TXN-88251,ACC-1312,256981.12,2026-07-19,PROCESSING
TXN-21143,ACC-1102,384345.77,2026-07-15,SETTLED
TXN-71435,ACC-1097,291895.07,2026-07-29,PENDING
TXN-71676,ACC-1113,354449.07,2026-07-11,SETTLED
TXN-89405,ACC-1384,395814.78,2026-08-08,SETTLED
TXN-74272,ACC-1318,492884.08,2026-08-27,SETTLED
TXN-95447,ACC-1179,52268.16,2026-07-24,PENDING
TXN-96789,ACC-1253,212619.45,2026-08-10,SETTLED
TXN-72858,ACC-1029,474471.51,2026-07-26,SETTLED
TXN-42812,ACC-1248,128777.42,2026-08-23,SETTLED
TXN-62943,ACC-1015,462904.45,2026-08-14,SETTLED
TXN-12554,ACC-1298,462132.02,2026-07-27,SETTLED
TXN-18398,ACC-1023,418546.13,2026-07-03,SETTLED
TXN-91584,ACC-1272,282497.23,2026-07-06,SETTLED
TXN-94745,ACC-1185,195795.81,2026-08-03,SETTLED
TXN-10505,ACC-1094,440398.23,2026-07-20,SETTLED
TXN-79823,ACC-1388,488061.31,2026-08-26,PROCESSING
TXN-61576,ACC-1076,279638.25,2026-07-18,SETTLED
TXN-50599,ACC-1374,473358.24,2026-08-21,SETTLED
TXN-84215,ACC-1326,381873.15,2026-07-04,SETTLED
TXN-12476,ACC-1193,158873.90,2026-07-09,SETTLED
TXN-80021,ACC-1272,265386.72,2026-08-27,SETTLED
TXN-80832,ACC-1148,288388.35,2026-07-19,SETTLED
TXN-33417,ACC-1340,16573.59,2026-07-16,SETTLED
TXN-16865,ACC-1008,406026.53,2026-07-30,PENDING
TXN-80687,ACC-1185,322824.32,2026-07-29,PROCESSING
TXN-25503,ACC-1131,445006.12,2026-07-04,SETTLED
TXN-12850,ACC-1379,10213.71,2026-08-27,SETTLED
TXN-67357,ACC-1019,390535.78,2026-07-22,PENDING
TXN-01837,ACC-1136,336659.49,2026-08-05,SETTLED
TXN-46296,ACC-1305,216970.89,2026-08-29,SETTLED
TXN-75400,ACC-1172,143056.42,2026-07-08,SETTLED
TXN-80720,ACC-1134,358709.71,2026-08-18,SETTLED
TXN-70729,ACC-1108,109930.51,2026-08-02,SETTLED
TXN-17452,ACC-1213,496482.82,2026-07-16,PROCESSING
TXN-18440,ACC-1128,100293.15,2026-08-10,SETTLED
TXN-35127,ACC-1068,294500.05,2026-08-02,PROCESSING
TXN-50059,ACC-1352,332723.25,2026-08-19,SETTLED
TXN-19464,ACC-1168,69285.43,2026-07-16,PROCESSING
TXN-61506,ACC-1184,288909.87,2026-08-04,SETTLED
TXN-95237,ACC-1380,401440.40,2026-07-20,SETTLED
TXN-32173,ACC-1260,264246.34,2026-07-08,SETTLED
TXN-58231,ACC-1278,369045.98,2026-08-22,PROCESSING
TXN-60109,ACC-1261,73538.79,2026-08-12,PROCESSING
TXN-06560,ACC-1338,367403.40,2026-07-09,SETTLED
TXN-66764,ACC-1347,296874.48,2026-08-24,PENDING
TXN-55836,ACC-1093,188670.91,2026-08-10,SETTLED
TXN-29158,ACC-1071,152543.29,2026-08-16,SETTLED
TXN-42341,ACC-1017,380735.07,2026-08-10,SETTLED
TXN-89231,ACC-1275,348094.56,2026-08-11,SETTLED
TXN-86213,ACC-1300,330636.25,2026-07-01,SETTLED
TXN-55393,ACC-1098,25718.58,2026-07-24,SETTLED
TXN-81648,ACC-1126,321702.41,2026-08-02,SETTLED
TXN-20161,ACC-1215,356391.93,2026-07-29,PENDING
TXN-43843,ACC-1019,169704.86,2026-07-17,SETTLED
TXN-67513,ACC-1049,397859.79,2026-07-23,PROCESSING
TXN-58928,ACC-1204,63323.46,2026-07-12,PENDING
TXN-18108,ACC-1348,338149.95,2026-07-08,SETTLED
TXN-95281,ACC-1223,300135.25,2026-07-30,PENDING
TXN-68287,ACC-1026,238300.84,2026-08-15,SETTLED
TXN-15827,ACC-1381,253910.81,2026-07-04,SETTLED
TXN-09717,ACC-1337,328804.36,2026-07-30,PROCESSING
TXN-38697,ACC-1163,83997.96,2026-07-16,SETTLED
TXN-57553,ACC-1370,137116.11,2026-08-28,SETTLED
TXN-22458,ACC-1288,172083.17,2026-07-04,SETTLED
TXN-18952,ACC-1363,41294.41,2026-08-24,SETTLED
TXN-31139,ACC-1063,433737.83,2026-07-25,PROCESSING
TXN-10970,ACC-1065,75778.43,2026-07-01,SETTLED
TXN-82405,ACC-1061,224673.41,2026-08-15,SETTLED
TXN-64376,ACC-1370,39782.52,2026-08-21,PENDING
TXN-87427,ACC-1396,378681.22,2026-07-07,SETTLED
TXN-98584,ACC-1010,27631.91,2026-08-23,PROCESSING
TXN-92761,ACC-1171,305923.94,2026-08-10,SETTLED
TXN-95259,ACC-1267,321007.81,2026-07-30,SETTLED
TXN-20452,ACC-1317,180545.16,2026-08-16,SETTLED
TXN-16017,ACC-1130,209297.50,2026-08-28,SETTLED
TXN-62421,ACC-1234,444550.01,2026-08-17,SETTLED
TXN-54683,ACC-1343,137005.41,2026-08-11,SETTLED
TXN-69667,ACC-1089,95691.40,2026-07-22,SETTLED
TXN-87091,ACC-1217,403915.82,2026-08-18,PENDING
TXN-84560,ACC-1002,314168.28,2026-07-28,SETTLED
TXN-97686,ACC-1360,322196.11,2026-08-24,PENDING
TXN-79121,ACC-1285,32781.70,2026-07-27,PROCESSING
TXN-33494,ACC-1076,400592.33,2026-07-24,PROCESSING
TXN-70171,ACC-1276,383192.22,2026-08-17,SETTLED
TXN-79875,ACC-1240,429361.19,2026-08-23,SETTLED
TXN-26064,ACC-1261,106193.04,2026-07-02,PENDING
TXN-82422,ACC-1035,279665.35,2026-07-16,SETTLED
TXN-88465,ACC-1043,352959.85,2026-08-09,PENDING
TXN-77414,ACC-1123,21501.94,2026-07-21,PENDING
TXN-09422,ACC-1245,86951.02,2026-07-17,SETTLED
TXN-62844,ACC-1132,252640.61,2026-07-08,SETTLED
TXN-30187,ACC-1275,53553.61,2026-08-20,SETTLED
TXN-07539,ACC-1392,144168.10,2026-08-25,SETTLED
TXN-99350,ACC-1390,300013.00,2026-07-08,SETTLED
TXN-91050,ACC-1169,25035.45,2026-08-03,PROCESSING
TXN-77523,ACC-1284,324228.10,2026-08-14,SETTLED
TXN-16564,ACC-1032,462049.22,2026-07-09,SETTLED
TXN-08955,ACC-1359,324098.26,2026-08-12,SETTLED
TXN-29507,ACC-1338,316142.45,2026-07-06,PENDING
TXN-71486,ACC-1285,322228.54,2026-08-02,SETTLED
TXN-67989,ACC-1042,158232.97,2026-06-30,PROCESSING
TXN-16489,ACC-1249,498579.47,2026-08-29,SETTLED
TXN-72879,ACC-1380,436738.81,2026-08-24,SETTLED
TXN-39348,ACC-1186,64829.78,2026-07-15,SETTLED
TXN-95329,ACC-1298,172362.15,2026-08-17,PROCESSING
TXN-33755,ACC-1069,385623.95,2026-07-26,SETTLED
TXN-33750,ACC-1353,58450.09,2026-08-21,SETTLED
TXN-09499,ACC-1201,128998.22,2026-07-27,PENDING
TXN-22914,ACC-1284,28414.56,2026-07-26,PROCESSING
TXN-67908,ACC-1307,313936.28,2026-07-29,SETTLED
TXN-76751,ACC-1237,248799.38,2026-08-28,PROCESSING
TXN-77617,ACC-1287,468156.54,2026-07-21,SETTLED
TXN-32155,ACC-1090,94199.87,2026-08-20,SETTLED
TXN-46531,ACC-1325,478719.88,2026-08-29,SETTLED
TXN-91302,ACC-1060,431392.46,2026-08-07,SETTLED
TXN-34515,ACC-1100,138257.85,2026-07-08,PROCESSING
TXN-36619,ACC-1156,438678.34,2026-07-31,PENDING
TXN-44885,ACC-1360,486072.59,2026-07-24,SETTLED
TXN-45086,ACC-1064,441228.05,2026-08-19,SETTLED
TXN-28677,ACC-1229,498349.15,2026-08-01,SETTLED
TXN-47978,ACC-1307,50946.07,2026-08-07,SETTLED
TXN-13663,ACC-1204,156583.30,2026-07-22,SETTLED
TXN-81818,ACC-1356,251306.49,2026-08-21,SETTLED
TXN-23985,ACC-1111,200587.92,2026-07-04,SETTLED
TXN-74470,ACC-1059,416086.29,2026-07-23,PENDING
TXN-44378,ACC-1267,229667.18,2026-07-07,SETTLED
TXN-68975,ACC-1231,495687.27,2026-06-30,PROCESSING
TXN-13128,ACC-1367,135796.52,2026-08-12,SETTLED
TXN-43597,ACC-1242,320148.86,2026-07-02,SETTLED
TXN-41232,ACC-1340,235748.98,2026-08-02,PENDING
TXN-48017,ACC-1109,63705.51,2026-08-11,SETTLED
TXN-52226,ACC-1359,108265.84,2026-08-23,PENDING
TXN-73616,ACC-1312,471561.22,2026-07-21,PROCESSING
TXN-59100,ACC-1107,97198.07,2026-07-14,SETTLED
TXN-59030,ACC-1299,153384.31,2026-07-29,PENDING
TXN-87687,ACC-1273,22823.54,2026-07-10,SETTLED
TXN-63923,ACC-1025,179451.08,2026-07-02,SETTLED
TXN-63674,ACC-1224,61956.64,2026-07-07,SETTLED
TXN-76981,ACC-1337,205218.49,2026-08-05,PROCESSING
TXN-44565,ACC-1356,166607.23,2026-07-27,PROCESSING
TXN-83177,ACC-1340,35465.83,2026-08-25,SETTLED
TXN-53943,ACC-1296,317296.22,2026-07-04,PROCESSING
TXN-27300,ACC-1306,248488.15,2026-08-16,SETTLED
TXN-32443,ACC-1273,339236.85,2026-07-21,SETTLED
TXN-77358,ACC-1141,183375.72,2026-07-04,SETTLED
TXN-14778,ACC-1252,109456.95,2026-07-13,SETTLED
TXN-16695,ACC-1324,201229.15,2026-08-26,SETTLED
TXN-10768,ACC-1212,80254.70,2026-08-07,PENDING
TXN-75951,ACC-1303,224115.83,2026-08-21,SETTLED
TXN-98676,ACC-1244,17024.22,2026-07-11,SETTLED
TXN-79392,ACC-1137,158857.95,2026-07-18,PENDING
TXN-28620,ACC-1274,260372.08,2026-08-08,PROCESSING
TXN-28538,ACC-1108,51223.66,2026-07-17,SETTLED
TXN-44753,ACC-1003,147943.56,2026-08-05,PENDING
TXN-23310,ACC-1386,24713.33,2026-08-23,SETTLED
TXN-02459,ACC-1104,9148.37,2026-07-04,SETTLED
TXN-63761,ACC-1236,89778.63,2026-08-04,PENDING
TXN-51365,ACC-1070,299856.09,2026-07-28,SETTLED
TXN-53828,ACC-1178,32039.26,2026-08-11,SETTLED
TXN-45673,ACC-1119,399130.24,2026-07-15,PENDING
TXN-98627,ACC-1075,448813.49,2026-07-16,PROCESSING
TXN-52178,ACC-1071,413708.42,2026-08-10,PROCESSING
TXN-99579,ACC-1189,404939.16,2026-07-15,PROCESSING
TXN-74134,ACC-1031,74072.50,2026-08-09,SETTLED
TXN-94093,ACC-1207,313695.59,2026-07-16,PROCESSING
TXN-83646,ACC-1191,258759.30,2026-08-17,PROCESSING
TXN-95547,ACC-1244,81645.53,2026-08-23,SETTLED
TXN-39714,ACC-1274,301018.32,2026-08-02,SETTLED
TXN-76680,ACC-1044,234803.45,2026-07-26,PENDING
TXN-11677,ACC-1280,164712.64,2026-08-06,SETTLED
TXN-60746,ACC-1273,475513.08,2026-08-06,PENDING
TXN-63995,ACC-1167,119019.03,2026-07-08,SETTLED
TXN-60439,ACC-1177,105478.48,2026-08-07,SETTLED
TXN-55252,ACC-1106,413962.10,2026-07-27,PENDING
TXN-87695,ACC-1187,88774.07,2026-08-11,SETTLED
TXN-81242,ACC-1063,43160.75,2026-07-15,SETTLED
TXN-71855,ACC-1029,486340.11,2026-08-06,SETTLED
TXN-82317,ACC-1304,359815.41,2026-07-13,PROCESSING
TXN-73390,ACC-1381,358314.39,2026-08-18,SETTLED
TXN-16405,ACC-1383,126953.06,2026-08-12,SETTLED
TXN-42094,ACC-1125,77265.33,2026-08-19,SETTLED
TXN-09964,ACC-1353,455523.25,2026-07-28,PROCESSING
TXN-71590,ACC-1375,271539.02,2026-07-13,SETTLED
TXN-26073,ACC-1192,162176.17,2026-07-21,SETTLED
TXN-27648,ACC-1211,164808.71,2026-08-12,SETTLED
TXN-05628,ACC-1354,378804.55,2026-08-29,SETTLED
TXN-50229,ACC-1178,204953.56,2026-08-22,PROCESSING
TXN-24432,ACC-1252,100598.71,2026-07-14,PROCESSING
TXN-96149,ACC-1192,404946.27,2026-08-13,SETTLED
TXN-54061,ACC-1245,468897.63,2026-07-12,SETTLED
TXN-23329,ACC-1336,314885.81,2026-07-18,SETTLED
TXN-46161,ACC-1239,484755.40,2026-07-30,SETTLED
TXN-53666,ACC-1304,136451.95,2026-08-23,SETTLED
TXN-09455,ACC-1001,29670.95,2026-08-21,SETTLED
TXN-06891,ACC-1262,328418.49,2026-08-05,SETTLED
TXN-65666,ACC-1247,20381.66,2026-08-24,SETTLED
TXN-02372,ACC-1393,284855.48,2026-07-27,SETTLED
TXN-94394,ACC-1014,283653.41,2026-07-03,SETTLED
TXN-95517,ACC-1361,220549.59,2026-07-16,SETTLED
TXN-81749,ACC-1056,463428.22,2026-07-30,SETTLED
TXN-46067,ACC-1283,72390.67,2026-08-16,SETTLED
TXN-90625,ACC-1309,247923.72,2026-08-16,SETTLED
TXN-72702,ACC-1081,318329.63,2026-07-30,SETTLED
TXN-15086,ACC-1340,180010.76,2026-08-16,SETTLED
TXN-64503,ACC-1074,218748.50,2026-08-27,SETTLED
TXN-32366,ACC-1278,247066.15,2026-07-20,SETTLED
TXN-19008,ACC-1215,126553.67,2026-08-05,SETTLED
TXN-16340,ACC-1246,385320.16,2026-08-19,SETTLED
TXN-07578,ACC-1276,371635.39,2026-08-26,SETTLED
TXN-33492,ACC-1091,55284.22,2026-08-22,SETTLED
TXN-84788,ACC-1349,153582.63,2026-08-25,SETTLED
TXN-75903,ACC-1329,145824.27,2026-08-12,PENDING
TXN-39924,ACC-1233,311179.88,2026-08-03,PROCESSING
TXN-97485,ACC-1275,82742.77,2026-07-26,PROCESSING
TXN-03448,ACC-1123,70628.19,2026-07-20,SETTLED
TXN-43259,ACC-1229,488162.18,2026-08-13,PROCESSING
TXN-76593,ACC-1361,154221.44,2026-07-28,SETTLED
TXN-52706,ACC-1369,135339.79,2026-08-06,SETTLED
TXN-05954,ACC-1006,390526.46,2026-08-23,SETTLED
TXN-13552,ACC-1237,190139.62,2026-08-10,PENDING
TXN-21759,ACC-1264,485958.84,2026-07-27,SETTLED
TXN-75729,ACC-1194,47198.49,2026-06-30,SETTLED
TXN-63097,ACC-1155,247184.09,2026-07-28,SETTLED
TXN-51106,ACC-1377,200411.29,2026-08-02,PROCESSING
TXN-81108,ACC-1145,246615.32,2026-07-28,SETTLED
TXN-02695,ACC-1145,144034.19,2026-07-21,PROCESSING
TXN-41618,ACC-1180,194373.75,2026-08-11,SETTLED
TXN-15820,ACC-1079,180530.42,2026-08-14,PENDING
TXN-53675,ACC-1217,161403.19,2026-07-15,PENDING
TXN-02950,ACC-1188,160441.22,2026-08-29,SETTLED
TXN-43578,ACC-1300,378282.35,2026-08-17,SETTLED
TXN-21588,ACC-1265,494668.21,2026-07-13,SETTLED
TXN-98149,ACC-1163,58191.16,2026-07-03,PROCESSING
TXN-28367,ACC-1062,434154.67,2026-07-15,PENDING
TXN-30291,ACC-1012,211030.04,2026-08-15,SETTLED
TXN-98546,ACC-1367,407810.65,2026-08-18,PROCESSING
TXN-89397,ACC-1071,455658.29,2026-08-08,SETTLED
TXN-90739,ACC-1122,131495.33,2026-08-24,SETTLED
TXN-31545,ACC-1168,309520.50,2026-07-29,PENDING
TXN-89714,ACC-1023,431237.71,2026-07-31,SETTLED
TXN-52275,ACC-1182,48238.32,2026-08-19,SETTLED
TXN-35846,ACC-1360,356638.77,2026-07-25,PENDING
TXN-67427,ACC-1196,95007.74,2026-07-05,SETTLED
TXN-14974,ACC-1019,12349.43,2026-07-30,PROCESSING
TXN-46490,ACC-1034,101110.89,2026-08-18,PROCESSING
TXN-76796,ACC-1299,450366.24,2026-08-23,SETTLED
TXN-97500,ACC-1057,390028.03,2026-07-04,PENDING
TXN-83597,ACC-1091,481695.07,2026-07-10,SETTLED
TXN-41815,ACC-1310,274464.72,2026-08-10,SETTLED
TXN-23123,ACC-1188,325337.11,2026-07-28,SETTLED
TXN-79317,ACC-1251,120928.53,2026-07-12,SETTLED
TXN-57159,ACC-1308,306977.22,2026-07-03,PROCESSING
TXN-57269,ACC-1196,180550.58,2026-07-21,PROCESSING
TXN-51798,ACC-1298,488376.82,2026-07-13,PENDING
TXN-01209,ACC-1375,293852.90,2026-07-04,SETTLED
TXN-15028,ACC-1344,33673.88,2026-08-07,PROCESSING
TXN-86838,ACC-1092,137737.22,2026-06-30,SETTLED
TXN-90095,ACC-1170,454453.43,2026-08-29,SETTLED
TXN-17000,ACC-1320,51763.24,2026-07-10,SETTLED
TXN-83639,ACC-1022,244603.78,2026-07-14,SETTLED
TXN-01233,ACC-1106,176374.80,2026-07-13,PROCESSING
TXN-50776,ACC-1276,165174.74,2026-07-02,PENDING
TXN-59298,ACC-1177,40791.05,2026-07-05,PENDING
TXN-69830,ACC-1376,92482.90,2026-08-07,SETTLED
TXN-72511,ACC-1253,212419.76,2026-07-23,PROCESSING
TXN-31133,ACC-1158,263541.83,2026-07-03,PENDING
TXN-28672,ACC-1281,76932.51,2026-08-13,SETTLED
TXN-52557,ACC-1031,349627.77,2026-07-06,SETTLED
TXN-61460,ACC-1008,331328.46,2026-08-24,PENDING
TXN-76917,ACC-1020,48455.36,2026-07-13,PENDING
TXN-16308,ACC-1177,212358.20,2026-08-15,PROCESSING
TXN-56062,ACC-1050,263918.76,2026-08-27,PENDING
TXN-57383,ACC-1396,238968.12,2026-07-16,PENDING
TXN-99120,ACC-1254,481010.99,2026-07-19,SETTLED
TXN-66011,ACC-1147,312213.12,2026-07-18,SETTLED
TXN-18870,ACC-1074,430241.46,2026-07-09,SETTLED
TXN-74595,ACC-1096,21314.23,2026-07-01,SETTLED
TXN-64009,ACC-1158,85417.13,2026-08-17,SETTLED
TXN-47058,ACC-1281,304303.83,2026-08-24,PENDING
TXN-31129,ACC-1020,158744.25,2026-07-12,PROCESSING
TXN-06437,ACC-1277,31117.17,2026-07-24,SETTLED
TXN-83730,ACC-1138,23348.16,2026-08-17,SETTLED
TXN-49083,ACC-1070,43307.43,2026-07-18,SETTLED
TXN-51751,ACC-1221,217993.68,2026-07-15,PENDING
TXN-09873,ACC-1364,63183.02,2026-08-06,PROCESSING
TXN-07968,ACC-1088,368737.43,2026-08-19,SETTLED
TXN-72233,ACC-1138,296457.53,2026-08-14,PROCESSING
TXN-38335,ACC-1082,186560.99,2026-08-05,PROCESSING
TXN-19727,ACC-1225,52130.57,2026-07-22,PROCESSING
TXN-34815,ACC-1040,229472.81,2026-08-09,SETTLED
TXN-49157,ACC-1343,149312.50,2026-08-24,SETTLED
TXN-53369,ACC-1110,20806.95,2026-08-23,SETTLED
TXN-81890,ACC-1346,38385.22,2026-07-19,SETTLED
TXN-30050,ACC-1015,23972.33,2026-08-27,PENDING
TXN-68281,ACC-1170,278179.00,2026-07-23,PENDING
TXN-43316,ACC-1306,371478.45,2026-08-23,SETTLED
TXN-80508,ACC-1130,395904.68,2026-08-10,PENDING
TXN-01850,ACC-1369,479576.47,2026-08-13,PROCESSING
TXN-99807,ACC-1339,139403.37,2026-06-30,SETTLED
TXN-06969,ACC-1377,196633.85,2026-08-17,SETTLED
TXN-28254,ACC-1157,413160.01,2026-08-05,SETTLED
TXN-72069,ACC-1288,13027.16,2026-08-17,PROCESSING
TXN-15454,ACC-1235,171482.65,2026-08-09,PENDING
TXN-38069,ACC-1214,64888.38,2026-07-08,PROCESSING
TXN-14435,ACC-1037,420786.63,2026-07-10,SETTLED
TXN-04225,ACC-1310,150817.32,2026-07-20,PENDING
TXN-65881,ACC-1295,7459.51,2026-07-13,SETTLED
TXN-14327,ACC-1036,76259.28,2026-08-21,SETTLED
TXN-86760,ACC-1350,60567.50,2026-07-01,SETTLED
TXN-33792,ACC-1180,19692.82,2026-07-28,PROCESSING
TXN-58187,ACC-1344,231476.09,2026-08-14,PROCESSING
TXN-39706,ACC-1033,224998.60,2026-08-07,SETTLED
TXN-08497,ACC-1315,270560.27,2026-07-16,SETTLED
TXN-72263,ACC-1211,94384.59,2026-07-31,SETTLED
TXN-82757,ACC-1225,239756.88,2026-08-01,PENDING
TXN-86818,ACC-1237,278761.26,2026-08-17,SETTLED
TXN-01013,ACC-1036,320985.44,2026-07-05,PROCESSING
TXN-64320,ACC-1380,196206.19,2026-07-04,SETTLED
TXN-89342,ACC-1104,354605.46,2026-08-20,SETTLED
TXN-31073,ACC-1161,449953.39,2026-07-17,PROCESSING
TXN-07854,ACC-1102,228568.17,2026-07-05,SETTLED
TXN-86581,ACC-1031,148021.88,2026-08-25,SETTLED
TXN-22160,ACC-1397,187725.77,2026-07-08,PROCESSING
TXN-27425,ACC-1032,167325.43,2026-07-30,PENDING
TXN-58126,ACC-1277,383037.10,2026-08-20,SETTLED
TXN-01501,ACC-1118,113283.26,2026-07-09,SETTLED
TXN-82887,ACC-1027,97795.99,2026-08-10,SETTLED
TXN-38974,ACC-1051,244773.24,2026-08-24,PROCESSING
TXN-66754,ACC-1304,263441.61,2026-07-22,PROCESSING
TXN-06067,ACC-1066,113790.54,2026-07-07,SETTLED
TXN-86724,ACC-1070,80213.01,2026-08-21,PROCESSING
TXN-26360,ACC-1072,102310.71,2026-08-11,SETTLED
TXN-73333,ACC-1378,403444.69,2026-07-21,PENDING
TXN-71411,ACC-1029,453998.69,2026-08-22,SETTLED
TXN-37310,ACC-1074,476445.32,2026-08-14,SETTLED
TXN-54369,ACC-1080,391330.72,2026-08-16,PENDING
TXN-48440,ACC-1006,467397.30,2026-07-09,SETTLED
TXN-17645,ACC-1078,116320.64,2026-08-20,SETTLED
TXN-15287,ACC-1279,321628.98,2026-08-12,SETTLED
TXN-46194,ACC-1131,142670.24,2026-07-02,SETTLED
TXN-47578,ACC-1051,102935.49,2026-07-07,SETTLED
TXN-10221,ACC-1144,318141.26,2026-07-26,SETTLED
TXN-98345,ACC-1028,182047.46,2026-08-13,PROCESSING
TXN-38179,ACC-1006,27481.90,2026-07-31,PENDING
TXN-34927,ACC-1092,433763.48,2026-07-12,SETTLED
TXN-02347,ACC-1294,326197.21,2026-08-13,SETTLED
TXN-18142,ACC-1315,118751.66,2026-06-30,PROCESSING
TXN-51180,ACC-1359,286959.55,2026-07-16,SETTLED
TXN-34555,ACC-1101,102473.97,2026-07-10,PENDING
TXN-06436,ACC-1071,445555.31,2026-08-07,SETTLED
TXN-56107,ACC-1340,87923.46,2026-07-05,SETTLED
TXN-75877,ACC-1397,392914.91,2026-08-14,SETTLED
TXN-71571,ACC-1024,46794.60,2026-08-03,PENDING
TXN-15344,ACC-1055,491937.36,2026-07-12,SETTLED
TXN-18799,ACC-1087,200881.62,2026-08-11,SETTLED
TXN-87664,ACC-1197,31877.40,2026-07-28,SETTLED
TXN-42919,ACC-1234,263047.67,2026-08-21,PENDING
TXN-28417,ACC-1045,473957.17,2026-08-15,PENDING
TXN-12560,ACC-1397,279314.75,2026-08-10,SETTLED
TXN-13129,ACC-1324,421033.85,2026-08-10,SETTLED
TXN-75110,ACC-1093,411713.42,2026-08-19,SETTLED
TXN-92840,ACC-1134,445432.72,2026-08-17,SETTLED
TXN-49511,ACC-1350,425450.13,2026-08-26,PENDING
TXN-54969,ACC-1352,118381.55,2026-07-18,SETTLED
TXN-85215,ACC-1315,478655.30,2026-07-14,SETTLED
TXN-04494,ACC-1188,117078.13,2026-07-19,SETTLED
TXN-81740,ACC-1040,176962.10,2026-07-14,SETTLED
TXN-89284,ACC-1328,452987.20,2026-07-31,SETTLED
TXN-97754,ACC-1113,280145.23,2026-07-26,SETTLED
TXN-80211,ACC-1230,223552.19,2026-07-19,SETTLED
TXN-74440,ACC-1001,385679.99,2026-08-16,SETTLED
TXN-31097,ACC-1192,430427.96,2026-08-28,SETTLED
TXN-29340,ACC-1099,175678.33,2026-07-24,PENDING
TXN-32126,ACC-1303,304563.67,2026-07-10,SETTLED
TXN-59265,ACC-1224,321350.65,2026-08-29,SETTLED
TXN-04813,ACC-1112,375930.30,2026-07-04,SETTLED
TXN-10628,ACC-1393,168677.80,2026-07-04,PROCESSING
TXN-99984,ACC-1050,13118.08,2026-08-14,SETTLED
TXN-84225,ACC-1069,434396.77,2026-08-02,SETTLED
TXN-46999,ACC-1065,474985.28,2026-08-03,SETTLED
TXN-83633,ACC-1067,496648.11,2026-08-23,SETTLED
TXN-28383,ACC-1293,266253.65,2026-08-03,SETTLED
TXN-52133,ACC-1376,139371.99,2026-08-24,SETTLED
TXN-33626,ACC-1116,142464.56,2026-07-27,SETTLED
TXN-94915,ACC-1081,301843.67,2026-07-16,PENDING
TXN-41252,ACC-1192,380696.61,2026-08-04,SETTLED
TXN-83202,ACC-1193,94579.24,2026-07-06,SETTLED
TXN-81780,ACC-1213,399364.12,2026-08-25,SETTLED
TXN-59641,ACC-1339,261981.25,2026-07-01,PROCESSING
TXN-81255,ACC-1138,259429.75,2026-07-27,SETTLED
TXN-51239,ACC-1255,420251.67,2026-07-31,SETTLED
TXN-91813,ACC-1038,19954.41,2026-07-23,SETTLED
TXN-25601,ACC-1348,294848.27,2026-06-30,SETTLED
TXN-33349,ACC-1334,375127.07,2026-08-19,SETTLED
TXN-44662,ACC-1231,315481.37,2026-08-18,SETTLED
TXN-76390,ACC-1246,110389.21,2026-08-05,PROCESSING
TXN-57519,ACC-1189,217787.27,2026-07-04,SETTLED
TXN-93498,ACC-1283,164203.46,2026-07-18,PENDING
TXN-79596,ACC-1042,451328.80,2026-07-21,SETTLED
TXN-77627,ACC-1183,274121.44,2026-08-20,SETTLED
TXN-51083,ACC-1317,50451.60,2026-07-03,SETTLED
TXN-51574,ACC-1120,401740.05,2026-08-02,SETTLED
TXN-36715,ACC-1239,398371.40,2026-06-30,PROCESSING
TXN-12639,ACC-1020,318923.05,2026-08-18,SETTLED
TXN-27061,ACC-1117,113789.85,2026-07-31,PROCESSING
TXN-31866,ACC-1312,389149.18,2026-08-01,PENDING
TXN-21121,ACC-1327,449830.40,2026-07-11,PENDING
TXN-21526,ACC-1104,39874.16,2026-08-07,PROCESSING
TXN-32596,ACC-1315,361842.11,2026-08-04,SETTLED
TXN-29483,ACC-1241,145962.87,2026-07-27,SETTLED
TXN-20110,ACC-1262,205165.70,2026-08-08,PROCESSING
TXN-03983,ACC-1241,351627.18,2026-07-19,SETTLED
TXN-54975,ACC-1187,240674.72,2026-07-04,SETTLED
TXN-90107,ACC-1117,115112.38,2026-07-09,SETTLED
TXN-44859,ACC-1357,434936.82,2026-07-02,SETTLED
TXN-26414,ACC-1128,378607.30,2026-07-12,SETTLED
TXN-24545,ACC-1075,298802.28,2026-07-24,PROCESSING
TXN-67078,ACC-1342,463456.37,2026-08-23,SETTLED
TXN-05084,ACC-1293,358614.88,2026-07-14,PROCESSING
TXN-63641,ACC-1365,212073.76,2026-07-04,SETTLED
TXN-84120,ACC-1049,431439.88,2026-08-14,SETTLED
TXN-25867,ACC-1186,303977.29,2026-08-11,PROCESSING
TXN-36357,ACC-1276,228806.58,2026-08-18,SETTLED
TXN-79180,ACC-1193,250715.31,2026-07-04,SETTLED
TXN-06838,ACC-1337,88015.78,2026-07-25,SETTLED
TXN-34973,ACC-1078,258619.61,2026-08-24,PROCESSING
TXN-75105,ACC-1088,201563.52,2026-07-17,PROCESSING
TXN-29672,ACC-1331,185359.39,2026-08-11,PROCESSING
TXN-83432,ACC-1009,35029.52,2026-07-13,SETTLED
TXN-32790,ACC-1115,454261.21,2026-07-03,SETTLED
TXN-02097,ACC-1051,93838.62,2026-07-09,PROCESSING
TXN-15303,ACC-1069,448510.26,2026-07-20,SETTLED
TXN-05683,ACC-1206,375510.93,2026-08-17,SETTLED
TXN-46370,ACC-1086,288181.15,2026-08-15,PROCESSING
TXN-91629,ACC-1297,173721.23,2026-07-24,PENDING
TXN-68998,ACC-1359,81124.99,2026-07-29,PENDING
TXN-75034,ACC-1156,28113.41,2026-08-17,SETTLED
TXN-05720,ACC-1310,83734.38,2026-08-25,SETTLED
TXN-34825,ACC-1077,266009.11,2026-07-07,PROCESSING
TXN-31007,ACC-1345,445351.56,2026-07-11,SETTLED
TXN-62520,ACC-1210,350793.41,2026-07-10,PROCESSING
TXN-73728,ACC-1133,408837.01,2026-08-26,SETTLED
TXN-34380,ACC-1046,166703.30,2026-08-16,PROCESSING
TXN-21235,ACC-1112,186200.82,2026-07-08,SETTLED
TXN-09703,ACC-1000,120475.21,2026-07-22,SETTLED
TXN-41275,ACC-1291,73676.70,2026-08-27,PENDING
TXN-50943,ACC-1034,98781.03,2026-07-11,SETTLED
TXN-20189,ACC-1334,29790.59,2026-07-10,SETTLED
TXN-35139,ACC-1076,89019.78,2026-07-24,PROCESSING
TXN-49269,ACC-1171,352166.16,2026-08-23,PROCESSING
TXN-79519,ACC-1338,374616.59,2026-07-08,SETTLED
TXN-97704,ACC-1114,67330.62,2026-07-01,SETTLED
TXN-32084,ACC-1173,12498.75,2026-07-24,SETTLED
TXN-05548,ACC-1359,276843.30,2026-08-03,PENDING
TXN-74258,ACC-1341,150467.33,2026-07-04,SETTLED
TXN-49239,ACC-1184,213567.35,2026-07-23,PENDING
TXN-23318,ACC-1003,110962.41,2026-08-17,SETTLED
TXN-16446,ACC-1179,143491.32,2026-08-14,SETTLED
TXN-46260,ACC-1326,174123.02,2026-08-10,SETTLED
TXN-47099,ACC-1153,236893.34,2026-07-30,SETTLED
TXN-02220,ACC-1214,150628.99,2026-08-14,SETTLED
TXN-62373,ACC-1243,105677.44,2026-08-20,PROCESSING
TXN-84835,ACC-1315,300846.51,2026-08-05,SETTLED
TXN-11329,ACC-1142,429784.56,2026-08-18,SETTLED
TXN-87228,ACC-1331,214674.47,2026-07-10,SETTLED
TXN-73754,ACC-1078,64545.06,2026-07-10,SETTLED
TXN-59807,ACC-1368,9483.64,2026-07-12,SETTLED
TXN-26564,ACC-1242,289128.95,2026-07-12,SETTLED
TXN-31397,ACC-1013,473427.08,2026-07-25,SETTLED
TXN-92263,ACC-1102,98601.51,2026-07-31,SETTLED
TXN-73456,ACC-1128,499039.35,2026-07-19,SETTLED
TXN-27450,ACC-1157,296099.28,2026-07-21,SETTLED
TXN-72942,ACC-1281,85521.97,2026-08-03,PROCESSING
TXN-13322,ACC-1278,54273.02,2026-07-30,PENDING
TXN-50673,ACC-1057,330124.35,2026-08-11,SETTLED
TXN-69757,ACC-1027,329058.82,2026-07-13,SETTLED
TXN-54513,ACC-1129,497445.10,2026-07-31,SETTLED
TXN-29666,ACC-1349,40984.58,2026-07-31,SETTLED
TXN-68189,ACC-1251,257142.86,2026-08-10,SETTLED
TXN-69792,ACC-1187,63221.38,2026-07-16,PROCESSING
TXN-72508,ACC-1045,219213.17,2026-07-19,PROCESSING
TXN-82901,ACC-1279,244133.81,2026-08-01,SETTLED
TXN-77327,ACC-1034,287764.78,2026-07-04,SETTLED
TXN-65715,ACC-1133,334252.65,2026-07-06,SETTLED
TXN-24157,ACC-1174,418785.70,2026-07-04,SETTLED
TXN-67360,ACC-1196,78088.42,2026-07-01,SETTLED
TXN-17787,ACC-1314,242805.97,2026-08-02,PENDING
TXN-53395,ACC-1194,429199.74,2026-07-21,PROCESSING
TXN-47857,ACC-1370,187974.17,2026-08-24,SETTLED
TXN-17243,ACC-1146,34528.19,2026-07-10,SETTLED
TXN-55482,ACC-1282,311766.05,2026-07-04,SETTLED
TXN-23203,ACC-1076,149127.76,2026-08-08,SETTLED
TXN-79821,ACC-1208,472116.74,2026-07-09,SETTLED
TXN-82337,ACC-1286,340486.95,2026-08-29,SETTLED
TXN-92171,ACC-1285,470668.93,2026-08-10,SETTLED
TXN-66680,ACC-1051,348066.06,2026-07-09,SETTLED
TXN-45639,ACC-1162,139988.68,2026-07-06,SETTLED
TXN-21307,ACC-1057,404729.86,2026-07-29,SETTLED
TXN-20724,ACC-1162,390829.97,2026-08-06,PROCESSING
TXN-85972,ACC-1110,493691.86,2026-07-18,PROCESSING
TXN-46174,ACC-1077,51215.54,2026-08-07,SETTLED
TXN-59633,ACC-1008,298213.06,2026-08-06,PENDING
TXN-70320,ACC-1215,156734.22,2026-07-03,SETTLED
TXN-54977,ACC-1361,305259.92,2026-08-04,SETTLED
TXN-52333,ACC-1094,111224.74,2026-08-29,PROCESSING
TXN-36721,ACC-1167,164130.31,2026-07-19,SETTLED
TXN-08037,ACC-1112,368390.78,2026-07-11,SETTLED
TXN-21826,ACC-1143,293665.40,2026-07-30,SETTLED
TXN-35081,ACC-1390,395474.56,2026-07-30,PROCESSING
TXN-32842,ACC-1006,348151.12,2026-07-28,SETTLED
TXN-07243,ACC-1380,454602.08,2026-07-03,PENDING
TXN-44605,ACC-1219,272760.20,2026-07-11,SETTLED
TXN-10638,ACC-1262,380046.86,2026-07-18,PENDING
TXN-95065,ACC-1138,420820.62,2026-08-23,SETTLED
TXN-12290,ACC-1297,245284.96,2026-07-13,SETTLED
TXN-06172,ACC-1224,352571.04,2026-08-04,PENDING
TXN-31936,ACC-1358,418398.22,2026-07-03,PROCESSING
TXN-89009,ACC-1302,154661.91,2026-08-28,SETTLED
TXN-33335,ACC-1387,128598.67,2026-08-16,SETTLED
TXN-82667,ACC-1372,494252.60,2026-07-17,SETTLED
TXN-24393,ACC-1397,264999.44,2026-08-20,PENDING
TXN-13037,ACC-1207,393457.08,2026-07-31,SETTLED
TXN-30032,ACC-1286,470224.69,2026-08-26,PROCESSING
TXN-99416,ACC-1105,356885.38,2026-07-05,SETTLED
TXN-78975,ACC-1233,194170.98,2026-08-23,SETTLED
TXN-14214,ACC-1233,91126.38,2026-07-20,PENDING
TXN-27451,ACC-1012,87386.59,2026-07-16,SETTLED
TXN-06472,ACC-1316,121780.80,2026-08-27,SETTLED
TXN-12758,ACC-1025,15849.90,2026-08-24,SETTLED
TXN-06278,ACC-1161,20507.68,2026-07-08,SETTLED
TXN-95042,ACC-1069,144739.73,2026-08-10,SETTLED
TXN-97844,ACC-1000,493154.19,2026-08-28,PROCESSING
TXN-76731,ACC-1016,117851.73,2026-08-21,SETTLED
TXN-38371,ACC-1155,231891.23,2026-08-10,SETTLED
TXN-34672,ACC-1155,116113.18,2026-08-07,SETTLED
TXN-22264,ACC-1300,211521.40,2026-07-17,PENDING
TXN-13010,ACC-1010,162790.95,2026-07-26,SETTLED
TXN-44494,ACC-1287,75570.17,2026-08-17,SETTLED
TXN-61005,ACC-1014,202240.09,2026-07-24,PROCESSING
TXN-55041,ACC-1088,342433.38,2026-08-11,SETTLED
TXN-27758,ACC-1102,291790.07,2026-08-08,SETTLED
TXN-45913,ACC-1174,194373.05,2026-07-08,SETTLED
TXN-40890,ACC-1074,198605.64,2026-06-30,PENDING
TXN-70416,ACC-1272,61868.47,2026-07-05,SETTLED
TXN-28702,ACC-1189,491144.78,2026-07-31,PENDING
TXN-96553,ACC-1001,482420.65,2026-07-08,PENDING
TXN-19019,ACC-1047,475265.65,2026-08-29,PROCESSING
TXN-47927,ACC-1021,420290.75,2026-07-02,SETTLED
TXN-44733,ACC-1234,301938.84,2026-07-02,SETTLED
TXN-99741,ACC-1297,384590.40,2026-08-27,SETTLED
TXN-64699,ACC-1044,495329.97,2026-07-27,SETTLED
TXN-59445,ACC-1264,454009.09,2026-07-28,SETTLED
TXN-32057,ACC-1190,255753.89,2026-07-05,PENDING
TXN-41230,ACC-1035,444780.38,2026-07-11,PENDING
TXN-41851,ACC-1029,378678.46,2026-07-18,PENDING
TXN-97143,ACC-1095,476270.02,2026-08-19,SETTLED
TXN-34711,ACC-1384,255971.04,2026-08-22,PENDING
TXN-03920,ACC-1037,141847.65,2026-08-02,PROCESSING
TXN-75612,ACC-1289,173285.12,2026-07-11,SETTLED
TXN-94489,ACC-1179,448089.02,2026-08-17,SETTLED
TXN-13286,ACC-1117,90928.79,2026-08-08,SETTLED
TXN-13001,ACC-1168,190525.11,2026-07-24,SETTLED
TXN-55806,ACC-1135,314801.24,2026-07-27,SETTLED
TXN-38211,ACC-1210,240232.62,2026-08-22,PENDING
TXN-01523,ACC-1308,436341.34,2026-08-18,SETTLED
TXN-99235,ACC-1096,424379.34,2026-07-15,SETTLED
TXN-93007,ACC-1286,78721.07,2026-07-10,PENDING
TXN-27277,ACC-1228,267533.99,2026-07-10,SETTLED
TXN-66349,ACC-1280,354780.35,2026-07-10,PROCESSING
TXN-56959,ACC-1235,17332.70,2026-07-20,PROCESSING
TXN-44999,ACC-1158,248202.75,2026-07-02,SETTLED
TXN-27709,ACC-1175,451900.74,2026-08-21,PROCESSING
TXN-15852,ACC-1045,367728.83,2026-07-31,SETTLED
TXN-36087,ACC-1328,21735.90,2026-08-05,SETTLED
TXN-42643,ACC-1317,76277.52,2026-07-31,PENDING
TXN-75123,ACC-1203,297159.18,2026-07-08,PENDING
TXN-53373,ACC-1287,129705.79,2026-07-14,SETTLED
TXN-29009,ACC-1063,58832.18,2026-08-11,PENDING
TXN-53078,ACC-1023,307703.60,2026-07-15,PROCESSING
TXN-60575,ACC-1380,429527.53,2026-07-09,PENDING
TXN-63453,ACC-1002,327937.50,2026-08-14,SETTLED
TXN-16981,ACC-1212,267479.38,2026-07-24,SETTLED
TXN-97629,ACC-1252,14625.92,2026-08-22,SETTLED
TXN-07979,ACC-1264,187121.78,2026-08-09,SETTLED
TXN-16660,ACC-1128,67190.31,2026-08-25,SETTLED
TXN-37374,ACC-1131,92511.36,2026-07-11,SETTLED
TXN-55399,ACC-1315,417324.66,2026-08-14,SETTLED
TXN-30570,ACC-1203,342700.89,2026-08-24,SETTLED
TXN-36915,ACC-1346,335551.82,2026-07-07,SETTLED
TXN-67421,ACC-1163,344457.90,2026-07-27,SETTLED
TXN-08379,ACC-1012,225480.34,2026-07-10,SETTLED
TXN-65017,ACC-1121,499946.57,2026-07-09,SETTLED
TXN-21409,ACC-1085,145194.93,2026-08-09,SETTLED
TXN-28944,ACC-1365,384353.72,2026-07-17,PROCESSING
TXN-75399,ACC-1078,435269.09,2026-07-25,SETTLED
TXN-13228,ACC-1353,457481.91,2026-07-18,PENDING
TXN-84755,ACC-1137,256830.03,2026-07-30,SETTLED
TXN-86589,ACC-1044,201860.06,2026-08-04,PENDING
TXN-56794,ACC-1033,433133.99,2026-07-20,SETTLED
TXN-73093,ACC-1023,435605.31,2026-07-18,SETTLED
TXN-80823,ACC-1167,45538.15,2026-07-17,SETTLED
TXN-64637,ACC-1230,114803.65,2026-08-29,PROCESSING
TXN-57128,ACC-1242,149809.31,2026-07-10,SETTLED
TXN-28231,ACC-1067,142968.39,2026-08-15,SETTLED
TXN-41360,ACC-1277,100083.05,2026-07-18,SETTLED
TXN-01677,ACC-1041,444259.63,2026-08-06,SETTLED
TXN-57752,ACC-1205,158315.58,2026-08-15,SETTLED
TXN-51714,ACC-1153,353744.64,2026-07-05,PROCESSING
TXN-69424,ACC-1368,456041.86,2026-08-03,PROCESSING
TXN-19404,ACC-1077,472616.44,2026-08-29,SETTLED
TXN-67960,ACC-1115,260924.62,2026-07-05,PENDING
TXN-19852,ACC-1173,301990.02,2026-07-01,PROCESSING
TXN-23403,ACC-1221,455113.91,2026-07-09,SETTLED
TXN-51178,ACC-1215,266245.75,2026-07-03,SETTLED
TXN-57978,ACC-1266,441132.33,2026-08-29,PENDING
TXN-04020,ACC-1259,369297.65,2026-08-07,PENDING
TXN-36836,ACC-1070,466015.55,2026-08-20,PROCESSING
TXN-91987,ACC-1084,154136.34,2026-07-30,SETTLED
TXN-49028,ACC-1325,397894.36,2026-08-17,SETTLED
TXN-80242,ACC-1114,209073.18,2026-08-19,PENDING
TXN-92921,ACC-1319,256023.88,2026-08-19,SETTLED
TXN-35408,ACC-1305,313800.80,2026-07-19,SETTLED
TXN-69336,ACC-1043,52701.41,2026-07-12,SETTLED
TXN-34632,ACC-1362,447247.97,2026-08-27,SETTLED
TXN-19298,ACC-1267,364022.29,2026-07-04,SETTLED
TXN-87749,ACC-1385,414802.26,2026-08-29,PENDING
TXN-67560,ACC-1002,198263.37,2026-07-22,SETTLED
TXN-11590,ACC-1239,350227.08,2026-07-07,SETTLED
TXN-98425,ACC-1293,307073.18,2026-06-30,SETTLED
TXN-77181,ACC-1017,414085.44,2026-08-23,SETTLED
TXN-43928,ACC-1386,58404.70,2026-08-02,PENDING
TXN-85229,ACC-1380,440080.10,2026-07-07,PROCESSING
TXN-96063,ACC-1095,435974.02,2026-08-26,PENDING
TXN-03439,ACC-1178,188758.19,2026-08-04,SETTLED
TXN-74211,ACC-1059,437906.96,2026-07-15,PROCESSING
TXN-89305,ACC-1335,7553.65,2026-07-16,PENDING
TXN-59690,ACC-1118,293091.11,2026-07-19,PENDING
TXN-74939,ACC-1346,230471.97,2026-07-13,PENDING
TXN-54121,ACC-1314,241871.34,2026-07-06,SETTLED
TXN-32773,ACC-1153,307751.81,2026-08-18,SETTLED
TXN-85015,ACC-1007,427175.93,2026-07-01,SETTLED
TXN-57831,ACC-1211,37911.84,2026-08-19,SETTLED
TXN-97993,ACC-1305,337077.86,2026-07-24,PROCESSING
TXN-09944,ACC-1246,348570.74,2026-07-02,SETTLED
TXN-64670,ACC-1185,434460.31,2026-07-29,PENDING
TXN-17895,ACC-1031,223049.63,2026-07-26,SETTLED
TXN-36969,ACC-1186,312732.84,2026-07-02,PROCESSING
TXN-58598,ACC-1148,139725.88,2026-08-21,PENDING
TXN-67923,ACC-1190,53735.12,2026-08-21,PENDING
TXN-28328,ACC-1061,429459.36,2026-08-28,PROCESSING
TXN-74447,ACC-1208,315697.81,2026-08-06,PENDING
TXN-28040,ACC-1164,7688.26,2026-07-24,SETTLED
TXN-19149,ACC-1245,24044.63,2026-07-21,SETTLED
TXN-98329,ACC-1108,6877.91,2026-07-20,PROCESSING
TXN-82181,ACC-1155,225357.12,2026-08-04,SETTLED
TXN-05311,ACC-1142,132896.94,2026-08-09,SETTLED
TXN-75308,ACC-1117,475832.10,2026-07-09,SETTLED
TXN-57045,ACC-1355,81537.43,2026-08-10,SETTLED
TXN-13937,ACC-1103,215545.49,2026-08-28,SETTLED
TXN-39587,ACC-1095,237515.47,2026-07-06,PROCESSING
TXN-26887,ACC-1092,231763.67,2026-07-22,SETTLED
TXN-87099,ACC-1251,215866.77,2026-08-19,PENDING
TXN-23459,ACC-1128,9585.25,2026-07-16,SETTLED
TXN-97951,ACC-1120,482367.44,2026-07-16,SETTLED
TXN-43861,ACC-1393,214186.36,2026-07-26,SETTLED
TXN-06800,ACC-1302,464067.01,2026-08-06,SETTLED
TXN-18478,ACC-1081,289235.53,2026-08-23,SETTLED
TXN-35705,ACC-1029,410418.36,2026-08-21,PROCESSING
TXN-58446,ACC-1034,214788.84,2026-07-04,SETTLED
TXN-76080,ACC-1246,448428.86,2026-07-26,SETTLED
TXN-89016,ACC-1072,494518.67,2026-07-26,SETTLED
TXN-73585,ACC-1283,475825.43,2026-07-07,SETTLED
TXN-99335,ACC-1003,276094.28,2026-07-17,SETTLED
TXN-22047,ACC-1016,388281.87,2026-08-26,SETTLED
TXN-14866,ACC-1240,28150.70,2026-08-01,SETTLED
TXN-35911,ACC-1146,25802.55,2026-08-14,PENDING
TXN-47384,ACC-1286,50946.61,2026-08-26,SETTLED
TXN-59570,ACC-1013,100243.82,2026-08-03,SETTLED
TXN-43223,ACC-1095,130484.96,2026-08-17,SETTLED
TXN-38846,ACC-1230,483386.19,2026-07-07,PROCESSING
TXN-99999,ACC-1177,212757.28,2026-07-28,PROCESSING
TXN-92863,ACC-1221,467846.31,2026-08-19,SETTLED
TXN-79945,ACC-1115,478415.18,2026-08-13,SETTLED
TXN-93151,ACC-1022,224495.67,2026-07-06,SETTLED
TXN-05787,ACC-1221,95332.17,2026-08-08,PROCESSING
TXN-05676,ACC-1308,293287.85,2026-07-23,PROCESSING
TXN-68727,ACC-1289,216313.19,2026-07-10,SETTLED
TXN-29787,ACC-1067,428264.95,2026-08-08,PENDING
TXN-60359,ACC-1171,20454.75,2026-07-30,SETTLED
TXN-09348,ACC-1261,70037.92,2026-08-05,SETTLED
TXN-49376,ACC-1267,121897.80,2026-08-08,SETTLED
TXN-09010,ACC-1097,441364.79,2026-07-23,SETTLED
TXN-32712,ACC-1304,496660.40,2026-07-08,PROCESSING
TXN-50268,ACC-1214,73504.21,2026-07-19,PENDING
TXN-64892,ACC-1245,355097.59,2026-07-11,PENDING
TXN-07454,ACC-1015,73251.24,2026-07-29,SETTLED
TXN-92519,ACC-1280,385125.50,2026-07-09,PROCESSING
TXN-41170,ACC-1391,350768.47,2026-07-26,PENDING
TXN-07982,ACC-1095,125139.94,2026-08-23,SETTLED
TXN-22276,ACC-1040,493627.02,2026-07-09,PROCESSING
TXN-02962,ACC-1234,438588.35,2026-07-21,PENDING
TXN-04253,ACC-1048,73115.23,2026-08-26,SETTLED
TXN-84245,ACC-1322,178345.56,2026-08-07,SETTLED
TXN-17998,ACC-1101,179706.71,2026-08-01,SETTLED
TXN-66763,ACC-1298,191791.19,2026-08-11,SETTLED
TXN-83393,ACC-1277,158059.65,2026-08-02,SETTLED
TXN-48919,ACC-1053,372196.01,2026-08-11,SETTLED
TXN-53130,ACC-1053,155407.16,2026-08-15,PENDING
TXN-43276,ACC-1338,490034.30,2026-07-21,SETTLED
TXN-78665,ACC-1046,331458.71,2026-07-04,SETTLED
TXN-25904,ACC-1059,326339.47,2026-07-29,SETTLED
TXN-34403,ACC-1136,386803.16,2026-08-09,SETTLED
TXN-79944,ACC-1295,129628.99,2026-08-01,SETTLED
TXN-14503,ACC-1326,100770.23,2026-08-25,SETTLED
TXN-71851,ACC-1116,473898.74,2026-07-11,SETTLED
TXN-36132,ACC-1192,53927.35,2026-06-30,SETTLED
TXN-43871,ACC-1148,323134.63,2026-08-02,SETTLED
TXN-02127,ACC-1272,369843.88,2026-08-05,SETTLED
TXN-02721,ACC-1039,325252.81,2026-08-24,SETTLED
TXN-89958,ACC-1096,297603.65,2026-07-15,SETTLED
TXN-83200,ACC-1115,352069.23,2026-08-16,SETTLED
TXN-66372,ACC-1131,448355.95,2026-08-25,SETTLED
TXN-35823,ACC-1005,155156.82,2026-07-11,SETTLED
TXN-03411,ACC-1085,293576.82,2026-07-20,SETTLED
TXN-43798,ACC-1017,303997.86,2026-07-06,SETTLED
TXN-01804,ACC-1039,382938.37,2026-08-21,SETTLED
TXN-32714,ACC-1161,185161.92,2026-07-14,SETTLED
TXN-57556,ACC-1207,121029.42,2026-08-13,SETTLED
TXN-61685,ACC-1397,419708.62,2026-07-29,SETTLED
TXN-46996,ACC-1042,364506.01,2026-07-06,SETTLED
TXN-04598,ACC-1210,128012.35,2026-08-13,PROCESSING
TXN-60882,ACC-1115,456054.05,2026-07-20,PENDING
TXN-56853,ACC-1379,140101.25,2026-06-30,SETTLED
TXN-28084,ACC-1236,47837.54,2026-07-23,SETTLED
TXN-66636,ACC-1387,208597.12,2026-07-24,PROCESSING
TXN-13429,ACC-1040,415556.08,2026-07-23,PROCESSING
TXN-02351,ACC-1067,174083.94,2026-08-13,SETTLED
TXN-77602,ACC-1040,497251.19,2026-08-23,SETTLED
TXN-30544,ACC-1039,111732.94,2026-07-29,SETTLED
TXN-87081,ACC-1141,398703.31,2026-07-04,SETTLED
TXN-06306,ACC-1055,47168.30,2026-08-09,SETTLED
TXN-31010,ACC-1123,481938.79,2026-08-29,SETTLED
TXN-82232,ACC-1288,474368.72,2026-08-03,PENDING
TXN-03060,ACC-1356,220259.09,2026-08-24,SETTLED
TXN-36145,ACC-1049,94519.08,2026-07-09,SETTLED
TXN-45894,ACC-1297,280380.51,2026-07-27,SETTLED
TXN-96596,ACC-1130,211882.25,2026-08-05,PROCESSING
TXN-39501,ACC-1121,164725.09,2026-07-13,SETTLED
TXN-38832,ACC-1040,71167.85,2026-07-12,SETTLED
TXN-14996,ACC-1144,407976.99,2026-08-02,PENDING
TXN-96011,ACC-1059,43620.93,2026-08-21,SETTLED
TXN-50683,ACC-1104,106826.51,2026-07-12,SETTLED
TXN-35804,ACC-1019,292721.64,2026-08-02,PENDING
TXN-62049,ACC-1177,485899.89,2026-07-19,SETTLED
TXN-36502,ACC-1077,282905.86,2026-07-06,SETTLED
TXN-83046,ACC-1003,290395.20,2026-08-12,SETTLED
TXN-01600,ACC-1113,154852.95,2026-07-27,SETTLED
TXN-95306,ACC-1283,211323.81,2026-07-23,SETTLED
TXN-92175,ACC-1162,292954.31,2026-07-18,SETTLED
TXN-77082,ACC-1044,446952.19,2026-07-17,PROCESSING
TXN-82658,ACC-1350,297325.48,2026-08-24,SETTLED
TXN-92816,ACC-1373,382282.02,2026-08-27,PENDING
TXN-36548,ACC-1281,279089.46,2026-07-21,SETTLED
TXN-55211,ACC-1032,89832.87,2026-08-28,SETTLED
TXN-77891,ACC-1380,315606.19,2026-07-25,PENDING
TXN-54337,ACC-1089,344205.90,2026-08-16,PENDING
TXN-27453,ACC-1219,409459.91,2026-08-17,PENDING
TXN-66928,ACC-1195,172427.38,2026-07-30,PENDING
TXN-61072,ACC-1191,204391.53,2026-08-05,SETTLED
TXN-89801,ACC-1395,132368.34,2026-08-27,PROCESSING
TXN-96996,ACC-1167,279265.26,2026-08-20,SETTLED
TXN-49008,ACC-1230,327859.17,2026-08-09,SETTLED
TXN-72567,ACC-1329,154992.68,2026-08-03,SETTLED
TXN-05658,ACC-1381,445707.52,2026-08-01,SETTLED
TXN-94412,ACC-1057,350384.80,2026-07-11,SETTLED
TXN-96136,ACC-1343,304138.74,2026-07-02,PROCESSING
TXN-42829,ACC-1282,254146.28,2026-07-09,PENDING
TXN-70004,ACC-1395,181610.40,2026-07-26,SETTLED
TXN-31505,ACC-1315,478124.47,2026-08-25,SETTLED
TXN-21451,ACC-1183,264068.66,2026-06-30,SETTLED
TXN-04985,ACC-1302,36175.76,2026-08-12,SETTLED
TXN-67576,ACC-1057,193624.78,2026-07-07,SETTLED
TXN-71978,ACC-1009,176522.15,2026-08-07,SETTLED
TXN-27643,ACC-1112,323265.56,2026-08-12,PROCESSING
TXN-03626,ACC-1289,370324.51,2026-06-30,SETTLED
TXN-89743,ACC-1006,111688.34,2026-07-27,SETTLED
TXN-02203,ACC-1258,313627.21,2026-08-13,SETTLED
TXN-80837,ACC-1363,292465.41,2026-07-08,SETTLED
TXN-56600,ACC-1004,301446.70,2026-08-25,SETTLED
TXN-98636,ACC-1372,131787.72,2026-08-19,SETTLED
TXN-08902,ACC-1286,403115.52,2026-08-17,PENDING
TXN-03385,ACC-1081,109355.99,2026-06-30,SETTLED
TXN-13911,ACC-1241,141229.01,2026-07-28,SETTLED
TXN-62459,ACC-1147,425372.05,2026-07-10,SETTLED
TXN-35573,ACC-1096,137195.61,2026-07-18,PENDING
TXN-71670,ACC-1003,65996.71,2026-07-07,PENDING
TXN-22894,ACC-1238,326417.99,2026-07-24,PENDING
TXN-14198,ACC-1024,77789.72,2026-07-19,SETTLED
TXN-57764,ACC-1252,99141.99,2026-07-18,SETTLED
TXN-88990,ACC-1297,231425.16,2026-08-19,PROCESSING
TXN-51500,ACC-1030,154563.16,2026-08-04,SETTLED
TXN-72769,ACC-1227,150937.14,2026-07-08,SETTLED
TXN-67376,ACC-1309,454099.10,2026-08-21,SETTLED
TXN-89730,ACC-1055,191382.38,2026-07-09,PROCESSING
TXN-11643,ACC-1313,494779.94,2026-07-30,SETTLED
TXN-01733,ACC-1094,249433.59,2026-07-01,SETTLED
TXN-21358,ACC-1037,351532.50,2026-07-21,SETTLED
TXN-05210,ACC-1378,82637.91,2026-08-15,PROCESSING
TXN-22573,ACC-1256,461660.51,2026-07-17,SETTLED
TXN-26835,ACC-1264,230707.10,2026-07-03,PROCESSING
TXN-99434,ACC-1025,499287.20,2026-08-02,SETTLED
TXN-60463,ACC-1182,163047.11,2026-08-13,PROCESSING
TXN-27249,ACC-1287,496011.49,2026-08-15,SETTLED
TXN-62128,ACC-1126,145255.91,2026-07-25,SETTLED
TXN-40426,ACC-1352,227467.18,2026-08-28,SETTLED
TXN-62314,ACC-1027,459957.65,2026-08-29,SETTLED
TXN-88659,ACC-1319,188686.63,2026-08-05,SETTLED
TXN-76624,ACC-1330,221014.26,2026-08-17,SETTLED
TXN-61297,ACC-1095,304076.20,2026-08-18,SETTLED
TXN-31769,ACC-1258,387374.27,2026-07-29,SETTLED
TXN-23267,ACC-1036,499618.81,2026-06-30,SETTLED
TXN-03693,ACC-1393,259917.07,2026-07-11,PROCESSING
TXN-99693,ACC-1137,139483.46,2026-08-10,SETTLED
TXN-01223,ACC-1188,119207.64,2026-08-15,SETTLED
TXN-72291,ACC-1009,455805.69,2026-07-02,PROCESSING
TXN-60329,ACC-1221,303210.87,2026-07-15,PROCESSING
TXN-48082,ACC-1261,251458.85,2026-08-09,SETTLED
TXN-03338,ACC-1272,493024.83,2026-08-17,SETTLED
TXN-87141,ACC-1303,426060.78,2026-07-10,SETTLED
TXN-72621,ACC-1210,407457.80,2026-08-12,SETTLED
TXN-42802,ACC-1256,335821.64,2026-07-01,SETTLED
TXN-32684,ACC-1179,238296.17,2026-07-10,SETTLED
TXN-84408,ACC-1079,469864.85,2026-08-02,SETTLED
TXN-40417,ACC-1174,81247.96,2026-08-15,SETTLED
TXN-28177,ACC-1365,300676.58,2026-08-05,SETTLED
TXN-58394,ACC-1182,81539.41,2026-07-24,PROCESSING
TXN-59257,ACC-1023,383576.46,2026-08-24,SETTLED
TXN-71179,ACC-1362,203400.92,2026-07-09,SETTLED
TXN-05585,ACC-1201,431047.02,2026-07-20,SETTLED
TXN-66132,ACC-1363,429535.22,2026-08-09,SETTLED
TXN-11079,ACC-1343,316963.69,2026-07-04,SETTLED
TXN-82746,ACC-1324,375430.38,2026-07-04,PENDING
TXN-14725,ACC-1186,288807.59,2026-08-08,SETTLED
TXN-37606,ACC-1319,232102.73,2026-07-19,SETTLED
TXN-33645,ACC-1194,423686.89,2026-08-26,SETTLED
TXN-05572,ACC-1384,449722.07,2026-07-09,SETTLED
TXN-61545,ACC-1087,226956.83,2026-07-11,SETTLED
TXN-61126,ACC-1122,235237.83,2026-07-12,SETTLED
TXN-88733,ACC-1385,169248.46,2026-08-25,SETTLED
TXN-41743,ACC-1165,159746.92,2026-08-08,SETTLED
TXN-39172,ACC-1316,291348.21,2026-07-04,SETTLED
TXN-78228,ACC-1066,126920.64,2026-06-30,PENDING
TXN-39380,ACC-1024,94798.77,2026-07-16,SETTLED
TXN-87877,ACC-1061,302966.01,2026-07-01,SETTLED
TXN-07475,ACC-1205,146666.81,2026-07-04,SETTLED
TXN-26045,ACC-1319,395979.84,2026-08-01,SETTLED
TXN-56016,ACC-1379,291116.91,2026-08-13,SETTLED
TXN-73892,ACC-1337,498289.20,2026-08-11,PROCESSING
TXN-15565,ACC-1083,334841.90,2026-07-01,SETTLED
TXN-09351,ACC-1178,24094.79,2026-08-23,PROCESSING
TXN-99631,ACC-1388,91355.58,2026-07-05,SETTLED
TXN-84850,ACC-1193,291498.60,2026-07-18,PENDING
TXN-75373,ACC-1089,57446.30,2026-07-13,SETTLED
TXN-29457,ACC-1353,217541.71,2026-07-12,SETTLED
TXN-96646,ACC-1365,371116.07,2026-07-31,SETTLED
TXN-28846,ACC-1015,264550.51,2026-08-04,PROCESSING
TXN-12653,ACC-1388,432815.14,2026-08-01,PROCESSING
TXN-86622,ACC-1126,460562.45,2026-07-15,PENDING
TXN-59244,ACC-1028,68190.53,2026-08-17,PROCESSING
TXN-29798,ACC-1071,447930.36,2026-07-07,PROCESSING
TXN-49556,ACC-1052,357696.76,2026-07-27,PROCESSING
TXN-69802,ACC-1181,337752.59,2026-07-30,PROCESSING
TXN-91624,ACC-1221,450030.24,2026-07-24,SETTLED
TXN-75986,ACC-1326,101877.93,2026-07-20,SETTLED
TXN-93228,ACC-1159,175783.90,2026-08-19,PROCESSING
TXN-59061,ACC-1226,404018.25,2026-07-17,PROCESSING
TXN-57155,ACC-1052,461196.20,2026-07-13,SETTLED
TXN-58145,ACC-1378,477479.30,2026-08-24,SETTLED
TXN-36902,ACC-1038,126975.18,2026-07-01,SETTLED
TXN-95983,ACC-1052,254275.46,2026-07-06,SETTLED
TXN-86756,ACC-1049,16441.72,2026-08-01,SETTLED
TXN-30173,ACC-1179,177142.75,2026-08-19,SETTLED
TXN-54803,ACC-1263,131896.80,2026-07-15,SETTLED
TXN-64800,ACC-1073,224295.27,2026-07-15,SETTLED
TXN-37273,ACC-1001,188300.10,2026-07-18,PENDING
TXN-20130,ACC-1111,337037.79,2026-07-16,PROCESSING
TXN-43480,ACC-1104,157694.78,2026-07-21,PENDING
TXN-98933,ACC-1278,225796.48,2026-07-17,SETTLED
TXN-34487,ACC-1279,327055.75,2026-07-22,PENDING
TXN-03318,ACC-1139,59093.26,2026-07-12,SETTLED
TXN-34024,ACC-1243,298416.30,2026-07-17,PENDING
TXN-30456,ACC-1350,261220.94,2026-07-28,SETTLED
TXN-63359,ACC-1280,152212.96,2026-08-03,SETTLED
TXN-47069,ACC-1173,349641.95,2026-07-24,PROCESSING
TXN-36114,ACC-1205,227772.80,2026-07-12,SETTLED
TXN-67050,ACC-1100,156463.72,2026-08-05,PENDING
TXN-64279,ACC-1037,347911.60,2026-07-28,PROCESSING
TXN-87646,ACC-1049,438897.88,2026-07-30,SETTLED
TXN-86303,ACC-1028,429517.71,2026-07-19,SETTLED
TXN-93630,ACC-1030,107021.24,2026-07-26,SETTLED
TXN-88731,ACC-1132,59234.66,2026-08-22,PROCESSING
TXN-97831,ACC-1315,343933.23,2026-08-01,SETTLED
TXN-20861,ACC-1241,43579.69,2026-07-24,PROCESSING
TXN-76089,ACC-1102,265742.39,2026-08-04,PROCESSING
TXN-44847,ACC-1128,269494.13,2026-07-26,SETTLED
TXN-79309,ACC-1386,127621.80,2026-08-19,SETTLED
TXN-73746,ACC-1199,300287.23,2026-08-01,SETTLED
TXN-13504,ACC-1322,208469.51,2026-08-07,SETTLED
TXN-82874,ACC-1034,434825.90,2026-08-15,SETTLED
TXN-66175,ACC-1083,245007.03,2026-07-17,SETTLED
TXN-77981,ACC-1109,44350.72,2026-07-07,SETTLED
TXN-25857,ACC-1274,47677.80,2026-07-22,SETTLED
TXN-81215,ACC-1142,419434.64,2026-08-04,PENDING
TXN-34161,ACC-1048,371413.92,2026-08-21,PROCESSING
TXN-98126,ACC-1053,356850.08,2026-07-16,SETTLED
TXN-11458,ACC-1347,196437.81,2026-07-22,PENDING
TXN-23182,ACC-1146,173479.66,2026-07-17,SETTLED
TXN-83363,ACC-1279,172585.08,2026-07-27,PROCESSING
TXN-40175,ACC-1038,100883.64,2026-08-29,PROCESSING
TXN-67802,ACC-1306,260779.22,2026-08-24,PENDING
TXN-85437,ACC-1254,312522.29,2026-07-08,SETTLED
TXN-73132,ACC-1061,425613.72,2026-07-16,SETTLED
TXN-32132,ACC-1310,334211.30,2026-08-01,SETTLED
TXN-89573,ACC-1134,481275.54,2026-07-13,SETTLED
TXN-41974,ACC-1148,121254.57,2026-06-30,SETTLED
TXN-48846,ACC-1366,316305.86,2026-07-30,SETTLED
TXN-58740,ACC-1033,200617.37,2026-07-29,SETTLED
TXN-89480,ACC-1064,121627.00,2026-07-27,PROCESSING
TXN-94898,ACC-1313,55663.91,2026-08-16,PENDING
TXN-52145,ACC-1308,314976.45,2026-07-23,SETTLED
TXN-34281,ACC-1313,198317.57,2026-07-26,SETTLED
TXN-89160,ACC-1262,310447.17,2026-07-29,SETTLED
TXN-72808,ACC-1140,102243.48,2026-07-29,SETTLED
TXN-90282,ACC-1158,348285.25,2026-07-16,SETTLED
TXN-74312,ACC-1222,372331.03,2026-07-02,SETTLED
TXN-78337,ACC-1064,105348.21,2026-07-14,SETTLED
TXN-82392,ACC-1212,124692.09,2026-07-31,SETTLED
TXN-66526,ACC-1008,333678.17,2026-07-16,PROCESSING
TXN-31071,ACC-1348,284134.17,2026-07-01,SETTLED
TXN-44155,ACC-1097,105462.23,2026-08-08,PENDING
TXN-83311,ACC-1213,475165.11,2026-07-10,SETTLED
TXN-38106,ACC-1325,457234.24,2026-08-29,PROCESSING
TXN-68476,ACC-1170,74663.51,2026-07-29,SETTLED
TXN-51599,ACC-1294,190206.25,2026-08-15,SETTLED
TXN-68600,ACC-1107,27147.79,2026-07-13,SETTLED
TXN-11026,ACC-1230,386548.16,2026-07-08,SETTLED
TXN-69099,ACC-1263,235959.18,2026-08-05,PENDING
TXN-36019,ACC-1100,149584.23,2026-07-05,PENDING
TXN-71058,ACC-1249,409898.49,2026-07-08,PROCESSING
TXN-51603,ACC-1135,259120.70,2026-07-24,PROCESSING
TXN-31461,ACC-1360,376571.23,2026-08-11,SETTLED
TXN-57937,ACC-1110,185035.60,2026-08-22,PENDING
TXN-96324,ACC-1066,98545.94,2026-07-02,SETTLED
TXN-39848,ACC-1208,318271.20,2026-08-19,PENDING
TXN-94853,ACC-1288,247764.67,2026-07-28,SETTLED
TXN-17255,ACC-1226,390996.73,2026-07-03,SETTLED
TXN-74276,ACC-1067,143673.72,2026-07-29,SETTLED
TXN-76550,ACC-1030,419899.33,2026-07-07,SETTLED
TXN-31747,ACC-1024,480932.55,2026-07-28,SETTLED
TXN-37305,ACC-1331,414674.44,2026-08-15,SETTLED
TXN-69665,ACC-1041,82668.30,2026-08-01,PROCESSING
TXN-79157,ACC-1239,324635.44,2026-07-07,SETTLED
TXN-04024,ACC-1173,90578.83,2026-07-08,PENDING
TXN-35920,ACC-1219,335191.17,2026-08-03,SETTLED
TXN-62743,ACC-1350,95808.76,2026-07-01,SETTLED
TXN-70900,ACC-1076,256643.23,2026-08-17,SETTLED
TXN-51473,ACC-1223,204144.86,2026-08-01,PROCESSING
TXN-57393,ACC-1277,370507.74,2026-08-24,SETTLED
TXN-29602,ACC-1018,409927.46,2026-08-02,SETTLED
TXN-91227,ACC-1247,55804.84,2026-07-20,SETTLED
TXN-55297,ACC-1354,246614.53,2026-08-03,PROCESSING
TXN-48595,ACC-1288,129001.27,2026-07-07,SETTLED
TXN-20141,ACC-1102,283141.76,2026-07-12,PENDING
TXN-54257,ACC-1219,372415.29,2026-07-11,SETTLED
TXN-20877,ACC-1341,181314.22,2026-08-10,PENDING
TXN-91233,ACC-1278,79867.43,2026-08-14,PENDING
TXN-95347,ACC-1305,184000.65,2026-07-25,PENDING
TXN-15916,ACC-1333,53877.06,2026-08-04,SETTLED
TXN-01615,ACC-1142,283813.37,2026-07-03,SETTLED
TXN-13034,ACC-1356,52877.42,2026-07-28,PENDING
TXN-27245,ACC-1388,390784.19,2026-07-04,SETTLED
TXN-89427,ACC-1372,311031.30,2026-07-28,PENDING
TXN-39514,ACC-1075,311477.49,2026-08-10,PENDING
TXN-37392,ACC-1178,300619.03,2026-07-23,SETTLED
TXN-92922,ACC-1240,78526.64,2026-07-04,SETTLED
TXN-44905,ACC-1367,175237.63,2026-08-14,SETTLED
TXN-46204,ACC-1356,172083.94,2026-08-06,PROCESSING
TXN-03600,ACC-1365,343496.50,2026-07-28,SETTLED
TXN-69221,ACC-1331,477261.67,2026-08-21,SETTLED
TXN-23550,ACC-1072,330351.24,2026-08-26,SETTLED
TXN-65432,ACC-1108,253044.55,2026-08-13,SETTLED
TXN-38952,ACC-1340,401579.24,2026-07-03,SETTLED
TXN-58175,ACC-1316,429191.01,2026-08-26,PROCESSING
TXN-72076,ACC-1274,235396.39,2026-08-24,SETTLED
TXN-27193,ACC-1103,58358.74,2026-07-10,SETTLED
TXN-45609,ACC-1343,496484.84,2026-08-03,PENDING
TXN-75218,ACC-1283,6802.34,2026-08-05,SETTLED
TXN-98610,ACC-1335,393816.59,2026-07-28,PROCESSING
TXN-45857,ACC-1121,210722.30,2026-08-08,PROCESSING
TXN-70878,ACC-1149,189564.28,2026-07-16,PENDING
TXN-67285,ACC-1178,446698.76,2026-08-29,SETTLED
TXN-92227,ACC-1367,391471.14,2026-07-31,SETTLED
TXN-36879,ACC-1241,257286.69,2026-08-07,SETTLED
TXN-20501,ACC-1293,368140.42,2026-07-27,PENDING
TXN-97384,ACC-1372,235341.19,2026-07-14,SETTLED
TXN-59266,ACC-1355,405342.90,2026-08-16,SETTLED
TXN-46923,ACC-1136,64726.23,2026-07-22,SETTLED
TXN-89924,ACC-1273,204723.61,2026-07-18,SETTLED
TXN-96314,ACC-1059,281717.31,2026-07-11,SETTLED
TXN-23513,ACC-1008,45133.60,2026-08-19,PROCESSING
TXN-54507,ACC-1013,440835.37,2026-08-18,PENDING
TXN-27594,ACC-1345,373199.41,2026-08-24,SETTLED
TXN-58046,ACC-1227,286153.64,2026-07-19,SETTLED
TXN-60645,ACC-1192,199285.46,2026-08-29,SETTLED
TXN-53824,ACC-1002,170673.63,2026-08-29,PROCESSING
TXN-60344,ACC-1323,102028.89,2026-07-14,PROCESSING
TXN-66478,ACC-1083,56503.34,2026-07-15,SETTLED
TXN-96651,ACC-1068,282354.09,2026-08-07,SETTLED
TXN-55679,ACC-1381,443309.74,2026-07-02,SETTLED
TXN-01245,ACC-1399,295420.61,2026-07-28,SETTLED
TXN-83068,ACC-1110,170953.63,2026-08-21,PROCESSING
TXN-39364,ACC-1333,128456.26,2026-07-27,PROCESSING
TXN-37667,ACC-1069,273507.55,2026-08-08,SETTLED
TXN-93124,ACC-1345,353185.84,2026-07-19,SETTLED
TXN-22834,ACC-1287,407838.00,2026-07-30,PROCESSING
TXN-24126,ACC-1198,357008.02,2026-07-14,SETTLED
TXN-53221,ACC-1081,469450.01,2026-07-07,SETTLED
TXN-38488,ACC-1295,262116.48,2026-07-27,PENDING
TXN-12263,ACC-1203,5776.96,2026-08-26,SETTLED
TXN-69882,ACC-1009,143625.09,2026-08-04,PROCESSING
TXN-44531,ACC-1103,182793.46,2026-08-20,PENDING
TXN-23371,ACC-1155,434428.36,2026-08-23,PENDING
TXN-38195,ACC-1173,32127.88,2026-08-03,SETTLED
TXN-37967,ACC-1081,350281.90,2026-07-13,PENDING
TXN-70270,ACC-1108,371569.23,2026-08-09,SETTLED
TXN-35639,ACC-1023,361158.65,2026-07-23,SETTLED
TXN-02864,ACC-1214,163345.62,2026-07-24,SETTLED
TXN-79479,ACC-1306,262680.70,2026-07-17,SETTLED
TXN-07136,ACC-1206,417762.39,2026-08-07,SETTLED
TXN-74228,ACC-1179,71085.98,2026-07-01,SETTLED
TXN-11669,ACC-1048,329565.30,2026-07-16,SETTLED
TXN-68472,ACC-1141,5604.25,2026-08-22,SETTLED
TXN-07517,ACC-1304,463656.72,2026-08-02,PENDING
TXN-10113,ACC-1394,236359.00,2026-07-01,SETTLED
TXN-43470,ACC-1136,71472.95,2026-07-22,PENDING
TXN-47666,ACC-1377,161847.55,2026-07-03,SETTLED
TXN-48770,ACC-1211,249018.00,2026-07-23,SETTLED
TXN-17185,ACC-1070,413877.71,2026-07-31,PROCESSING
TXN-83163,ACC-1393,453208.32,2026-08-19,SETTLED
TXN-62409,ACC-1374,337195.40,2026-07-17,SETTLED
TXN-86676,ACC-1177,274840.74,2026-07-11,SETTLED
TXN-14180,ACC-1255,205295.47,2026-07-17,SETTLED
TXN-21166,ACC-1300,369265.38,2026-07-05,SETTLED
TXN-35703,ACC-1000,217648.74,2026-08-06,SETTLED
TXN-25593,ACC-1330,195233.65,2026-08-04,SETTLED
TXN-07482,ACC-1075,382761.56,2026-08-24,SETTLED
TXN-90087,ACC-1070,112000.78,2026-07-31,PROCESSING
TXN-86865,ACC-1078,253835.08,2026-07-07,SETTLED
TXN-98747,ACC-1135,345963.88,2026-07-27,SETTLED
TXN-14561,ACC-1079,86288.18,2026-07-21,PROCESSING
TXN-84315,ACC-1100,362029.75,2026-08-08,PENDING
TXN-64382,ACC-1262,234904.33,2026-07-31,SETTLED
TXN-18733,ACC-1388,137592.50,2026-07-19,SETTLED
TXN-31153,ACC-1148,12824.35,2026-08-14,PROCESSING
TXN-67643,ACC-1132,97513.35,2026-06-30,PROCESSING
TXN-98909,ACC-1378,422347.55,2026-07-28,SETTLED
TXN-59588,ACC-1122,415517.63,2026-07-13,PENDING
TXN-50136,ACC-1340,410669.14,2026-08-24,SETTLED
TXN-30988,ACC-1277,329302.40,2026-08-19,SETTLED
TXN-46822,ACC-1380,9323.63,2026-08-13,PENDING
TXN-86155,ACC-1359,372265.06,2026-08-06,SETTLED
TXN-79987,ACC-1267,187575.29,2026-07-08,SETTLED
TXN-27646,ACC-1112,148169.53,2026-08-03,SETTLED
TXN-42345,ACC-1362,460059.22,2026-08-19,SETTLED
TXN-24663,ACC-1038,42081.00,2026-07-12,SETTLED
TXN-53446,ACC-1246,21354.00,2026-07-05,SETTLED
TXN-20218,ACC-1253,435245.18,2026-07-18,SETTLED
TXN-89478,ACC-1291,194093.93,2026-07-08,PENDING
TXN-07739,ACC-1043,358105.10,2026-07-23,PENDING
TXN-82732,ACC-1008,453370.10,2026-07-18,SETTLED
TXN-31095,ACC-1355,427087.25,2026-07-20,SETTLED
TXN-24123,ACC-1234,318207.39,2026-08-20,SETTLED
TXN-29667,ACC-1251,448739.81,2026-08-06,SETTLED
TXN-55708,ACC-1218,233352.44,2026-08-19,SETTLED
TXN-73107,ACC-1333,435682.07,2026-08-27,SETTLED
TXN-51086,ACC-1223,251425.60,2026-08-10,SETTLED
TXN-74454,ACC-1017,80873.87,2026-08-23,SETTLED
TXN-81061,ACC-1014,417082.95,2026-08-04,SETTLED
TXN-42006,ACC-1087,371417.23,2026-08-01,SETTLED
TXN-30141,ACC-1300,189163.47,2026-07-27,PROCESSING
TXN-24873,ACC-1147,259121.37,2026-07-01,SETTLED
TXN-72360,ACC-1266,349335.93,2026-08-10,PENDING
TXN-65023,ACC-1210,138997.16,2026-08-21,SETTLED
TXN-01515,ACC-1215,127860.65,2026-08-08,PROCESSING
TXN-48541,ACC-1210,255378.80,2026-08-15,SETTLED
TXN-63332,ACC-1268,80024.47,2026-08-15,SETTLED
TXN-63766,ACC-1245,238752.36,2026-07-05,SETTLED
TXN-75084,ACC-1221,372693.17,2026-07-12,PROCESSING
TXN-51595,ACC-1328,467670.97,2026-08-14,SETTLED
TXN-11054,ACC-1162,352904.77,2026-08-13,SETTLED
TXN-71453,ACC-1281,47978.43,2026-07-19,PENDING
TXN-43303,ACC-1175,413542.42,2026-07-06,SETTLED
TXN-08221,ACC-1243,464962.95,2026-08-09,PROCESSING
TXN-45203,ACC-1255,326615.83,2026-08-26,SETTLED
TXN-35878,ACC-1193,255674.69,2026-08-05,SETTLED
TXN-55320,ACC-1387,31395.99,2026-07-06,SETTLED
TXN-71534,ACC-1333,474255.13,2026-07-14,SETTLED
TXN-51623,ACC-1013,244447.10,2026-08-05,SETTLED
TXN-28640,ACC-1107,270013.54,2026-07-14,SETTLED
TXN-27634,ACC-1115,101603.24,2026-07-25,SETTLED
TXN-60074,ACC-1038,386089.70,2026-08-27,PENDING
TXN-98892,ACC-1036,498420.20,2026-07-24,SETTLED
TXN-90496,ACC-1274,417290.12,2026-06-30,PENDING
TXN-20338,ACC-1140,304750.50,2026-06-30,SETTLED
TXN-12511,ACC-1212,334917.51,2026-08-26,SETTLED
TXN-65375,ACC-1161,216119.35,2026-08-18,SETTLED
TXN-90727,ACC-1347,277563.67,2026-08-20,SETTLED
TXN-79382,ACC-1397,164950.38,2026-07-30,PROCESSING
TXN-23451,ACC-1044,243839.96,2026-08-11,SETTLED
TXN-82998,ACC-1098,79431.93,2026-07-21,SETTLED
TXN-63956,ACC-1059,463456.63,2026-07-18,SETTLED
TXN-29058,ACC-1233,158204.05,2026-07-02,SETTLED
TXN-87836,ACC-1333,79325.57,2026-08-16,SETTLED
TXN-77573,ACC-1186,474963.51,2026-08-04,PENDING
TXN-59537,ACC-1055,311917.35,2026-08-27,SETTLED
TXN-99028,ACC-1094,142626.96,2026-07-20,PENDING
TXN-63812,ACC-1207,67513.21,2026-07-12,SETTLED
TXN-23225,ACC-1382,434706.01,2026-08-02,PENDING
TXN-19668,ACC-1333,251684.37,2026-07-24,SETTLED
TXN-15327,ACC-1141,267522.84,2026-07-22,PROCESSING
TXN-60194,ACC-1183,391773.61,2026-07-25,SETTLED
TXN-37484,ACC-1289,195586.24,2026-07-10,SETTLED
TXN-54308,ACC-1259,105039.29,2026-07-12,PENDING
TXN-49667,ACC-1057,259024.87,2026-07-02,SETTLED
TXN-54621,ACC-1054,275289.10,2026-08-22,SETTLED
TXN-23491,ACC-1265,451343.86,2026-08-27,SETTLED
TXN-52739,ACC-1053,426072.83,2026-08-01,PROCESSING
TXN-20799,ACC-1299,215954.02,2026-08-13,PENDING
TXN-61633,ACC-1143,16486.32,2026-07-15,SETTLED
TXN-05565,ACC-1376,427258.80,2026-07-04,PROCESSING
TXN-71876,ACC-1287,93186.18,2026-07-30,PENDING
TXN-13052,ACC-1302,398397.80,2026-08-21,PENDING
TXN-41106,ACC-1072,86354.13,2026-07-04,SETTLED
TXN-32428,ACC-1272,400822.17,2026-07-11,SETTLED
TXN-79975,ACC-1320,392824.56,2026-07-15,PROCESSING
TXN-30452,ACC-1316,46247.09,2026-06-30,PROCESSING
TXN-52319,ACC-1089,341604.74,2026-07-15,PROCESSING
TXN-90872,ACC-1103,364985.12,2026-07-12,PENDING
TXN-18162,ACC-1299,272473.38,2026-07-05,PENDING
TXN-85139,ACC-1031,374087.53,2026-07-28,SETTLED
TXN-15682,ACC-1384,176696.79,2026-08-15,SETTLED
TXN-43251,ACC-1245,250774.12,2026-07-31,SETTLED
TXN-76170,ACC-1016,181561.22,2026-07-18,SETTLED
TXN-30056,ACC-1107,460101.86,2026-08-24,PROCESSING
TXN-58678,ACC-1038,388487.20,2026-07-20,PROCESSING
TXN-35224,ACC-1195,75697.54,2026-07-03,PENDING
TXN-25439,ACC-1242,216650.50,2026-07-17,SETTLED
TXN-25089,ACC-1362,296977.82,2026-08-08,SETTLED
TXN-48651,ACC-1136,380979.74,2026-07-19,SETTLED
TXN-24112,ACC-1182,465910.13,2026-08-13,SETTLED
TXN-89475,ACC-1167,42971.30,2026-08-23,PENDING
TXN-57530,ACC-1345,181541.72,2026-07-25,SETTLED
TXN-50822,ACC-1174,183661.04,2026-08-13,SETTLED
TXN-59960,ACC-1212,72335.21,2026-08-18,SETTLED
TXN-24067,ACC-1233,287236.51,2026-08-12,PENDING
TXN-54673,ACC-1345,496298.54,2026-08-29,SETTLED
TXN-41561,ACC-1265,325320.87,2026-08-13,SETTLED
TXN-49775,ACC-1367,175698.80,2026-07-30,SETTLED
TXN-37714,ACC-1208,42626.03,2026-08-29,SETTLED
TXN-64983,ACC-1307,488654.23,2026-07-11,SETTLED
TXN-15154,ACC-1255,462502.81,2026-08-26,SETTLED
TXN-60531,ACC-1293,132470.01,2026-07-03,SETTLED
TXN-02083,ACC-1349,147734.62,2026-07-24,PENDING
TXN-86975,ACC-1240,90173.41,2026-08-24,SETTLED
TXN-58841,ACC-1072,138027.17,2026-07-27,SETTLED
TXN-66652,ACC-1316,131364.24,2026-07-13,SETTLED
TXN-07105,ACC-1186,447092.80,2026-08-19,SETTLED
TXN-67542,ACC-1025,280082.00,2026-08-04,SETTLED
TXN-73670,ACC-1349,74094.50,2026-07-19,SETTLED
TXN-12037,ACC-1300,144721.32,2026-08-05,SETTLED
TXN-29729,ACC-1394,184217.33,2026-07-31,PENDING
TXN-36270,ACC-1110,238812.81,2026-08-14,SETTLED
TXN-29568,ACC-1068,338911.19,2026-07-28,SETTLED
TXN-64869,ACC-1103,274998.58,2026-08-20,SETTLED
TXN-33566,ACC-1209,173930.70,2026-08-13,SETTLED
TXN-08207,ACC-1194,411355.32,2026-07-15,SETTLED
TXN-42452,ACC-1246,354528.30,2026-07-16,PROCESSING
TXN-02132,ACC-1078,266052.71,2026-08-12,PENDING
TXN-50354,ACC-1078,321974.27,2026-08-09,PROCESSING
TXN-60434,ACC-1143,103259.36,2026-07-02,SETTLED
TXN-59439,ACC-1381,188106.29,2026-07-20,SETTLED
TXN-51514,ACC-1272,36532.58,2026-07-28,SETTLED
TXN-62786,ACC-1256,385816.93,2026-07-23,PENDING
TXN-36490,ACC-1346,403406.37,2026-07-23,SETTLED
TXN-40300,ACC-1251,215869.73,2026-08-05,PENDING
TXN-21745,ACC-1082,244248.56,2026-07-26,SETTLED
TXN-56643,ACC-1066,134752.77,2026-07-26,SETTLED
TXN-52938,ACC-1097,163253.02,2026-07-06,PROCESSING
TXN-92656,ACC-1075,94851.03,2026-07-07,SETTLED
TXN-04233,ACC-1295,493835.11,2026-08-15,SETTLED
TXN-02466,ACC-1252,182903.66,2026-07-20,SETTLED
TXN-40662,ACC-1207,454824.88,2026-08-12,SETTLED
TXN-01262,ACC-1087,412587.40,2026-07-22,PENDING
TXN-82281,ACC-1312,188596.20,2026-07-30,SETTLED
TXN-13974,ACC-1262,272283.05,2026-07-01,PENDING
TXN-32837,ACC-1078,149055.25,2026-07-21,PENDING
TXN-36347,ACC-1350,48946.19,2026-07-07,SETTLED
TXN-81814,ACC-1321,395005.88,2026-08-19,SETTLED
TXN-83191,ACC-1298,164573.18,2026-08-11,SETTLED
TXN-65844,ACC-1010,125235.11,2026-07-20,PROCESSING
TXN-93004,ACC-1309,305935.87,2026-08-17,SETTLED
TXN-32981,ACC-1300,401543.46,2026-08-04,PENDING
TXN-73936,ACC-1158,310229.38,2026-07-22,PENDING
TXN-33825,ACC-1084,278818.59,2026-07-24,PROCESSING
TXN-59812,ACC-1082,440391.09,2026-07-31,SETTLED
TXN-11955,ACC-1399,146368.90,2026-08-13,SETTLED
TXN-64940,ACC-1312,323550.00,2026-07-08,SETTLED
TXN-64660,ACC-1247,111747.05,2026-07-24,SETTLED
TXN-17050,ACC-1378,53053.14,2026-08-21,SETTLED
TXN-03934,ACC-1293,198669.92,2026-07-27,SETTLED
TXN-45689,ACC-1095,373276.42,2026-07-01,SETTLED
TXN-56671,ACC-1030,40794.51,2026-08-21,PROCESSING
TXN-44780,ACC-1094,236180.63,2026-07-26,SETTLED
TXN-91385,ACC-1068,481045.33,2026-07-21,SETTLED
TXN-90497,ACC-1297,392602.72,2026-08-13,SETTLED
TXN-82023,ACC-1383,248218.26,2026-08-28,SETTLED
TXN-54425,ACC-1187,19174.54,2026-07-06,SETTLED
TXN-72391,ACC-1206,414018.90,2026-07-15,SETTLED
TXN-84636,ACC-1345,67088.84,2026-07-29,SETTLED
TXN-32039,ACC-1143,45123.50,2026-08-04,SETTLED
TXN-19655,ACC-1104,402635.97,2026-07-21,PENDING
TXN-48976,ACC-1388,346463.38,2026-07-15,SETTLED
TXN-99394,ACC-1174,26677.66,2026-07-29,SETTLED
TXN-39799,ACC-1041,477511.02,2026-08-04,PENDING
TXN-31510,ACC-1056,492556.98,2026-07-31,SETTLED
TXN-23282,ACC-1194,459727.93,2026-07-24,SETTLED
TXN-92641,ACC-1298,109310.14,2026-08-24,SETTLED
TXN-01445,ACC-1015,307268.96,2026-07-11,PENDING
TXN-39934,ACC-1359,299897.63,2026-07-03,PROCESSING
TXN-19969,ACC-1100,346871.89,2026-07-22,SETTLED
TXN-48794,ACC-1373,99733.14,2026-08-08,SETTLED
TXN-35014,ACC-1234,112717.40,2026-08-03,SETTLED
TXN-51337,ACC-1153,52457.34,2026-08-27,PENDING
TXN-96861,ACC-1138,385367.04,2026-08-29,SETTLED
TXN-09947,ACC-1232,130319.36,2026-08-12,SETTLED
TXN-19205,ACC-1135,99037.68,2026-08-15,SETTLED
TXN-87280,ACC-1122,294092.34,2026-07-09,PENDING
TXN-13868,ACC-1366,11927.87,2026-07-29,SETTLED
TXN-72249,ACC-1337,108713.16,2026-07-16,SETTLED
TXN-28652,ACC-1396,399133.51,2026-07-23,SETTLED
TXN-47561,ACC-1321,453252.27,2026-07-02,SETTLED
TXN-65159,ACC-1221,56900.30,2026-08-16,SETTLED
TXN-62808,ACC-1177,133471.76,2026-08-02,PROCESSING
TXN-09814,ACC-1361,133732.71,2026-07-31,SETTLED
TXN-73921,ACC-1001,238899.30,2026-07-19,PROCESSING
TXN-55494,ACC-1361,331264.80,2026-08-19,SETTLED
TXN-65859,ACC-1390,182644.92,2026-08-08,SETTLED
TXN-11870,ACC-1060,30375.02,2026-08-19,SETTLED
TXN-37816,ACC-1363,131119.67,2026-07-15,SETTLED
TXN-23426,ACC-1232,424109.61,2026-08-19,SETTLED
TXN-83851,ACC-1347,281772.84,2026-08-18,PENDING
TXN-11664,ACC-1338,297566.63,2026-08-22,SETTLED
TXN-56446,ACC-1233,193302.70,2026-08-19,PROCESSING
TXN-63821,ACC-1318,332669.83,2026-07-24,PROCESSING
TXN-60408,ACC-1095,345468.08,2026-08-18,PROCESSING
TXN-99702,ACC-1007,102928.36,2026-08-23,PENDING
TXN-96496,ACC-1022,499308.64,2026-07-15,PROCESSING
TXN-58902,ACC-1147,398035.75,2026-06-30,SETTLED
TXN-51584,ACC-1227,177480.50,2026-07-01,SETTLED
TXN-75038,ACC-1213,484252.35,2026-08-09,PROCESSING
TXN-10471,ACC-1300,112380.15,2026-07-20,PENDING
TXN-60817,ACC-1396,336922.71,2026-07-20,PROCESSING
TXN-05715,ACC-1273,401822.77,2026-07-27,SETTLED
TXN-98792,ACC-1286,274132.71,2026-07-19,PENDING
TXN-29514,ACC-1363,72994.76,2026-08-22,PROCESSING
TXN-96748,ACC-1284,295609.54,2026-08-05,SETTLED
TXN-43671,ACC-1076,443831.50,2026-08-22,PROCESSING
TXN-65637,ACC-1166,406227.12,2026-07-18,PROCESSING
TXN-18317,ACC-1360,47278.36,2026-08-02,SETTLED
TXN-48368,ACC-1177,378226.84,2026-07-26,SETTLED
TXN-85734,ACC-1280,423144.15,2026-08-06,PENDING
TXN-78623,ACC-1244,297701.77,2026-08-02,SETTLED
TXN-30256,ACC-1121,324892.87,2026-06-30,SETTLED
TXN-94263,ACC-1328,319366.17,2026-07-26,SETTLED
TXN-23536,ACC-1313,264749.75,2026-08-25,PROCESSING
TXN-46586,ACC-1198,90071.29,2026-07-15,SETTLED
TXN-97531,ACC-1272,15692.69,2026-07-03,SETTLED
TXN-41636,ACC-1047,358500.47,2026-08-26,PENDING
TXN-99402,ACC-1350,362083.28,2026-07-14,PROCESSING
TXN-04496,ACC-1339,199605.31,2026-08-27,SETTLED
TXN-36514,ACC-1018,196966.29,2026-07-11,SETTLED
TXN-63318,ACC-1207,327419.20,2026-07-19,SETTLED
TXN-47207,ACC-1254,173114.86,2026-07-25,SETTLED
TXN-74885,ACC-1361,405410.48,2026-08-17,PROCESSING
TXN-54620,ACC-1392,320644.77,2026-08-24,SETTLED
TXN-96308,ACC-1315,16368.04,2026-08-04,SETTLED
TXN-53516,ACC-1211,124813.28,2026-07-12,PENDING
TXN-73994,ACC-1070,69443.30,2026-07-26,SETTLED
TXN-17887,ACC-1223,7353.31,2026-07-01,SETTLED
TXN-88698,ACC-1076,107566.14,2026-07-30,PENDING
TXN-56989,ACC-1252,293107.74,2026-07-23,SETTLED
TXN-82441,ACC-1180,484493.19,2026-06-30,SETTLED
TXN-03157,ACC-1130,450822.33,2026-07-07,PROCESSING
TXN-41187,ACC-1180,87463.01,2026-08-20,SETTLED
TXN-46086,ACC-1129,316851.68,2026-07-13,PROCESSING
TXN-31290,ACC-1282,438269.56,2026-08-05,SETTLED
TXN-08028,ACC-1316,326846.32,2026-08-19,SETTLED
TXN-10461,ACC-1005,183907.18,2026-07-28,SETTLED
TXN-03053,ACC-1289,450747.09,2026-07-10,SETTLED
TXN-60111,ACC-1240,389637.76,2026-08-07,SETTLED
TXN-31700,ACC-1118,8010.44,2026-07-23,PENDING
TXN-92966,ACC-1123,339009.26,2026-08-15,SETTLED
TXN-90500,ACC-1289,238806.14,2026-06-30,SETTLED
TXN-34693,ACC-1289,404975.84,2026-07-15,SETTLED
TXN-70496,ACC-1031,389874.67,2026-07-18,SETTLED
TXN-92616,ACC-1223,421559.69,2026-08-27,PROCESSING
TXN-37990,ACC-1061,147782.16,2026-08-04,PENDING
TXN-41771,ACC-1372,388386.18,2026-07-01,SETTLED
TXN-28635,ACC-1168,388352.90,2026-07-04,SETTLED
TXN-07331,ACC-1332,439818.78,2026-07-01,SETTLED
TXN-87534,ACC-1320,422679.24,2026-08-09,SETTLED
TXN-49120,ACC-1023,406851.92,2026-07-30,PROCESSING
TXN-58495,ACC-1059,124745.51,2026-07-18,SETTLED
TXN-31271,ACC-1013,170708.37,2026-07-20,SETTLED
TXN-12058,ACC-1061,390780.87,2026-08-15,SETTLED
TXN-10444,ACC-1227,327249.93,2026-07-17,SETTLED
TXN-11634,ACC-1119,162720.98,2026-08-02,SETTLED
TXN-74871,ACC-1084,317371.21,2026-07-31,PROCESSING
TXN-93627,ACC-1108,96797.68,2026-08-25,PENDING
TXN-54540,ACC-1194,266442.43,2026-08-11,SETTLED
TXN-95062,ACC-1200,166295.36,2026-08-20,SETTLED
TXN-86341,ACC-1395,53455.56,2026-08-17,SETTLED
TXN-18626,ACC-1001,185887.95,2026-07-11,PENDING
TXN-88867,ACC-1104,487460.40,2026-08-23,PENDING
TXN-40689,ACC-1295,415187.06,2026-08-27,SETTLED
TXN-69638,ACC-1383,20842.90,2026-07-29,SETTLED
TXN-97217,ACC-1091,242890.40,2026-07-05,SETTLED
TXN-70250,ACC-1254,493591.05,2026-07-21,SETTLED
TXN-71285,ACC-1029,53602.65,2026-08-13,PENDING
TXN-28981,ACC-1199,26031.46,2026-08-20,PENDING
TXN-05496,ACC-1336,271134.51,2026-07-08,SETTLED
TXN-95616,ACC-1345,393578.46,2026-08-19,SETTLED
TXN-67867,ACC-1071,452704.92,2026-08-07,PENDING
TXN-38273,ACC-1235,171280.92,2026-07-12,SETTLED
TXN-33542,ACC-1088,306903.41,2026-07-20,PENDING
TXN-61541,ACC-1091,247209.61,2026-07-29,SETTLED
TXN-64526,ACC-1105,499520.95,2026-08-27,SETTLED
TXN-87883,ACC-1089,286058.16,2026-07-08,SETTLED
TXN-59865,ACC-1282,148323.75,2026-07-26,SETTLED
TXN-92341,ACC-1386,49563.59,2026-08-24,SETTLED
TXN-30046,ACC-1206,19354.66,2026-07-27,PENDING
TXN-79600,ACC-1265,191502.16,2026-07-05,SETTLED
TXN-36810,ACC-1394,431563.50,2026-08-02,SETTLED
TXN-91280,ACC-1312,141854.32,2026-08-18,SETTLED
TXN-03823,ACC-1072,225317.97,2026-07-27,SETTLED
TXN-60748,ACC-1261,346530.81,2026-08-18,SETTLED
TXN-35150,ACC-1089,159558.52,2026-07-26,SETTLED
TXN-73413,ACC-1104,485347.00,2026-07-29,SETTLED
TXN-38452,ACC-1218,278710.29,2026-07-04,SETTLED
TXN-37660,ACC-1179,324340.76,2026-07-03,PENDING
TXN-60864,ACC-1170,207510.33,2026-07-19,SETTLED
TXN-69273,ACC-1296,479234.06,2026-07-01,SETTLED
TXN-88354,ACC-1038,94902.06,2026-07-28,SETTLED
TXN-81154,ACC-1156,61397.45,2026-08-25,PENDING
TXN-55764,ACC-1180,146986.80,2026-07-02,SETTLED
TXN-15001,ACC-1300,191767.16,2026-07-26,PROCESSING
TXN-04417,ACC-1013,247106.29,2026-07-26,SETTLED
TXN-45524,ACC-1034,160249.94,2026-08-14,SETTLED
TXN-34351,ACC-1288,299628.26,2026-07-10,SETTLED
TXN-90552,ACC-1350,324574.79,2026-07-09,SETTLED
TXN-16867,ACC-1368,74029.90,2026-07-23,PROCESSING
TXN-63369,ACC-1188,53923.78,2026-07-06,PROCESSING
TXN-43692,ACC-1336,419753.52,2026-08-22,SETTLED
TXN-25396,ACC-1095,470545.41,2026-08-29,SETTLED
TXN-75500,ACC-1267,165469.17,2026-07-12,SETTLED
TXN-21970,ACC-1134,396662.68,2026-07-04,PROCESSING
TXN-49438,ACC-1186,260062.92,2026-08-13,PROCESSING
TXN-10660,ACC-1091,379525.74,2026-07-31,SETTLED
TXN-12757,ACC-1327,146938.46,2026-06-30,SETTLED
TXN-75111,ACC-1336,99658.04,2026-07-23,SETTLED
TXN-17984,ACC-1288,6963.51,2026-07-22,SETTLED
TXN-95381,ACC-1153,363167.61,2026-08-18,SETTLED
TXN-74516,ACC-1005,282048.12,2026-08-27,PROCESSING
TXN-40187,ACC-1040,72720.38,2026-07-31,SETTLED
TXN-86462,ACC-1254,319456.23,2026-08-19,SETTLED
TXN-17565,ACC-1023,168214.99,2026-07-31,PENDING
TXN-88542,ACC-1355,119969.48,2026-06-30,PROCESSING
TXN-21770,ACC-1016,212797.66,2026-08-08,SETTLED
TXN-21373,ACC-1183,208845.47,2026-07-30,SETTLED
TXN-77432,ACC-1175,374846.75,2026-08-06,SETTLED
TXN-20551,ACC-1150,101045.31,2026-08-14,SETTLED
TXN-36979,ACC-1204,173050.85,2026-08-21,SETTLED
TXN-95958,ACC-1247,45404.32,2026-08-14,PENDING
TXN-14034,ACC-1140,363893.15,2026-08-08,SETTLED
TXN-03181,ACC-1373,139347.44,2026-08-11,SETTLED
TXN-18149,ACC-1295,311020.40,2026-07-30,SETTLED
TXN-08870,ACC-1034,27123.38,2026-07-28,SETTLED
TXN-56701,ACC-1246,285187.82,2026-07-27,SETTLED
TXN-52978,ACC-1294,342993.70,2026-07-02,PROCESSING
TXN-83767,ACC-1019,135121.69,2026-08-25,PENDING
TXN-05410,ACC-1389,262042.59,2026-08-06,SETTLED
TXN-39804,ACC-1234,104513.05,2026-08-06,SETTLED
TXN-76288,ACC-1380,153734.56,2026-07-18,PROCESSING
TXN-94796,ACC-1280,33015.58,2026-08-28,SETTLED
TXN-03917,ACC-1341,74315.33,2026-07-14,SETTLED
TXN-44055,ACC-1313,455856.21,2026-08-27,SETTLED
TXN-52594,ACC-1111,97497.58,2026-07-05,SETTLED
TXN-87846,ACC-1182,357670.18,2026-07-22,SETTLED
TXN-23076,ACC-1100,413844.04,2026-08-28,SETTLED
TXN-87641,ACC-1000,347972.06,2026-08-21,SETTLED
TXN-44337,ACC-1178,356741.49,2026-08-24,SETTLED
TXN-06001,ACC-1043,298265.04,2026-08-10,PROCESSING
TXN-36326,ACC-1140,475290.16,2026-08-09,SETTLED
TXN-73595,ACC-1257,440856.34,2026-07-13,SETTLED
TXN-35767,ACC-1168,118279.65,2026-08-14,PROCESSING
TXN-69960,ACC-1304,208567.91,2026-08-23,PENDING
TXN-65376,ACC-1016,190525.52,2026-07-25,SETTLED
TXN-66651,ACC-1095,222593.62,2026-08-09,SETTLED
TXN-96340,ACC-1141,402260.87,2026-07-16,SETTLED
TXN-12618,ACC-1265,336248.81,2026-08-07,SETTLED
TXN-15385,ACC-1238,434193.49,2026-07-15,PENDING
TXN-43051,ACC-1157,321102.23,2026-08-04,SETTLED
TXN-37209,ACC-1080,454151.45,2026-08-18,SETTLED
TXN-57227,ACC-1361,15808.43,2026-08-20,PENDING
TXN-34717,ACC-1148,477918.95,2026-08-01,SETTLED
TXN-51919,ACC-1262,454128.01,2026-08-22,SETTLED
TXN-71813,ACC-1322,329949.93,2026-07-13,SETTLED
TXN-82110,ACC-1361,67276.96,2026-07-08,SETTLED
TXN-50409,ACC-1188,240902.39,2026-08-24,SETTLED
TXN-24075,ACC-1040,260215.93,2026-08-16,SETTLED
TXN-71347,ACC-1383,425483.88,2026-07-29,SETTLED
TXN-90032,ACC-1238,260105.25,2026-08-20,SETTLED
TXN-32738,ACC-1161,292171.40,2026-07-22,PROCESSING
TXN-61898,ACC-1158,117379.09,2026-07-11,SETTLED
TXN-24785,ACC-1017,39148.41,2026-07-03,SETTLED
TXN-01028,ACC-1344,452652.96,2026-08-25,SETTLED
TXN-09577,ACC-1095,127303.09,2026-07-13,PROCESSING
TXN-62492,ACC-1035,280539.61,2026-07-14,PENDING
TXN-05533,ACC-1230,76982.54,2026-07-04,SETTLED
TXN-22246,ACC-1030,373933.61,2026-07-05,SETTLED
TXN-98259,ACC-1369,155040.99,2026-07-10,SETTLED
TXN-88049,ACC-1063,229258.76,2026-07-21,SETTLED
TXN-50589,ACC-1092,127660.88,2026-07-07,SETTLED
TXN-78227,ACC-1124,317971.67,2026-07-07,SETTLED
TXN-29496,ACC-1113,220583.10,2026-07-23,SETTLED
TXN-70120,ACC-1311,65466.84,2026-08-01,PROCESSING
TXN-80193,ACC-1230,372393.32,2026-08-28,SETTLED
TXN-88576,ACC-1234,366908.84,2026-08-08,SETTLED
TXN-59550,ACC-1275,358873.04,2026-08-14,SETTLED
TXN-99228,ACC-1077,458855.35,2026-07-21,SETTLED
TXN-83896,ACC-1158,5083.20,2026-07-28,SETTLED
TXN-44427,ACC-1124,42983.59,2026-06-30,SETTLED
TXN-95244,ACC-1126,18849.14,2026-08-07,PENDING
TXN-55956,ACC-1293,34260.52,2026-07-25,SETTLED
TXN-36572,ACC-1262,41356.22,2026-08-28,SETTLED
TXN-80246,ACC-1063,316795.67,2026-08-07,SETTLED
TXN-78432,ACC-1093,163600.65,2026-08-14,PROCESSING
TXN-81045,ACC-1035,86727.84,2026-07-16,SETTLED
TXN-59031,ACC-1157,146422.15,2026-07-20,PROCESSING
TXN-43045,ACC-1224,406314.07,2026-07-22,SETTLED
TXN-26940,ACC-1324,167444.15,2026-08-14,PENDING
TXN-43821,ACC-1203,349664.38,2026-08-04,SETTLED
TXN-18011,ACC-1133,443420.23,2026-08-09,SETTLED
TXN-14990,ACC-1398,38370.42,2026-07-27,PENDING
TXN-09922,ACC-1395,409362.56,2026-07-25,PENDING
TXN-37985,ACC-1160,444748.15,2026-08-08,SETTLED
TXN-47258,ACC-1135,263350.16,2026-08-14,SETTLED
TXN-82269,ACC-1277,244371.75,2026-07-28,SETTLED
TXN-59047,ACC-1092,298714.95,2026-07-09,SETTLED
TXN-59636,ACC-1201,331630.78,2026-07-01,PROCESSING
TXN-98489,ACC-1359,57970.76,2026-07-01,SETTLED
TXN-35246,ACC-1314,294265.48,2026-08-10,SETTLED
TXN-88859,ACC-1090,447574.95,2026-07-06,PENDING
TXN-36151,ACC-1244,210198.59,2026-07-22,PENDING
TXN-41682,ACC-1360,446874.59,2026-07-15,PROCESSING
TXN-67224,ACC-1004,90960.21,2026-07-05,SETTLED
TXN-22114,ACC-1247,137018.05,2026-08-12,SETTLED
TXN-39403,ACC-1379,265219.25,2026-08-13,SETTLED
TXN-48722,ACC-1137,112945.24,2026-08-09,PENDING
TXN-96383,ACC-1009,397545.48,2026-07-28,SETTLED
TXN-85690,ACC-1399,485245.74,2026-07-09,SETTLED
TXN-17795,ACC-1278,178373.38,2026-07-22,PENDING
TXN-37248,ACC-1203,441710.15,2026-08-17,SETTLED
TXN-09620,ACC-1281,185967.28,2026-08-19,SETTLED
TXN-65457,ACC-1316,320060.61,2026-08-12,SETTLED
TXN-51158,ACC-1114,457060.27,2026-07-29,SETTLED
TXN-45022,ACC-1163,391110.41,2026-08-01,SETTLED
TXN-30564,ACC-1100,13762.96,2026-08-15,PROCESSING
TXN-15551,ACC-1191,184779.13,2026-07-15,SETTLED
TXN-79361,ACC-1034,337574.73,2026-07-05,SETTLED
TXN-74355,ACC-1276,33257.18,2026-08-14,PENDING
TXN-20490,ACC-1156,84691.87,2026-08-08,PROCESSING
TXN-71604,ACC-1242,425569.19,2026-07-30,SETTLED
TXN-95355,ACC-1083,191453.34,2026-08-08,PENDING
TXN-62403,ACC-1392,247509.99,2026-08-20,SETTLED
TXN-35263,ACC-1290,459070.40,2026-07-29,PROCESSING
TXN-79978,ACC-1083,467749.08,2026-07-28,PROCESSING
TXN-30747,ACC-1046,277330.36,2026-07-03,SETTLED
TXN-42886,ACC-1165,471852.53,2026-08-06,SETTLED
TXN-30042,ACC-1366,414991.74,2026-07-11,SETTLED
TXN-20868,ACC-1087,144113.03,2026-08-20,SETTLED
TXN-68482,ACC-1028,306571.92,2026-07-17,PENDING
TXN-38766,ACC-1306,301527.81,2026-08-03,PENDING
TXN-57298,ACC-1329,330912.09,2026-08-07,SETTLED
TXN-12687,ACC-1275,7919.74,2026-06-30,SETTLED
TXN-51401,ACC-1247,364867.80,2026-07-07,SETTLED
TXN-28459,ACC-1035,262735.67,2026-08-24,SETTLED
TXN-67705,ACC-1271,161011.41,2026-07-15,PENDING
TXN-03236,ACC-1363,86436.07,2026-07-31,PROCESSING
TXN-49654,ACC-1357,106974.89,2026-08-04,SETTLED
TXN-10774,ACC-1171,182209.63,2026-08-24,SETTLED
TXN-92303,ACC-1169,491054.67,2026-08-17,SETTLED
TXN-78865,ACC-1313,366971.61,2026-08-03,SETTLED
TXN-85068,ACC-1029,308295.82,2026-07-18,SETTLED
TXN-69129,ACC-1117,255831.97,2026-08-16,PENDING
TXN-09811,ACC-1293,52133.51,2026-08-24,SETTLED
TXN-87621,ACC-1261,50586.13,2026-08-28,SETTLED
TXN-66793,ACC-1286,395201.02,2026-07-09,SETTLED
TXN-48855,ACC-1119,424700.15,2026-07-17,PROCESSING
TXN-02969,ACC-1328,325942.46,2026-08-06,PENDING
TXN-57692,ACC-1072,12728.44,2026-08-17,SETTLED
TXN-74566,ACC-1253,73297.95,2026-07-01,SETTLED
TXN-24251,ACC-1126,150343.63,2026-08-27,SETTLED
TXN-14893,ACC-1360,492035.39,2026-07-24,SETTLED
TXN-83016,ACC-1091,447282.36,2026-08-01,SETTLED
TXN-42313,ACC-1090,34547.79,2026-08-11,SETTLED
TXN-42633,ACC-1247,69584.55,2026-07-19,PENDING
TXN-79003,ACC-1071,239612.23,2026-07-19,SETTLED
TXN-80674,ACC-1126,288472.73,2026-08-22,SETTLED
TXN-50288,ACC-1092,87322.56,2026-08-15,PENDING
TXN-81687,ACC-1228,166423.81,2026-07-23,PROCESSING
TXN-11685,ACC-1357,353761.47,2026-08-21,PENDING
TXN-76425,ACC-1335,469741.55,2026-07-28,SETTLED
TXN-27719,ACC-1004,387296.05,2026-08-13,PROCESSING
TXN-27697,ACC-1167,300861.49,2026-07-22,SETTLED
TXN-61078,ACC-1269,284233.17,2026-07-25,SETTLED
TXN-06274,ACC-1077,459261.84,2026-07-10,SETTLED
TXN-73364,ACC-1053,306154.06,2026-07-10,SETTLED
TXN-11012,ACC-1297,463170.47,2026-07-13,SETTLED
TXN-16064,ACC-1368,202719.89,2026-07-03,SETTLED
TXN-73050,ACC-1359,250651.05,2026-08-07,SETTLED
TXN-69617,ACC-1372,63630.16,2026-07-27,SETTLED
TXN-07558,ACC-1382,396716.49,2026-08-04,SETTLED
TXN-02400,ACC-1303,224105.07,2026-08-13,PROCESSING
TXN-30118,ACC-1128,314300.31,2026-07-13,PROCESSING
TXN-52526,ACC-1047,206090.10,2026-08-22,SETTLED
TXN-94165,ACC-1040,386889.66,2026-08-29,SETTLED
TXN-58942,ACC-1358,462378.94,2026-08-02,PENDING
TXN-58663,ACC-1125,452437.35,2026-08-29,PROCESSING
TXN-12816,ACC-1025,60108.20,2026-07-11,PENDING
TXN-99503,ACC-1397,182593.60,2026-08-15,PENDING
TXN-39793,ACC-1005,150941.59,2026-08-20,SETTLED
TXN-82815,ACC-1042,296568.09,2026-08-17,SETTLED
TXN-13401,ACC-1339,108941.47,2026-07-29,SETTLED
TXN-58297,ACC-1247,148529.67,2026-07-06,SETTLED
TXN-93458,ACC-1192,192916.61,2026-07-01,SETTLED
TXN-75196,ACC-1074,35319.82,2026-07-22,PROCESSING
TXN-29764,ACC-1204,191999.13,2026-07-09,SETTLED
TXN-33865,ACC-1176,479751.19,2026-08-26,SETTLED
TXN-86723,ACC-1018,249914.23,2026-08-22,PROCESSING
TXN-31896,ACC-1032,156777.88,2026-07-14,SETTLED
TXN-17833,ACC-1036,17878.79,2026-07-17,SETTLED
TXN-91291,ACC-1301,368573.77,2026-07-20,SETTLED
TXN-63892,ACC-1202,239267.11,2026-07-08,SETTLED
TXN-12520,ACC-1107,193428.76,2026-08-24,PROCESSING
TXN-09895,ACC-1115,165929.56,2026-07-27,SETTLED
TXN-36223,ACC-1262,378622.51,2026-08-11,SETTLED
TXN-61039,ACC-1220,262589.31,2026-07-25,PROCESSING
TXN-31056,ACC-1296,327629.40,2026-07-16,PROCESSING
TXN-57717,ACC-1374,49274.44,2026-08-17,SETTLED
TXN-48666,ACC-1396,74212.21,2026-07-11,SETTLED
TXN-43093,ACC-1205,96044.88,2026-08-12,SETTLED
TXN-33439,ACC-1020,96849.37,2026-07-17,SETTLED
TXN-52459,ACC-1229,33669.46,2026-08-08,SETTLED
TXN-13909,ACC-1279,498581.76,2026-07-16,SETTLED
TXN-29372,ACC-1347,216311.55,2026-07-04,PENDING
TXN-96397,ACC-1297,251386.35,2026-08-01,PROCESSING
TXN-11732,ACC-1051,424671.68,2026-08-28,PROCESSING
TXN-31282,ACC-1308,467223.42,2026-07-18,SETTLED
TXN-71262,ACC-1004,282904.06,2026-08-04,PROCESSING
TXN-49996,ACC-1186,256327.03,2026-07-14,SETTLED
TXN-37373,ACC-1322,184986.82,2026-07-30,PENDING
TXN-62023,ACC-1144,312691.26,2026-08-12,SETTLED
TXN-61234,ACC-1187,492322.40,2026-07-10,SETTLED
TXN-61528,ACC-1182,99662.74,2026-08-10,SETTLED
TXN-24408,ACC-1004,170119.70,2026-07-14,PENDING
TXN-85123,ACC-1050,51768.28,2026-07-23,SETTLED
TXN-54662,ACC-1070,114831.00,2026-08-03,SETTLED
TXN-13641,ACC-1121,248142.68,2026-08-01,SETTLED
TXN-56912,ACC-1123,152603.96,2026-08-13,SETTLED
TXN-37206,ACC-1314,385010.88,2026-08-20,SETTLED
TXN-23750,ACC-1127,357992.01,2026-07-26,SETTLED
TXN-47238,ACC-1280,493547.64,2026-08-02,PENDING
TXN-56173,ACC-1137,405430.37,2026-08-17,SETTLED
TXN-91209,ACC-1058,63884.05,2026-07-08,SETTLED
TXN-46809,ACC-1388,304036.04,2026-08-16,PROCESSING
TXN-55412,ACC-1355,75319.84,2026-07-17,SETTLED
TXN-72587,ACC-1392,485877.48,2026-07-05,SETTLED
TXN-33761,ACC-1244,35650.55,2026-07-10,SETTLED
TXN-75262,ACC-1307,185308.15,2026-07-19,SETTLED
TXN-96461,ACC-1003,218687.07,2026-08-09,SETTLED
TXN-04760,ACC-1192,19349.41,2026-07-28,SETTLED
TXN-09989,ACC-1382,50136.44,2026-07-08,SETTLED
TXN-62614,ACC-1186,346764.44,2026-06-30,PROCESSING
TXN-05408,ACC-1096,30912.05,2026-08-17,PROCESSING
TXN-25071,ACC-1223,35557.46,2026-08-02,SETTLED
TXN-13002,ACC-1359,190193.84,2026-08-20,PROCESSING
TXN-54003,ACC-1060,70027.74,2026-07-27,SETTLED
TXN-51424,ACC-1029,245849.71,2026-08-04,SETTLED
TXN-08757,ACC-1127,353026.52,2026-07-24,SETTLED
TXN-97084,ACC-1149,288076.24,2026-08-29,SETTLED
TXN-48615,ACC-1280,446611.53,2026-08-18,SETTLED
TXN-96624,ACC-1112,101046.63,2026-07-08,SETTLED
TXN-20477,ACC-1206,5913.08,2026-08-02,PENDING
TXN-08629,ACC-1102,35864.72,2026-06-30,SETTLED
TXN-05168,ACC-1185,278306.89,2026-08-14,SETTLED
TXN-12320,ACC-1382,360439.40,2026-08-05,PROCESSING
TXN-26836,ACC-1076,337963.85,2026-08-26,SETTLED
TXN-57301,ACC-1391,439544.99,2026-07-13,PROCESSING
TXN-53043,ACC-1322,119591.38,2026-08-11,PENDING
TXN-68777,ACC-1222,482534.92,2026-08-25,SETTLED
TXN-65014,ACC-1250,146883.42,2026-07-21,SETTLED
TXN-55204,ACC-1116,265028.78,2026-08-01,SETTLED
TXN-38881,ACC-1236,286817.92,2026-06-30,PROCESSING
TXN-66527,ACC-1230,317121.45,2026-08-10,SETTLED
TXN-92373,ACC-1106,119214.23,2026-07-16,SETTLED
TXN-99878,ACC-1160,141520.13,2026-07-17,SETTLED
TXN-65723,ACC-1194,13820.09,2026-08-28,SETTLED
TXN-24526,ACC-1232,310655.19,2026-07-17,SETTLED
TXN-19761,ACC-1202,88699.05,2026-08-11,SETTLED
TXN-42635,ACC-1157,456720.23,2026-08-25,PROCESSING
TXN-23173,ACC-1275,360468.86,2026-07-14,SETTLED
TXN-09946,ACC-1397,451840.49,2026-08-09,SETTLED
TXN-17348,ACC-1252,392246.93,2026-07-10,SETTLED
TXN-62061,ACC-1096,222443.42,2026-07-15,PENDING
TXN-50632,ACC-1122,166364.56,2026-07-09,SETTLED
TXN-62074,ACC-1393,11283.88,2026-07-30,PENDING
TXN-97937,ACC-1376,341769.09,2026-07-07,SETTLED
TXN-01398,ACC-1343,276176.28,2026-08-21,SETTLED
TXN-68593,ACC-1270,57006.21,2026-08-03,PROCESSING
TXN-88960,ACC-1198,388079.65,2026-08-05,SETTLED
TXN-30638,ACC-1040,152789.54,2026-07-27,SETTLED
TXN-61998,ACC-1282,201741.82,2026-07-25,PROCESSING
TXN-51844,ACC-1242,262758.93,2026-07-08,PENDING
TXN-99923,ACC-1259,341774.52,2026-07-30,PENDING
TXN-45111,ACC-1387,388873.94,2026-08-17,PROCESSING
TXN-60960,ACC-1033,422880.30,2026-07-24,SETTLED
TXN-23357,ACC-1192,187032.84,2026-07-03,SETTLED
TXN-22948,ACC-1213,464182.48,2026-08-27,PENDING
TXN-56474,ACC-1069,140247.73,2026-08-23,SETTLED
TXN-33155,ACC-1157,207211.04,2026-08-28,SETTLED
TXN-34705,ACC-1187,302400.12,2026-08-05,PROCESSING
TXN-36226,ACC-1044,219893.57,2026-08-10,SETTLED
TXN-65195,ACC-1041,246062.36,2026-07-25,PROCESSING
TXN-56414,ACC-1029,459796.56,2026-07-16,SETTLED
TXN-62136,ACC-1059,356700.98,2026-08-28,PENDING
TXN-93979,ACC-1094,468305.15,2026-07-30,PENDING
TXN-33267,ACC-1260,450582.15,2026-07-02,SETTLED
TXN-52993,ACC-1082,324839.87,2026-07-09,SETTLED
TXN-56417,ACC-1332,482493.32,2026-08-01,PENDING
TXN-12888,ACC-1044,157211.12,2026-07-05,PENDING
TXN-75254,ACC-1245,315144.85,2026-08-26,SETTLED
TXN-23261,ACC-1391,51214.26,2026-07-28,SETTLED
TXN-95031,ACC-1392,300399.08,2026-08-24,PENDING
TXN-29790,ACC-1127,374542.83,2026-08-22,SETTLED
TXN-98419,ACC-1253,368050.86,2026-07-06,SETTLED
TXN-89458,ACC-1177,94844.88,2026-07-28,SETTLED
TXN-09846,ACC-1115,359554.29,2026-08-02,SETTLED
TXN-52766,ACC-1094,430303.07,2026-08-20,SETTLED
TXN-33004,ACC-1036,483819.65,2026-08-26,PENDING
TXN-93652,ACC-1178,480415.58,2026-08-26,SETTLED
TXN-51970,ACC-1170,233073.15,2026-07-25,SETTLED
TXN-39051,ACC-1136,244032.69,2026-07-24,PENDING
TXN-78087,ACC-1302,139206.11,2026-08-19,SETTLED
TXN-89781,ACC-1136,68242.80,2026-07-05,PROCESSING
TXN-51156,ACC-1224,285703.70,2026-08-26,SETTLED
TXN-21456,ACC-1378,466796.71,2026-08-20,SETTLED
TXN-68858,ACC-1396,259390.46,2026-07-05,SETTLED
TXN-98998,ACC-1212,234973.35,2026-08-26,SETTLED
TXN-81054,ACC-1212,260519.25,2026-07-16,SETTLED
TXN-42055,ACC-1353,57432.44,2026-08-23,PENDING
TXN-04965,ACC-1136,236679.95,2026-08-05,SETTLED
TXN-83227,ACC-1069,88168.66,2026-08-13,SETTLED
TXN-27160,ACC-1344,44026.96,2026-07-13,PROCESSING
TXN-05690,ACC-1183,68959.29,2026-07-10,SETTLED
TXN-25529,ACC-1178,97845.07,2026-08-28,SETTLED
TXN-48309,ACC-1225,432827.56,2026-07-11,SETTLED
TXN-47957,ACC-1317,437951.65,2026-08-09,SETTLED
TXN-70223,ACC-1131,240633.08,2026-08-08,SETTLED
TXN-50172,ACC-1216,260636.79,2026-08-21,SETTLED
TXN-16166,ACC-1132,82882.55,2026-07-18,SETTLED
TXN-53806,ACC-1063,440781.66,2026-07-25,SETTLED
TXN-04765,ACC-1333,160068.38,2026-08-02,PROCESSING
TXN-14348,ACC-1343,236070.10,2026-07-29,SETTLED
TXN-14804,ACC-1008,36496.09,2026-07-25,SETTLED
TXN-23490,ACC-1279,143927.18,2026-08-02,SETTLED
TXN-64236,ACC-1320,496324.16,2026-07-16,SETTLED
TXN-13962,ACC-1114,187853.60,2026-08-01,PENDING
TXN-71391,ACC-1217,62245.38,2026-08-07,SETTLED
TXN-37628,ACC-1145,439911.70,2026-08-09,PROCESSING
TXN-03666,ACC-1252,109807.07,2026-08-18,SETTLED
TXN-16853,ACC-1355,94215.90,2026-07-01,SETTLED
TXN-40865,ACC-1274,198678.71,2026-07-02,SETTLED
TXN-12502,ACC-1342,267385.00,2026-08-01,SETTLED
TXN-51431,ACC-1062,129541.22,2026-08-15,SETTLED
TXN-66003,ACC-1317,411452.20,2026-08-27,PENDING
TXN-76187,ACC-1088,29835.89,2026-08-04,PROCESSING
TXN-24396,ACC-1039,278977.80,2026-08-02,PROCESSING
TXN-35733,ACC-1061,69139.88,2026-07-27,PROCESSING
TXN-95470,ACC-1345,232859.40,2026-08-23,PENDING
TXN-87963,ACC-1125,382798.24,2026-08-16,PROCESSING
TXN-93234,ACC-1278,373982.29,2026-07-16,SETTLED
TXN-55150,ACC-1128,315124.94,2026-07-12,PENDING
TXN-52528,ACC-1016,395414.69,2026-08-10,SETTLED
TXN-56842,ACC-1079,132239.03,2026-07-04,SETTLED
TXN-10030,ACC-1018,346021.78,2026-08-12,PROCESSING
TXN-14670,ACC-1044,54198.76,2026-07-10,PROCESSING
TXN-98091,ACC-1024,376133.37,2026-07-26,SETTLED
TXN-82404,ACC-1328,280062.01,2026-08-15,SETTLED
TXN-77175,ACC-1292,488280.32,2026-07-17,PENDING
TXN-60985,ACC-1076,470271.58,2026-07-08,PENDING
TXN-85449,ACC-1035,450079.63,2026-08-13,SETTLED
TXN-91562,ACC-1066,333753.39,2026-08-03,SETTLED
TXN-90259,ACC-1129,282008.42,2026-08-08,SETTLED
TXN-07027,ACC-1027,57850.19,2026-07-04,SETTLED
TXN-15032,ACC-1032,377184.54,2026-07-12,SETTLED
TXN-72129,ACC-1112,335857.00,2026-08-12,SETTLED
TXN-57307,ACC-1230,255317.76,2026-08-13,SETTLED
TXN-66093,ACC-1219,338203.14,2026-06-30,SETTLED
TXN-02432,ACC-1126,90093.29,2026-07-29,SETTLED
TXN-83341,ACC-1290,97857.67,2026-07-01,SETTLED
TXN-64902,ACC-1262,239548.33,2026-08-06,PENDING
TXN-33084,ACC-1122,477711.05,2026-07-18,SETTLED
TXN-41174,ACC-1316,447389.91,2026-07-26,SETTLED
TXN-78683,ACC-1323,348153.15,2026-07-23,PROCESSING
TXN-39876,ACC-1223,125361.41,2026-07-03,SETTLED
TXN-87227,ACC-1267,420886.97,2026-08-02,SETTLED
TXN-42422,ACC-1088,287703.07,2026-07-31,PENDING
TXN-31469,ACC-1133,316842.32,2026-06-30,SETTLED
TXN-98617,ACC-1143,158852.22,2026-07-05,PENDING
TXN-16209,ACC-1227,486726.78,2026-08-16,PENDING
TXN-40808,ACC-1380,300835.97,2026-07-09,SETTLED
TXN-66385,ACC-1247,235916.72,2026-08-15,SETTLED
TXN-87811,ACC-1070,429243.92,2026-07-12,SETTLED
TXN-09411,ACC-1072,495128.81,2026-07-29,SETTLED
TXN-57443,ACC-1382,171006.49,2026-07-13,SETTLED
TXN-25295,ACC-1030,223212.66,2026-07-16,PROCESSING
TXN-24334,ACC-1030,78961.60,2026-07-29,SETTLED
TXN-62997,ACC-1209,241213.19,2026-07-06,PENDING
TXN-37274,ACC-1002,460304.53,2026-07-30,PENDING
TXN-19466,ACC-1247,22976.92,2026-07-11,SETTLED
TXN-78023,ACC-1134,243514.97,2026-07-08,SETTLED
TXN-43244,ACC-1386,183611.56,2026-08-09,SETTLED
TXN-48981,ACC-1041,326444.98,2026-07-13,PROCESSING
TXN-10348,ACC-1324,391383.70,2026-08-16,SETTLED
TXN-39968,ACC-1336,225921.73,2026-07-22,PROCESSING
TXN-05116,ACC-1114,65845.95,2026-08-12,SETTLED
TXN-75505,ACC-1340,348835.78,2026-08-09,SETTLED
TXN-96613,ACC-1096,48139.24,2026-08-26,SETTLED
TXN-41523,ACC-1253,396660.10,2026-08-17,SETTLED
TXN-85118,ACC-1248,425767.16,2026-08-02,SETTLED
TXN-89204,ACC-1348,198923.55,2026-08-02,PROCESSING
TXN-75791,ACC-1376,374411.27,2026-07-24,PROCESSING
TXN-74181,ACC-1368,376696.33,2026-08-21,PROCESSING
TXN-16484,ACC-1195,124747.63,2026-08-26,PROCESSING
TXN-66710,ACC-1087,164338.71,2026-07-07,SETTLED
TXN-41400,ACC-1331,312178.23,2026-07-07,SETTLED
TXN-40734,ACC-1009,178777.85,2026-08-15,SETTLED
TXN-52930,ACC-1193,410774.53,2026-07-19,SETTLED
TXN-84777,ACC-1353,460675.94,2026-08-12,SETTLED
TXN-98870,ACC-1135,429912.66,2026-08-20,SETTLED
TXN-39856,ACC-1084,130076.77,2026-07-05,PENDING
TXN-07271,ACC-1223,423260.60,2026-08-02,PENDING
TXN-37788,ACC-1215,15129.73,2026-07-04,SETTLED
TXN-42458,ACC-1129,27231.18,2026-08-05,SETTLED
TXN-64119,ACC-1196,84371.80,2026-07-27,PROCESSING
TXN-92970,ACC-1386,356660.86,2026-08-03,SETTLED
TXN-32440,ACC-1264,10423.97,2026-08-16,SETTLED
TXN-31200,ACC-1053,100525.00,2026-07-11,SETTLED
TXN-55075,ACC-1188,267965.60,2026-07-31,PROCESSING
TXN-86633,ACC-1024,233254.20,2026-08-05,SETTLED
TXN-19751,ACC-1225,334050.62,2026-07-26,SETTLED
TXN-36047,ACC-1056,106310.27,2026-07-17,PENDING
TXN-83492,ACC-1047,76484.38,2026-07-29,PROCESSING
TXN-55235,ACC-1185,476850.04,2026-08-20,PROCESSING
TXN-99752,ACC-1218,496792.98,2026-07-27,PENDING
TXN-50645,ACC-1315,326330.10,2026-07-23,PROCESSING
TXN-62877,ACC-1258,398914.13,2026-07-16,PENDING
TXN-89981,ACC-1208,494843.07,2026-07-05,PENDING
TXN-69199,ACC-1058,477454.25,2026-07-23,SETTLED
TXN-50855,ACC-1165,139524.42,2026-08-11,SETTLED
TXN-10969,ACC-1166,137525.05,2026-07-18,PENDING
TXN-76262,ACC-1040,204042.64,2026-07-18,SETTLED
TXN-56696,ACC-1166,472582.02,2026-08-06,PENDING
TXN-94130,ACC-1283,32765.74,2026-07-08,PROCESSING
TXN-70760,ACC-1036,493540.17,2026-07-29,PENDING
TXN-79909,ACC-1258,203386.08,2026-07-29,SETTLED
TXN-51216,ACC-1345,78878.01,2026-07-25,PROCESSING
TXN-99497,ACC-1233,384528.59,2026-08-02,SETTLED
TXN-42063,ACC-1186,57166.47,2026-08-25,SETTLED
TXN-77930,ACC-1345,104268.68,2026-08-16,SETTLED
TXN-15627,ACC-1287,470699.44,2026-06-30,PROCESSING
TXN-45848,ACC-1314,167116.58,2026-08-09,PROCESSING
TXN-85792,ACC-1031,30904.76,2026-07-02,PROCESSING
TXN-92451,ACC-1221,100770.72,2026-07-27,SETTLED
TXN-55740,ACC-1399,376520.91,2026-07-24,PROCESSING
TXN-26667,ACC-1370,319288.08,2026-08-14,SETTLED
TXN-93868,ACC-1373,43293.81,2026-08-04,SETTLED
TXN-26898,ACC-1177,311669.23,2026-08-01,SETTLED
TXN-84456,ACC-1162,29957.62,2026-08-27,SETTLED
TXN-40670,ACC-1265,25776.04,2026-08-04,SETTLED
TXN-01992,ACC-1353,300607.29,2026-07-28,PENDING
TXN-74460,ACC-1242,103617.62,2026-08-22,PROCESSING
TXN-06944,ACC-1092,413595.29,2026-07-18,SETTLED
TXN-97468,ACC-1062,482191.44,2026-07-25,PROCESSING
TXN-38303,ACC-1080,123107.28,2026-07-26,SETTLED
TXN-13959,ACC-1077,90569.81,2026-08-11,SETTLED
TXN-88754,ACC-1042,177515.52,2026-08-09,PENDING
TXN-67555,ACC-1061,162773.17,2026-08-08,PENDING
TXN-91595,ACC-1081,488464.93,2026-07-05,SETTLED
TXN-28119,ACC-1145,281331.32,2026-07-23,SETTLED
TXN-74770,ACC-1315,263706.52,2026-07-14,SETTLED
TXN-35315,ACC-1045,313113.58,2026-06-30,SETTLED
TXN-81300,ACC-1324,473796.42,2026-07-09,SETTLED
TXN-55449,ACC-1064,63036.03,2026-08-15,PROCESSING
TXN-95085,ACC-1216,273648.41,2026-07-09,SETTLED
TXN-99463,ACC-1324,442326.39,2026-08-23,PENDING
TXN-09157,ACC-1356,273844.05,2026-07-24,SETTLED
TXN-52187,ACC-1370,313848.72,2026-07-11,SETTLED
TXN-12137,ACC-1074,371550.24,2026-07-17,SETTLED
TXN-07467,ACC-1073,292592.12,2026-07-03,SETTLED
TXN-27739,ACC-1143,83221.16,2026-08-28,PROCESSING
TXN-71528,ACC-1089,251430.27,2026-08-05,SETTLED
TXN-04555,ACC-1312,266852.27,2026-08-02,SETTLED
TXN-03791,ACC-1152,120792.30,2026-07-20,SETTLED
TXN-78356,ACC-1103,16990.96,2026-08-26,SETTLED
TXN-03507,ACC-1302,20891.02,2026-08-18,PROCESSING
TXN-02802,ACC-1306,476534.53,2026-07-09,SETTLED
TXN-82127,ACC-1374,117009.27,2026-08-26,SETTLED
TXN-28916,ACC-1051,11538.73,2026-07-03,SETTLED
TXN-02579,ACC-1027,198312.56,2026-08-16,SETTLED
TXN-91820,ACC-1143,235860.22,2026-08-04,SETTLED
TXN-54159,ACC-1103,14689.55,2026-07-14,PROCESSING
TXN-55022,ACC-1053,205964.33,2026-07-01,SETTLED
TXN-18917,ACC-1038,431360.81,2026-07-14,SETTLED
TXN-61365,ACC-1160,282973.23,2026-08-07,SETTLED
TXN-26730,ACC-1019,262025.34,2026-08-03,SETTLED
TXN-35357,ACC-1128,198639.27,2026-08-25,PENDING
TXN-31941,ACC-1294,149331.51,2026-07-11,SETTLED
TXN-26797,ACC-1330,346055.04,2026-07-14,SETTLED
TXN-14018,ACC-1065,494022.69,2026-07-22,SETTLED
TXN-84567,ACC-1097,471391.67,2026-08-25,PENDING
TXN-20486,ACC-1198,467269.84,2026-08-12,SETTLED
TXN-49064,ACC-1260,151537.34,2026-08-22,PENDING
TXN-34302,ACC-1066,220556.70,2026-08-19,PENDING
TXN-43410,ACC-1397,325340.79,2026-08-18,SETTLED
TXN-29222,ACC-1244,314861.71,2026-07-11,PENDING
TXN-01787,ACC-1213,494343.20,2026-08-12,SETTLED
TXN-63220,ACC-1288,197859.44,2026-08-19,SETTLED
TXN-14374,ACC-1104,447562.32,2026-07-06,PENDING
TXN-90528,ACC-1362,486125.17,2026-07-17,SETTLED
TXN-76775,ACC-1170,397854.93,2026-07-16,PENDING
TXN-91344,ACC-1085,231233.46,2026-07-31,SETTLED
TXN-41949,ACC-1269,430129.97,2026-07-29,SETTLED
TXN-05054,ACC-1202,209362.49,2026-07-11,SETTLED
TXN-79376,ACC-1393,441730.60,2026-07-12,SETTLED
TXN-99667,ACC-1163,438765.06,2026-08-07,PENDING
TXN-21710,ACC-1374,373149.06,2026-07-20,PROCESSING
TXN-38296,ACC-1084,320179.95,2026-07-20,SETTLED
TXN-17029,ACC-1136,145646.78,2026-08-08,PENDING
TXN-95982,ACC-1035,229232.79,2026-08-02,SETTLED
TXN-03416,ACC-1085,470232.22,2026-07-12,PROCESSING
TXN-42427,ACC-1123,95438.72,2026-08-14,PROCESSING
TXN-79845,ACC-1131,267995.80,2026-07-01,PROCESSING
TXN-62181,ACC-1242,212501.44,2026-08-29,SETTLED
TXN-26074,ACC-1336,459196.56,2026-07-21,SETTLED
TXN-69046,ACC-1275,417487.55,2026-06-30,SETTLED
TXN-81142,ACC-1021,383204.68,2026-07-22,SETTLED
TXN-24918,ACC-1283,232168.86,2026-08-22,SETTLED
TXN-91597,ACC-1045,372474.07,2026-07-31,SETTLED
TXN-15757,ACC-1261,175819.96,2026-07-01,SETTLED
TXN-26591,ACC-1077,411715.05,2026-08-29,PROCESSING
TXN-62132,ACC-1081,28366.73,2026-07-11,PENDING
TXN-75905,ACC-1337,335639.81,2026-08-11,SETTLED
TXN-97065,ACC-1011,466938.03,2026-08-21,PROCESSING
TXN-86359,ACC-1265,341792.28,2026-08-17,SETTLED
TXN-25276,ACC-1264,183532.85,2026-07-26,SETTLED
TXN-71366,ACC-1019,363760.62,2026-08-07,PROCESSING
TXN-42914,ACC-1004,131720.42,2026-07-21,SETTLED
TXN-64425,ACC-1384,306971.32,2026-07-03,PROCESSING
TXN-14385,ACC-1281,341645.30,2026-08-24,PENDING
TXN-76970,ACC-1261,217932.80,2026-07-23,SETTLED
TXN-51613,ACC-1240,170298.45,2026-08-29,SETTLED
TXN-08223,ACC-1153,213625.17,2026-08-12,PENDING
TXN-84971,ACC-1352,108641.68,2026-08-26,SETTLED
TXN-84019,ACC-1254,95106.38,2026-08-26,SETTLED
TXN-05421,ACC-1339,258658.78,2026-07-02,SETTLED
TXN-12559,ACC-1279,475904.14,2026-07-16,SETTLED
TXN-70547,ACC-1377,116215.20,2026-07-26,SETTLED
TXN-57435,ACC-1296,390199.53,2026-07-03,PROCESSING
TXN-88425,ACC-1380,258034.17,2026-07-18,PROCESSING
TXN-76949,ACC-1170,116638.28,2026-07-31,SETTLED
TXN-01556,ACC-1228,357789.45,2026-08-05,PROCESSING
TXN-89672,ACC-1106,17616.08,2026-07-04,PENDING
TXN-52122,ACC-1173,410513.04,2026-08-27,PENDING
TXN-86441,ACC-1185,270309.31,2026-07-15,SETTLED
TXN-74933,ACC-1249,277459.20,2026-08-10,PROCESSING
TXN-04255,ACC-1262,217433.08,2026-08-26,SETTLED
TXN-10212,ACC-1153,74106.28,2026-08-25,PROCESSING
TXN-02979,ACC-1262,220447.79,2026-07-27,PROCESSING
TXN-08091,ACC-1025,403979.72,2026-08-07,SETTLED
TXN-10765,ACC-1008,248380.31,2026-07-28,PROCESSING
TXN-79007,ACC-1134,117465.63,2026-07-24,SETTLED
TXN-82153,ACC-1335,382331.61,2026-08-28,PENDING
TXN-60070,ACC-1385,477411.75,2026-07-04,SETTLED
TXN-73637,ACC-1272,44454.30,2026-07-21,PENDING
TXN-22579,ACC-1365,386911.33,2026-07-27,PENDING
TXN-95566,ACC-1109,168115.89,2026-08-27,SETTLED
TXN-95441,ACC-1217,385601.01,2026-08-20,PROCESSING
TXN-31409,ACC-1245,288263.34,2026-08-27,SETTLED
TXN-97305,ACC-1313,226970.55,2026-08-29,PENDING
TXN-23021,ACC-1342,457524.63,2026-08-01,PENDING
TXN-61529,ACC-1226,246406.58,2026-07-25,SETTLED
TXN-67026,ACC-1024,268392.00,2026-07-25,SETTLED
TXN-94827,ACC-1125,24927.98,2026-08-01,SETTLED
TXN-80776,ACC-1138,54763.68,2026-08-29,SETTLED
TXN-29753,ACC-1050,209365.14,2026-07-23,PROCESSING
TXN-69120,ACC-1199,497861.77,2026-08-25,PENDING
TXN-99601,ACC-1371,106238.86,2026-08-18,SETTLED
TXN-25584,ACC-1272,449936.33,2026-08-04,SETTLED
TXN-77661,ACC-1043,133278.51,2026-08-21,PENDING
TXN-21604,ACC-1128,110028.85,2026-07-22,SETTLED
TXN-33431,ACC-1081,320454.13,2026-08-20,PROCESSING
TXN-47261,ACC-1353,388962.18,2026-08-29,SETTLED
TXN-15189,ACC-1150,168716.31,2026-08-15,PROCESSING
TXN-83484,ACC-1156,495045.66,2026-08-19,SETTLED
TXN-98000,ACC-1230,363604.29,2026-07-22,PROCESSING
TXN-50546,ACC-1327,381328.35,2026-08-23,PROCESSING
TXN-86685,ACC-1237,105093.36,2026-07-01,SETTLED
TXN-26107,ACC-1055,270590.81,2026-07-06,SETTLED
TXN-12185,ACC-1265,188604.86,2026-08-14,SETTLED
TXN-40881,ACC-1103,383936.58,2026-07-03,SETTLED
TXN-69795,ACC-1312,177153.34,2026-08-19,SETTLED
TXN-88992,ACC-1355,168179.45,2026-07-09,PENDING
TXN-90481,ACC-1271,459694.80,2026-07-26,PENDING
TXN-79518,ACC-1310,245695.44,2026-07-27,SETTLED
TXN-32050,ACC-1159,390372.85,2026-08-05,SETTLED
TXN-79694,ACC-1134,34349.42,2026-07-21,SETTLED
TXN-52013,ACC-1346,193072.44,2026-08-12,SETTLED
TXN-96054,ACC-1162,422237.89,2026-08-05,PENDING
TXN-48738,ACC-1323,127576.42,2026-08-25,SETTLED
TXN-64502,ACC-1275,80823.35,2026-08-18,PENDING
TXN-82544,ACC-1036,59169.72,2026-07-04,SETTLED
TXN-17993,ACC-1007,261868.47,2026-08-18,SETTLED
TXN-86658,ACC-1348,325489.60,2026-07-28,SETTLED
TXN-11989,ACC-1330,49466.75,2026-08-23,SETTLED
TXN-83893,ACC-1040,207744.18,2026-08-07,SETTLED
TXN-26140,ACC-1394,396693.47,2026-07-05,SETTLED
TXN-97641,ACC-1247,254368.14,2026-08-12,SETTLED
TXN-85524,ACC-1144,176844.87,2026-07-10,PENDING
TXN-70024,ACC-1233,146742.10,2026-08-14,SETTLED
TXN-76173,ACC-1176,282516.00,2026-07-31,PROCESSING
TXN-30803,ACC-1329,322607.28,2026-07-29,SETTLED
TXN-87816,ACC-1245,385349.54,2026-08-05,SETTLED
TXN-18064,ACC-1155,442994.18,2026-08-12,SETTLED
TXN-58843,ACC-1235,283617.17,2026-08-01,SETTLED
TXN-27882,ACC-1102,45823.26,2026-07-12,SETTLED
TXN-78037,ACC-1293,222852.97,2026-08-07,SETTLED
TXN-29700,ACC-1188,128382.42,2026-06-30,PENDING
TXN-86209,ACC-1365,150180.28,2026-08-09,SETTLED
TXN-13986,ACC-1238,416142.94,2026-07-07,SETTLED
TXN-80496,ACC-1138,453899.46,2026-07-06,PENDING
TXN-03766,ACC-1254,437427.84,2026-08-16,SETTLED
TXN-99011,ACC-1129,491567.21,2026-07-06,SETTLED
TXN-20122,ACC-1296,208777.20,2026-08-20,SETTLED
TXN-99862,ACC-1043,285885.56,2026-08-21,PROCESSING
TXN-91140,ACC-1394,88820.31,2026-07-17,PENDING
TXN-80714,ACC-1238,318865.25,2026-07-04,PENDING
TXN-77215,ACC-1118,23652.30,2026-07-18,SETTLED
TXN-25006,ACC-1023,134369.03,2026-08-08,SETTLED
TXN-19186,ACC-1370,34572.32,2026-07-24,PENDING
TXN-45796,ACC-1224,155937.29,2026-07-09,SETTLED
TXN-08654,ACC-1134,426691.43,2026-07-29,SETTLED
TXN-87973,ACC-1166,20304.60,2026-07-17,PENDING
TXN-87305,ACC-1338,367281.34,2026-08-23,PENDING
TXN-38045,ACC-1170,302005.45,2026-07-12,PROCESSING
TXN-28270,ACC-1126,40579.76,2026-07-25,SETTLED
TXN-68988,ACC-1247,451845.18,2026-07-16,SETTLED
TXN-14458,ACC-1305,364106.02,2026-08-09,SETTLED
TXN-28865,ACC-1205,137033.86,2026-07-10,SETTLED
TXN-42378,ACC-1272,166524.60,2026-07-04,PROCESSING
TXN-27191,ACC-1293,155132.08,2026-08-13,SETTLED
TXN-34225,ACC-1313,233769.76,2026-07-07,SETTLED
TXN-82677,ACC-1080,431616.46,2026-07-13,PENDING
TXN-59042,ACC-1011,259591.33,2026-07-07,PENDING
TXN-62992,ACC-1376,246631.27,2026-08-13,PROCESSING
TXN-04366,ACC-1393,180763.91,2026-07-13,PENDING
TXN-85715,ACC-1158,441225.72,2026-08-19,SETTLED
TXN-78197,ACC-1256,363505.57,2026-07-07,SETTLED
TXN-70654,ACC-1374,408160.71,2026-07-05,PROCESSING
TXN-59676,ACC-1349,63974.69,2026-07-01,PROCESSING
TXN-91784,ACC-1358,462102.99,2026-07-12,PENDING
TXN-95167,ACC-1170,58723.24,2026-07-22,SETTLED
TXN-74016,ACC-1143,247864.40,2026-08-22,PROCESSING
TXN-24280,ACC-1221,350907.03,2026-08-15,SETTLED
TXN-68257,ACC-1267,182518.98,2026-07-20,SETTLED
TXN-75928,ACC-1089,192360.93,2026-08-15,PROCESSING
TXN-94375,ACC-1327,94076.21,2026-08-24,SETTLED
TXN-54672,ACC-1045,124444.86,2026-08-11,PENDING
TXN-72751,ACC-1021,46239.81,2026-08-12,PROCESSING
TXN-87192,ACC-1341,339370.51,2026-08-23,SETTLED
TXN-71546,ACC-1326,352058.59,2026-08-13,SETTLED
TXN-31966,ACC-1065,163869.51,2026-07-13,SETTLED
TXN-43820,ACC-1060,262233.76,2026-07-01,SETTLED
TXN-81933,ACC-1009,263643.33,2026-08-22,PENDING
TXN-18551,ACC-1365,202369.90,2026-07-25,SETTLED
TXN-67001,ACC-1354,400033.99,2026-08-17,PROCESSING
TXN-92780,ACC-1243,320409.91,2026-07-10,SETTLED
TXN-41443,ACC-1160,55479.58,2026-07-24,SETTLED
TXN-02033,ACC-1286,324209.70,2026-07-01,PENDING
TXN-36618,ACC-1071,184546.56,2026-07-17,SETTLED
TXN-50073,ACC-1150,344496.59,2026-08-29,SETTLED
TXN-31567,ACC-1389,192956.04,2026-08-01,SETTLED
TXN-62045,ACC-1325,231346.19,2026-07-05,PENDING
TXN-57501,ACC-1225,475120.62,2026-07-20,PENDING
TXN-67406,ACC-1034,183333.32,2026-07-31,PROCESSING
TXN-57242,ACC-1328,224004.00,2026-07-24,PENDING
TXN-84384,ACC-1118,6042.20,2026-08-29,PROCESSING
TXN-38896,ACC-1292,357555.36,2026-07-11,SETTLED
TXN-96765,ACC-1314,92738.76,2026-07-22,SETTLED
TXN-70808,ACC-1258,88636.17,2026-08-02,SETTLED
TXN-77087,ACC-1191,159781.51,2026-07-16,SETTLED
TXN-88937,ACC-1087,392233.30,2026-07-06,SETTLED
TXN-68628,ACC-1257,244807.13,2026-07-25,PROCESSING
TXN-99924,ACC-1254,12356.14,2026-07-13,SETTLED
TXN-37953,ACC-1068,38123.64,2026-07-04,PENDING
TXN-10124,ACC-1135,399923.91,2026-07-09,SETTLED
TXN-67250,ACC-1397,392855.06,2026-08-10,SETTLED
TXN-29231,ACC-1376,215148.95,2026-08-22,PENDING
TXN-90896,ACC-1194,193875.58,2026-07-19,PENDING
TXN-47240,ACC-1137,172299.56,2026-08-10,PROCESSING
TXN-89079,ACC-1106,380069.56,2026-08-28,SETTLED
TXN-60625,ACC-1140,48971.83,2026-07-23,PROCESSING
TXN-32108,ACC-1060,346730.87,2026-07-17,SETTLED
TXN-11429,ACC-1132,349203.69,2026-08-21,SETTLED
TXN-29788,ACC-1261,293355.70,2026-08-13,SETTLED
TXN-20728,ACC-1378,132266.55,2026-08-04,SETTLED
TXN-02933,ACC-1302,215312.42,2026-08-25,PENDING
TXN-87481,ACC-1225,64002.81,2026-07-14,SETTLED
TXN-01239,ACC-1314,198405.17,2026-07-02,PROCESSING
TXN-48882,ACC-1099,436976.07,2026-07-23,SETTLED
TXN-77793,ACC-1035,220333.63,2026-07-14,SETTLED
TXN-27561,ACC-1362,393068.33,2026-07-01,SETTLED
TXN-41845,ACC-1366,412372.16,2026-07-02,SETTLED
TXN-81636,ACC-1037,485394.91,2026-08-05,SETTLED
TXN-49410,ACC-1207,453987.69,2026-08-17,PROCESSING
TXN-07504,ACC-1339,343297.89,2026-07-25,PENDING
TXN-09980,ACC-1006,166642.00,2026-08-25,SETTLED
TXN-91742,ACC-1195,86633.65,2026-07-31,PENDING
TXN-47638,ACC-1168,212319.55,2026-08-02,PROCESSING
TXN-08387,ACC-1075,107212.59,2026-07-11,PROCESSING
TXN-20626,ACC-1112,367054.73,2026-08-14,SETTLED
TXN-53903,ACC-1075,156517.01,2026-08-03,PENDING
TXN-77331,ACC-1247,489972.54,2026-07-07,SETTLED
TXN-21374,ACC-1254,367117.64,2026-08-17,SETTLED
TXN-21804,ACC-1294,432936.07,2026-07-25,PROCESSING
TXN-99208,ACC-1010,394834.76,2026-07-18,PROCESSING
TXN-31033,ACC-1155,356124.56,2026-08-16,PROCESSING
TXN-12997,ACC-1142,282918.25,2026-08-22,SETTLED
TXN-49762,ACC-1352,306402.44,2026-07-22,PROCESSING
TXN-78456,ACC-1052,109029.43,2026-08-21,SETTLED
TXN-22874,ACC-1342,36823.86,2026-08-11,PROCESSING
TXN-55375,ACC-1184,140589.26,2026-07-01,PENDING
TXN-49017,ACC-1084,293808.69,2026-08-28,SETTLED
TXN-31569,ACC-1078,170329.99,2026-08-03,SETTLED
TXN-17909,ACC-1159,142937.18,2026-07-07,PROCESSING
TXN-94211,ACC-1342,9339.29,2026-08-25,SETTLED
TXN-53616,ACC-1258,298346.06,2026-07-11,PENDING
TXN-04850,ACC-1376,94957.55,2026-07-30,PROCESSING
TXN-48871,ACC-1112,381379.16,2026-08-26,SETTLED
TXN-87756,ACC-1358,207552.22,2026-08-03,SETTLED
TXN-66993,ACC-1028,146738.32,2026-08-02,PENDING
TXN-83188,ACC-1377,477292.73,2026-08-14,PROCESSING
TXN-97509,ACC-1089,352612.40,2026-08-18,SETTLED
TXN-93057,ACC-1086,209391.26,2026-07-26,SETTLED
TXN-89040,ACC-1280,192551.12,2026-08-17,PENDING
TXN-94575,ACC-1042,181902.39,2026-07-20,SETTLED
TXN-73808,ACC-1050,412230.48,2026-08-01,SETTLED
TXN-58832,ACC-1232,147584.93,2026-08-05,SETTLED
TXN-15133,ACC-1354,378841.54,2026-08-27,SETTLED
TXN-65442,ACC-1172,208185.49,2026-08-05,SETTLED
TXN-12932,ACC-1289,135657.01,2026-07-04,SETTLED
TXN-68304,ACC-1313,248428.34,2026-07-23,SETTLED
TXN-75491,ACC-1178,29220.28,2026-08-13,SETTLED
TXN-90317,ACC-1318,209457.41,2026-08-20,SETTLED
TXN-25365,ACC-1068,185756.83,2026-07-27,PROCESSING
TXN-09633,ACC-1249,206440.12,2026-07-20,SETTLED
TXN-32112,ACC-1330,280353.63,2026-07-24,SETTLED
TXN-95759,ACC-1287,308239.27,2026-07-04,PENDING
TXN-06162,ACC-1381,280964.43,2026-08-25,PROCESSING
TXN-54761,ACC-1072,274375.87,2026-08-29,PROCESSING
TXN-55816,ACC-1230,431673.13,2026-07-29,PENDING
TXN-91014,ACC-1203,330711.81,2026-08-20,SETTLED
TXN-89763,ACC-1178,200884.60,2026-07-07,SETTLED
TXN-66551,ACC-1261,276043.52,2026-07-25,SETTLED
TXN-29755,ACC-1080,89863.58,2026-08-02,SETTLED
TXN-88768,ACC-1143,239149.21,2026-08-23,SETTLED
TXN-06908,ACC-1337,61495.03,2026-08-24,PENDING
TXN-20337,ACC-1119,200536.37,2026-08-24,PENDING
TXN-22196,ACC-1252,225145.15,2026-08-18,SETTLED
TXN-18879,ACC-1002,52601.33,2026-07-27,SETTLED
TXN-46540,ACC-1184,397441.74,2026-07-09,PROCESSING
TXN-33824,ACC-1141,479917.60,2026-07-11,SETTLED
TXN-73427,ACC-1008,364352.68,2026-07-26,SETTLED
TXN-57617,ACC-1031,39115.23,2026-08-06,SETTLED
TXN-99122,ACC-1209,434550.16,2026-08-06,PROCESSING
TXN-21528,ACC-1002,145624.45,2026-07-07,PROCESSING
TXN-79530,ACC-1163,415801.94,2026-07-30,SETTLED
TXN-88323,ACC-1188,162384.84,2026-08-18,SETTLED
TXN-76081,ACC-1356,221344.88,2026-08-04,SETTLED
TXN-91908,ACC-1356,38773.07,2026-07-05,SETTLED
TXN-74306,ACC-1234,12365.90,2026-07-12,PROCESSING
TXN-32448,ACC-1318,39510.23,2026-08-26,SETTLED
TXN-47315,ACC-1310,282597.03,2026-08-12,SETTLED
TXN-90710,ACC-1325,43305.86,2026-08-12,PENDING
TXN-88007,ACC-1107,461832.65,2026-07-25,PENDING
TXN-09466,ACC-1038,380011.62,2026-07-16,SETTLED
TXN-09712,ACC-1129,355121.33,2026-07-10,SETTLED
TXN-51177,ACC-1303,168452.88,2026-07-11,SETTLED
TXN-10245,ACC-1344,400142.81,2026-07-20,PROCESSING
TXN-55855,ACC-1152,404106.18,2026-07-15,SETTLED
TXN-27722,ACC-1113,79391.64,2026-08-19,SETTLED
TXN-59352,ACC-1252,419440.05,2026-07-27,SETTLED
TXN-76226,ACC-1045,173695.17,2026-07-19,SETTLED
TXN-52511,ACC-1210,436447.30,2026-08-23,SETTLED
TXN-73485,ACC-1185,286900.37,2026-07-03,SETTLED
TXN-11616,ACC-1043,331779.13,2026-08-03,PENDING
TXN-95192,ACC-1140,104377.68,2026-07-18,PROCESSING
TXN-60853,ACC-1202,361348.23,2026-08-23,PENDING
TXN-96969,ACC-1310,464276.90,2026-08-05,SETTLED
TXN-33337,ACC-1026,101246.91,2026-07-01,SETTLED
TXN-86109,ACC-1074,236427.83,2026-08-21,SETTLED
TXN-86625,ACC-1356,319473.80,2026-07-10,SETTLED
TXN-42545,ACC-1145,361545.23,2026-08-20,SETTLED
TXN-85712,ACC-1130,167837.41,2026-08-01,PROCESSING
TXN-31571,ACC-1032,215754.46,2026-07-27,PROCESSING
TXN-91971,ACC-1376,203776.57,2026-08-07,SETTLED
TXN-05101,ACC-1075,24453.86,2026-08-04,SETTLED
TXN-99793,ACC-1018,227137.83,2026-08-02,PROCESSING
TXN-71943,ACC-1137,71508.15,2026-08-25,SETTLED
TXN-47242,ACC-1015,10667.51,2026-08-26,SETTLED
TXN-20714,ACC-1278,394983.34,2026-07-06,PROCESSING
TXN-11729,ACC-1140,233558.18,2026-07-11,SETTLED
TXN-81937,ACC-1230,461179.31,2026-08-04,SETTLED
TXN-71760,ACC-1032,255515.82,2026-07-07,PENDING
TXN-03724,ACC-1012,266945.70,2026-07-08,PENDING
TXN-10972,ACC-1209,123100.07,2026-08-04,SETTLED
TXN-16965,ACC-1087,8318.25,2026-07-14,SETTLED
TXN-77557,ACC-1064,449375.99,2026-08-02,PROCESSING
TXN-86170,ACC-1343,355285.67,2026-08-26,SETTLED
TXN-62731,ACC-1140,6849.51,2026-07-11,PROCESSING
TXN-23528,ACC-1340,301828.37,2026-07-23,SETTLED
TXN-52578,ACC-1179,419440.28,2026-08-01,SETTLED
TXN-32724,ACC-1221,62818.69,2026-07-03,PROCESSING
TXN-23783,ACC-1191,52816.90,2026-07-28,PROCESSING
TXN-56886,ACC-1320,407533.87,2026-08-18,SETTLED
TXN-93261,ACC-1157,110180.77,2026-07-20,SETTLED
TXN-80287,ACC-1263,260213.01,2026-08-24,PENDING
TXN-54332,ACC-1162,267489.79,2026-08-11,SETTLED
TXN-50187,ACC-1009,271746.52,2026-07-25,SETTLED
TXN-22959,ACC-1198,377517.83,2026-08-20,PENDING
TXN-26456,ACC-1185,225644.66,2026-07-18,PENDING
TXN-77288,ACC-1216,300461.67,2026-08-01,PROCESSING
TXN-67697,ACC-1344,89516.40,2026-07-24,PENDING
TXN-57340,ACC-1135,153454.07,2026-07-06,PROCESSING
TXN-72991,ACC-1351,28495.26,2026-07-15,SETTLED
TXN-42944,ACC-1271,242139.38,2026-08-12,SETTLED
TXN-11051,ACC-1161,421515.84,2026-07-04,SETTLED
TXN-84905,ACC-1034,235292.38,2026-07-15,PROCESSING
TXN-17121,ACC-1174,230195.65,2026-07-14,SETTLED
TXN-82229,ACC-1301,438487.19,2026-08-04,SETTLED
TXN-38490,ACC-1146,101876.06,2026-08-06,SETTLED
TXN-13268,ACC-1005,412635.54,2026-07-19,SETTLED
TXN-99300,ACC-1186,432816.41,2026-07-28,SETTLED
TXN-71633,ACC-1328,470071.95,2026-07-04,PROCESSING
TXN-72325,ACC-1283,74582.70,2026-08-24,SETTLED
TXN-67220,ACC-1382,435676.83,2026-08-19,PROCESSING
TXN-93265,ACC-1042,431983.62,2026-07-31,PENDING
TXN-84983,ACC-1333,420080.15,2026-07-13,PENDING
TXN-20896,ACC-1227,311693.28,2026-08-05,SETTLED
TXN-98122,ACC-1398,422342.12,2026-08-25,SETTLED
TXN-95706,ACC-1025,40717.15,2026-07-28,SETTLED
TXN-32218,ACC-1362,136053.48,2026-07-01,PROCESSING
TXN-70512,ACC-1084,35675.81,2026-07-29,PENDING
TXN-77533,ACC-1119,426279.53,2026-06-30,SETTLED
TXN-72772,ACC-1260,112583.91,2026-07-29,SETTLED
TXN-77894,ACC-1377,268889.89,2026-07-05,SETTLED
TXN-52560,ACC-1173,451512.47,2026-07-29,SETTLED
TXN-53630,ACC-1319,478527.44,2026-07-15,PROCESSING
TXN-80779,ACC-1163,481825.10,2026-07-21,SETTLED
TXN-78834,ACC-1183,80431.92,2026-08-11,SETTLED
TXN-01161,ACC-1169,147736.07,2026-08-26,SETTLED
TXN-38439,ACC-1140,350629.05,2026-07-06,PROCESSING
TXN-56370,ACC-1250,439461.27,2026-08-02,PROCESSING
TXN-56863,ACC-1311,237637.42,2026-07-23,PROCESSING
TXN-06708,ACC-1029,110174.09,2026-07-14,SETTLED
TXN-87568,ACC-1359,265275.40,2026-07-25,SETTLED
TXN-79199,ACC-1296,165884.90,2026-08-29,SETTLED
TXN-18900,ACC-1004,53998.68,2026-08-06,PENDING
TXN-68020,ACC-1330,286492.35,2026-07-16,SETTLED
TXN-27374,ACC-1305,404324.05,2026-07-17,SETTLED
TXN-03504,ACC-1137,46090.06,2026-07-28,PROCESSING
TXN-82636,ACC-1107,91640.65,2026-08-27,PROCESSING
TXN-46850,ACC-1285,455144.31,2026-07-22,SETTLED
TXN-33194,ACC-1218,381513.99,2026-07-23,SETTLED
TXN-55251,ACC-1161,88318.32,2026-08-05,SETTLED
TXN-17367,ACC-1088,206428.95,2026-08-13,SETTLED
TXN-88886,ACC-1229,430537.47,2026-08-01,SETTLED
TXN-53226,ACC-1162,476102.93,2026-07-31,PENDING
TXN-41624,ACC-1386,270141.42,2026-07-24,SETTLED
TXN-84766,ACC-1254,349691.62,2026-08-17,PROCESSING
TXN-48478,ACC-1244,74434.16,2026-08-04,SETTLED
TXN-18686,ACC-1381,66297.57,2026-07-28,PROCESSING
TXN-90237,ACC-1085,304342.28,2026-08-16,PENDING
TXN-16783,ACC-1380,42008.81,2026-07-01,SETTLED
TXN-20497,ACC-1157,281981.57,2026-08-01,PENDING
TXN-64383,ACC-1355,484964.42,2026-07-22,SETTLED
TXN-39453,ACC-1239,481996.07,2026-07-22,PENDING
TXN-84162,ACC-1122,422797.08,2026-08-08,PENDING
TXN-95873,ACC-1240,95211.99,2026-08-26,SETTLED
TXN-59021,ACC-1145,389867.02,2026-07-07,SETTLED
TXN-02968,ACC-1319,72014.08,2026-07-17,SETTLED
TXN-32321,ACC-1399,326413.82,2026-07-27,SETTLED
TXN-41504,ACC-1117,294854.76,2026-07-10,SETTLED
TXN-51848,ACC-1290,282768.00,2026-07-11,SETTLED
TXN-05521,ACC-1079,174328.91,2026-08-14,SETTLED
TXN-62916,ACC-1073,128381.27,2026-08-10,PROCESSING
TXN-19744,ACC-1145,224061.87,2026-07-12,PENDING
TXN-05820,ACC-1050,77542.48,2026-08-10,PROCESSING
TXN-15304,ACC-1247,244096.51,2026-07-29,PENDING
TXN-74524,ACC-1090,219148.81,2026-08-07,SETTLED
TXN-52658,ACC-1161,484441.34,2026-08-06,PENDING
TXN-40641,ACC-1007,473055.71,2026-07-16,SETTLED
TXN-37259,ACC-1265,143456.33,2026-07-03,SETTLED
TXN-69397,ACC-1153,447744.56,2026-08-14,PENDING
TXN-68874,ACC-1154,79288.32,2026-08-03,SETTLED
TXN-99033,ACC-1385,183118.23,2026-08-19,SETTLED
TXN-92474,ACC-1116,308134.31,2026-07-25,SETTLED
TXN-50571,ACC-1180,453800.31,2026-08-14,PENDING
TXN-86442,ACC-1126,55716.28,2026-07-03,PROCESSING
TXN-88548,ACC-1191,150692.01,2026-08-14,SETTLED
TXN-59940,ACC-1274,419184.83,2026-07-07,PENDING
TXN-64520,ACC-1217,321574.74,2026-08-09,PENDING
TXN-49723,ACC-1289,153677.10,2026-08-08,PROCESSING
TXN-64366,ACC-1341,98783.38,2026-07-11,PENDING
TXN-96050,ACC-1330,471710.99,2026-07-05,SETTLED
TXN-51605,ACC-1045,151422.41,2026-08-07,SETTLED
TXN-36962,ACC-1356,337856.49,2026-07-21,SETTLED
TXN-86794,ACC-1244,428254.32,2026-07-29,SETTLED
TXN-03895,ACC-1012,474192.22,2026-07-11,SETTLED
TXN-15112,ACC-1144,29953.93,2026-08-25,SETTLED
TXN-93206,ACC-1389,147887.94,2026-08-18,SETTLED
TXN-73362,ACC-1162,368060.20,2026-08-12,PROCESSING
TXN-58808,ACC-1263,7321.37,2026-08-15,SETTLED
TXN-79245,ACC-1084,476198.16,2026-08-23,SETTLED
TXN-80357,ACC-1284,262991.39,2026-08-01,PROCESSING
TXN-60366,ACC-1159,152082.32,2026-07-13,SETTLED
TXN-07659,ACC-1369,28637.61,2026-08-04,PROCESSING
TXN-70489,ACC-1378,380801.28,2026-07-25,SETTLED
TXN-09182,ACC-1372,471464.39,2026-07-30,SETTLED
TXN-50139,ACC-1273,169303.53,2026-08-18,PROCESSING
TXN-23411,ACC-1261,190933.51,2026-07-11,SETTLED
TXN-71503,ACC-1170,146276.97,2026-08-19,PENDING
TXN-55659,ACC-1277,124096.28,2026-07-24,SETTLED
TXN-30054,ACC-1158,246584.13,2026-08-18,PENDING
TXN-11099,ACC-1323,344916.72,2026-07-16,PROCESSING
TXN-25059,ACC-1046,236413.38,2026-07-29,SETTLED
TXN-35539,ACC-1341,177965.32,2026-08-21,SETTLED
TXN-10960,ACC-1259,283703.64,2026-07-23,SETTLED
TXN-68554,ACC-1088,175078.52,2026-08-05,SETTLED
TXN-40459,ACC-1393,118504.11,2026-08-01,SETTLED
TXN-85297,ACC-1052,450138.62,2026-08-24,PENDING
TXN-30877,ACC-1053,416347.64,2026-08-18,SETTLED
TXN-95625,ACC-1126,285536.26,2026-07-06,SETTLED
TXN-71962,ACC-1055,203237.33,2026-08-17,SETTLED
TXN-33729,ACC-1133,455951.33,2026-07-08,PROCESSING
TXN-99191,ACC-1253,218346.91,2026-08-18,PENDING
TXN-12301,ACC-1332,89713.09,2026-08-18,SETTLED
TXN-23576,ACC-1170,138036.36,2026-07-02,SETTLED
TXN-58666,ACC-1066,124906.16,2026-07-21,PROCESSING
TXN-70501,ACC-1119,497598.49,2026-08-12,PENDING
TXN-58976,ACC-1227,169171.55,2026-08-12,SETTLED
TXN-31300,ACC-1238,143325.49,2026-08-21,PENDING
TXN-64030,ACC-1249,328970.74,2026-07-26,SETTLED
TXN-98924,ACC-1194,319973.77,2026-07-13,PENDING
TXN-11216,ACC-1010,302277.63,2026-08-20,SETTLED
TXN-72428,ACC-1225,171684.69,2026-08-06,PROCESSING
TXN-25309,ACC-1319,172206.48,2026-06-30,PENDING
TXN-33303,ACC-1183,79075.99,2026-07-06,SETTLED
TXN-27320,ACC-1027,133094.83,2026-07-17,PENDING
TXN-93517,ACC-1055,349247.91,2026-08-19,SETTLED
TXN-61360,ACC-1207,288171.93,2026-08-16,SETTLED
TXN-62001,ACC-1049,23410.11,2026-07-08,PROCESSING
TXN-06369,ACC-1312,203293.62,2026-07-09,SETTLED
TXN-42773,ACC-1085,132062.96,2026-06-30,SETTLED
TXN-79209,ACC-1198,395969.43,2026-07-26,PENDING
TXN-74012,ACC-1037,299966.13,2026-08-25,SETTLED
TXN-97758,ACC-1054,390837.46,2026-07-23,SETTLED
TXN-17132,ACC-1302,227617.38,2026-07-09,SETTLED
TXN-96212,ACC-1074,216972.83,2026-08-12,SETTLED
TXN-44843,ACC-1036,388140.22,2026-08-24,SETTLED
TXN-99421,ACC-1351,72465.63,2026-07-09,SETTLED
TXN-38016,ACC-1335,214556.67,2026-08-28,SETTLED
TXN-73830,ACC-1266,7995.95,2026-08-28,SETTLED
TXN-31646,ACC-1120,425030.11,2026-07-29,SETTLED
TXN-43028,ACC-1267,487806.70,2026-08-24,PROCESSING
TXN-92965,ACC-1028,119356.49,2026-07-09,SETTLED
TXN-94888,ACC-1038,116236.34,2026-08-13,SETTLED
TXN-77914,ACC-1310,80657.61,2026-07-11,PROCESSING
TXN-86063,ACC-1022,114362.35,2026-08-20,PENDING
TXN-43786,ACC-1264,341177.85,2026-07-11,PENDING
TXN-41755,ACC-1057,243162.05,2026-08-24,PROCESSING
TXN-21692,ACC-1160,197614.79,2026-08-05,PENDING
TXN-52255,ACC-1241,61953.47,2026-07-26,PENDING
TXN-45061,ACC-1319,362887.88,2026-08-25,SETTLED
TXN-02409,ACC-1360,120210.69,2026-08-27,PENDING
TXN-82076,ACC-1052,19594.79,2026-07-30,PENDING
TXN-32579,ACC-1117,388720.78,2026-07-17,SETTLED
TXN-28897,ACC-1182,259511.02,2026-07-05,SETTLED
TXN-41752,ACC-1012,221029.61,2026-07-04,SETTLED
TXN-30845,ACC-1082,258892.88,2026-07-28,PROCESSING
TXN-91237,ACC-1340,60681.18,2026-07-12,PROCESSING
TXN-58707,ACC-1153,22923.11,2026-07-24,SETTLED
TXN-34420,ACC-1123,373192.71,2026-08-08,PENDING
TXN-97206,ACC-1011,272480.32,2026-07-07,PROCESSING
TXN-25890,ACC-1080,312174.35,2026-08-16,SETTLED
TXN-95792,ACC-1059,277733.92,2026-08-29,PROCESSING
TXN-90303,ACC-1031,292510.28,2026-08-22,SETTLED
TXN-96280,ACC-1199,460470.82,2026-08-02,SETTLED
TXN-21914,ACC-1371,322456.78,2026-07-07,PROCESSING
TXN-29886,ACC-1187,205199.13,2026-08-20,SETTLED
TXN-49930,ACC-1167,478823.47,2026-08-08,SETTLED
TXN-28074,ACC-1264,445018.32,2026-08-24,PENDING
TXN-77507,ACC-1026,309915.46,2026-08-12,SETTLED
TXN-33970,ACC-1291,486331.69,2026-08-06,SETTLED
TXN-30384,ACC-1161,276764.31,2026-08-23,SETTLED
TXN-28507,ACC-1242,488580.77,2026-07-05,PROCESSING
TXN-21170,ACC-1248,405855.23,2026-07-29,SETTLED
TXN-50960,ACC-1129,402274.19,2026-07-27,SETTLED
TXN-94576,ACC-1144,118778.94,2026-07-02,SETTLED
TXN-13728,ACC-1098,384490.99,2026-06-30,PENDING
TXN-68614,ACC-1146,177776.62,2026-07-07,PROCESSING
TXN-22350,ACC-1291,445245.60,2026-08-20,SETTLED
TXN-57268,ACC-1139,386033.65,2026-08-04,PENDING
TXN-37836,ACC-1376,214195.11,2026-07-18,SETTLED
TXN-79110,ACC-1209,399908.07,2026-07-30,PROCESSING
TXN-79136,ACC-1162,496647.69,2026-08-08,SETTLED
TXN-31484,ACC-1213,7857.38,2026-07-28,SETTLED
TXN-18105,ACC-1283,448901.21,2026-08-22,SETTLED
TXN-36990,ACC-1198,110606.97,2026-07-22,SETTLED
TXN-14556,ACC-1078,304029.88,2026-08-12,SETTLED
TXN-29435,ACC-1263,67594.81,2026-07-28,SETTLED
TXN-17046,ACC-1293,187917.64,2026-07-10,PROCESSING
TXN-51877,ACC-1392,397646.46,2026-08-27,SETTLED
TXN-91719,ACC-1138,420919.61,2026-06-30,SETTLED
TXN-54972,ACC-1305,412583.66,2026-07-08,PROCESSING
TXN-32823,ACC-1219,119727.58,2026-07-26,PROCESSING
TXN-22797,ACC-1250,321203.87,2026-07-20,PROCESSING
TXN-75942,ACC-1242,300003.68,2026-07-27,PROCESSING
TXN-13173,ACC-1331,93176.40,2026-07-04,SETTLED
TXN-70510,ACC-1057,296320.04,2026-07-14,SETTLED
TXN-05218,ACC-1291,188681.92,2026-08-05,SETTLED
TXN-94098,ACC-1170,435811.23,2026-08-28,SETTLED
TXN-41083,ACC-1181,254676.68,2026-08-10,PENDING
TXN-16841,ACC-1233,291208.23,2026-07-17,SETTLED
TXN-82509,ACC-1079,96031.92,2026-08-22,SETTLED
TXN-19412,ACC-1244,173622.17,2026-07-28,SETTLED
TXN-41881,ACC-1299,62264.74,2026-08-06,PROCESSING
TXN-49421,ACC-1353,259687.32,2026-07-24,SETTLED
TXN-12828,ACC-1395,70536.14,2026-07-23,SETTLED
TXN-75735,ACC-1382,35094.01,2026-08-23,PENDING
TXN-24195,ACC-1392,59058.51,2026-07-11,SETTLED
TXN-78729,ACC-1306,235145.66,2026-07-18,PENDING
TXN-06812,ACC-1087,295854.47,2026-07-17,SETTLED
TXN-35412,ACC-1081,163257.66,2026-08-10,SETTLED
TXN-68879,ACC-1366,149642.34,2026-07-13,PROCESSING
TXN-60868,ACC-1103,416541.08,2026-07-06,SETTLED
TXN-31914,ACC-1105,487178.77,2026-07-08,SETTLED
TXN-65584,ACC-1196,21616.08,2026-07-08,PENDING
TXN-62832,ACC-1005,256539.54,2026-07-26,SETTLED
TXN-07338,ACC-1092,386044.59,2026-07-26,PROCESSING
TXN-41557,ACC-1188,204174.30,2026-07-17,PENDING
TXN-67931,ACC-1168,204855.34,2026-08-06,SETTLED
TXN-45032,ACC-1345,267549.41,2026-07-13,SETTLED
TXN-20139,ACC-1030,69011.41,2026-07-18,SETTLED
TXN-51139,ACC-1111,445691.04,2026-07-12,SETTLED
TXN-33730,ACC-1385,305098.01,2026-07-27,SETTLED
TXN-75156,ACC-1006,10939.16,2026-07-05,SETTLED
TXN-50453,ACC-1281,332297.93,2026-07-07,SETTLED
TXN-05756,ACC-1208,281159.70,2026-08-07,PROCESSING
TXN-97296,ACC-1343,351610.40,2026-08-25,SETTLED
TXN-94244,ACC-1177,487870.32,2026-07-19,SETTLED
TXN-25973,ACC-1042,219587.27,2026-07-05,PENDING
TXN-50788,ACC-1100,312442.11,2026-07-21,SETTLED
TXN-05978,ACC-1052,283989.26,2026-08-14,PENDING
TXN-01987,ACC-1115,28819.63,2026-07-18,PENDING
TXN-16731,ACC-1339,255837.81,2026-07-28,PROCESSING
TXN-85626,ACC-1123,313661.57,2026-07-29,SETTLED
TXN-22528,ACC-1354,30313.36,2026-07-08,SETTLED
TXN-55909,ACC-1179,358692.50,2026-07-02,PENDING
TXN-73537,ACC-1062,286229.35,2026-08-08,SETTLED
TXN-44133,ACC-1299,31207.84,2026-08-28,SETTLED
TXN-81399,ACC-1310,453416.81,2026-08-03,PROCESSING
TXN-95875,ACC-1151,350391.58,2026-07-22,SETTLED
TXN-86834,ACC-1156,410371.17,2026-07-01,SETTLED
TXN-91020,ACC-1159,165206.70,2026-08-23,PROCESSING
TXN-78110,ACC-1251,113093.72,2026-08-06,SETTLED
TXN-55928,ACC-1191,432549.73,2026-07-28,SETTLED
TXN-23921,ACC-1145,455413.99,2026-08-11,SETTLED
TXN-44382,ACC-1298,92961.51,2026-08-20,PENDING
TXN-34093,ACC-1054,126576.31,2026-07-04,PROCESSING
TXN-14914,ACC-1077,32257.75,2026-08-12,SETTLED
TXN-50378,ACC-1111,102790.45,2026-07-04,SETTLED
TXN-01359,ACC-1092,259226.60,2026-08-18,PROCESSING
TXN-84646,ACC-1322,236320.08,2026-08-16,SETTLED
TXN-50075,ACC-1118,329791.66,2026-08-13,SETTLED
TXN-42954,ACC-1054,223978.11,2026-07-12,SETTLED
TXN-83977,ACC-1037,233321.44,2026-08-10,SETTLED
TXN-28179,ACC-1266,247659.69,2026-08-08,PROCESSING
TXN-93237,ACC-1196,326681.71,2026-07-06,PROCESSING
TXN-98882,ACC-1167,239853.88,2026-08-12,SETTLED
TXN-73259,ACC-1107,52166.22,2026-08-22,SETTLED
TXN-98343,ACC-1143,226985.68,2026-07-23,SETTLED
TXN-40183,ACC-1034,33089.02,2026-08-17,PENDING
TXN-78436,ACC-1218,435532.67,2026-07-07,PENDING
TXN-64059,ACC-1250,145568.17,2026-08-17,SETTLED
TXN-99638,ACC-1295,273415.70,2026-07-13,PROCESSING
TXN-22985,ACC-1273,371804.26,2026-07-21,SETTLED
TXN-63476,ACC-1239,175874.67,2026-08-10,SETTLED
TXN-90931,ACC-1372,115318.21,2026-08-06,PENDING
TXN-75948,ACC-1290,475037.22,2026-07-24,PROCESSING
TXN-07783,ACC-1281,456508.87,2026-07-19,PROCESSING
TXN-08349,ACC-1243,7993.32,2026-08-04,SETTLED
TXN-19687,ACC-1273,38043.55,2026-07-22,SETTLED
TXN-43199,ACC-1109,384475.26,2026-08-05,PROCESSING
TXN-61947,ACC-1257,374235.84,2026-07-16,SETTLED
TXN-98537,ACC-1023,61705.13,2026-08-23,PENDING
TXN-20768,ACC-1374,472759.84,2026-07-13,SETTLED
TXN-89814,ACC-1211,143460.27,2026-08-05,SETTLED
TXN-45016,ACC-1261,397308.91,2026-07-18,PENDING
TXN-87906,ACC-1126,175070.52,2026-07-14,SETTLED
TXN-72928,ACC-1345,216950.18,2026-08-14,SETTLED
TXN-39222,ACC-1058,286141.46,2026-08-01,PROCESSING
TXN-63849,ACC-1087,361084.96,2026-07-01,SETTLED
TXN-07302,ACC-1257,127396.27,2026-07-07,SETTLED
TXN-26910,ACC-1356,206537.27,2026-07-28,PROCESSING
TXN-25413,ACC-1238,153677.21,2026-07-09,SETTLED
TXN-05882,ACC-1176,46169.46,2026-07-14,SETTLED
TXN-28485,ACC-1283,478328.01,2026-08-16,PROCESSING
TXN-46447,ACC-1173,470693.97,2026-08-11,SETTLED
TXN-62878,ACC-1236,355990.75,2026-07-12,PENDING
TXN-85076,ACC-1205,228879.20,2026-08-07,SETTLED
TXN-60689,ACC-1111,163691.66,2026-08-07,PROCESSING
TXN-19122,ACC-1286,312313.88,2026-08-27,PENDING
TXN-01048,ACC-1172,113109.24,2026-08-19,SETTLED
TXN-08479,ACC-1170,250340.35,2026-07-22,SETTLED
TXN-57082,ACC-1340,159293.60,2026-07-26,PENDING
TXN-97345,ACC-1278,245316.25,2026-08-04,PROCESSING
TXN-93386,ACC-1227,446058.63,2026-08-10,SETTLED
TXN-83011,ACC-1091,404061.36,2026-08-19,SETTLED
TXN-03692,ACC-1143,393106.17,2026-07-18,PROCESSING
TXN-64970,ACC-1313,31841.51,2026-07-15,SETTLED
TXN-16849,ACC-1365,471960.70,2026-07-11,SETTLED
TXN-70186,ACC-1362,450791.09,2026-06-30,SETTLED
TXN-50642,ACC-1015,76789.04,2026-08-13,PENDING
TXN-19324,ACC-1057,429799.46,2026-07-30,PROCESSING
TXN-15866,ACC-1275,244517.79,2026-08-09,PROCESSING
TXN-09975,ACC-1077,452321.44,2026-07-27,PENDING
TXN-75707,ACC-1373,455188.60,2026-08-05,PROCESSING
TXN-78104,ACC-1222,249252.18,2026-07-17,SETTLED
TXN-04563,ACC-1130,466541.04,2026-08-24,SETTLED
TXN-54962,ACC-1299,200291.22,2026-06-30,PENDING
TXN-65439,ACC-1007,48889.77,2026-07-19,PENDING
TXN-77026,ACC-1294,280466.63,2026-08-09,SETTLED
TXN-33453,ACC-1001,483679.72,2026-07-20,SETTLED
TXN-21279,ACC-1273,496737.08,2026-08-12,PENDING
TXN-49785,ACC-1076,183287.78,2026-08-18,SETTLED
TXN-01394,ACC-1142,14637.40,2026-07-07,SETTLED
TXN-03990,ACC-1248,309248.07,2026-07-27,PROCESSING
TXN-70057,ACC-1069,39340.21,2026-08-23,PENDING
TXN-91956,ACC-1242,186392.94,2026-08-07,SETTLED
TXN-18475,ACC-1055,144379.36,2026-08-04,SETTLED
TXN-46062,ACC-1026,305885.15,2026-07-07,SETTLED
TXN-97657,ACC-1323,381585.13,2026-08-23,SETTLED
TXN-42484,ACC-1243,207187.39,2026-07-04,SETTLED
TXN-54294,ACC-1159,456615.47,2026-08-27,SETTLED
TXN-83511,ACC-1227,69416.31,2026-08-16,SETTLED
TXN-62560,ACC-1360,380840.32,2026-08-08,PROCESSING
TXN-59055,ACC-1363,188275.00,2026-07-07,SETTLED
TXN-39611,ACC-1078,358068.13,2026-08-19,PROCESSING
TXN-58551,ACC-1163,328514.84,2026-07-29,SETTLED
TXN-16282,ACC-1072,61996.42,2026-07-30,PROCESSING
TXN-65890,ACC-1180,188969.02,2026-07-20,SETTLED
TXN-50214,ACC-1270,200105.17,2026-08-26,SETTLED
TXN-13191,ACC-1389,310084.19,2026-07-31,PENDING
TXN-65539,ACC-1174,16911.42,2026-07-10,SETTLED
TXN-38518,ACC-1067,349719.30,2026-08-05,PENDING
TXN-88524,ACC-1296,453853.31,2026-08-25,SETTLED
TXN-10481,ACC-1241,466641.36,2026-08-01,PROCESSING
TXN-71414,ACC-1225,247884.72,2026-07-02,SETTLED
TXN-53241,ACC-1168,303203.10,2026-07-10,SETTLED
TXN-56507,ACC-1016,422075.15,2026-08-28,SETTLED
TXN-35461,ACC-1061,319855.19,2026-07-29,PROCESSING
TXN-79424,ACC-1330,306783.42,2026-08-12,SETTLED
TXN-41314,ACC-1130,187545.69,2026-07-06,SETTLED
TXN-05793,ACC-1339,433225.40,2026-07-19,SETTLED
TXN-21295,ACC-1396,471805.81,2026-08-15,SETTLED
TXN-47897,ACC-1103,198311.10,2026-07-15,PROCESSING
TXN-30386,ACC-1248,115339.48,2026-07-08,SETTLED
TXN-58919,ACC-1305,42615.34,2026-08-08,PROCESSING
TXN-35271,ACC-1399,129991.56,2026-07-05,PENDING
TXN-24017,ACC-1022,61494.57,2026-07-02,SETTLED
TXN-02920,ACC-1124,143454.55,2026-07-25,SETTLED
TXN-74158,ACC-1146,94330.56,2026-08-21,SETTLED
TXN-23228,ACC-1139,384188.90,2026-07-03,PROCESSING
TXN-17933,ACC-1110,166946.77,2026-08-10,PENDING
TXN-38845,ACC-1059,148671.24,2026-07-23,PROCESSING
TXN-66896,ACC-1138,14438.76,2026-08-28,SETTLED
TXN-20745,ACC-1345,281947.68,2026-08-29,SETTLED
TXN-44781,ACC-1156,138000.63,2026-07-28,SETTLED
TXN-24454,ACC-1057,307677.87,2026-07-02,SETTLED
TXN-08326,ACC-1216,120011.28,2026-07-15,PENDING
TXN-27867,ACC-1257,198401.63,2026-07-04,PROCESSING
TXN-52519,ACC-1387,357304.02,2026-08-19,SETTLED
TXN-30088,ACC-1014,319464.55,2026-07-20,PROCESSING
TXN-53210,ACC-1152,72824.00,2026-07-14,PENDING
TXN-26655,ACC-1035,156333.74,2026-08-18,PROCESSING
TXN-35096,ACC-1291,296082.81,2026-07-08,PENDING
TXN-75615,ACC-1298,46369.39,2026-08-17,SETTLED
TXN-54327,ACC-1398,34927.74,2026-07-19,SETTLED
TXN-49279,ACC-1208,97951.72,2026-07-27,PENDING
TXN-95751,ACC-1279,211146.37,2026-07-14,PENDING
TXN-16120,ACC-1302,345580.07,2026-07-28,SETTLED
TXN-82386,ACC-1225,163718.81,2026-08-08,SETTLED
TXN-63740,ACC-1262,199959.13,2026-07-09,SETTLED
TXN-41401,ACC-1056,129943.83,2026-07-07,SETTLED
TXN-30543,ACC-1395,166504.49,2026-07-19,SETTLED
TXN-43009,ACC-1012,406262.21,2026-08-04,SETTLED
TXN-75267,ACC-1010,171772.11,2026-08-16,SETTLED
TXN-62779,ACC-1182,280971.01,2026-07-01,PROCESSING
TXN-44247,ACC-1240,419740.47,2026-07-26,SETTLED
TXN-62617,ACC-1319,249569.02,2026-08-19,SETTLED
TXN-07577,ACC-1003,211816.51,2026-07-03,PENDING
TXN-27005,ACC-1270,417545.49,2026-08-06,SETTLED
TXN-52325,ACC-1231,126095.59,2026-07-05,SETTLED
TXN-54804,ACC-1284,479470.95,2026-08-16,PENDING
TXN-08462,ACC-1132,46949.37,2026-07-06,PENDING
TXN-17819,ACC-1227,30805.79,2026-07-20,SETTLED
TXN-72934,ACC-1149,180122.11,2026-07-06,SETTLED
TXN-48700,ACC-1003,226641.84,2026-08-23,SETTLED
TXN-63267,ACC-1080,167232.64,2026-07-16,SETTLED
TXN-25095,ACC-1344,301225.06,2026-08-08,SETTLED
TXN-83710,ACC-1343,113341.42,2026-08-01,SETTLED
TXN-91029,ACC-1345,101688.82,2026-08-10,SETTLED
TXN-72952,ACC-1229,374110.44,2026-07-17,SETTLED
TXN-42748,ACC-1380,446229.45,2026-08-29,SETTLED
TXN-31416,ACC-1020,131087.96,2026-06-30,SETTLED
TXN-03822,ACC-1186,224145.61,2026-08-12,SETTLED
TXN-69094,ACC-1200,410571.59,2026-07-01,SETTLED
TXN-22658,ACC-1073,390728.01,2026-08-23,SETTLED
TXN-55409,ACC-1032,72112.93,2026-08-11,SETTLED
TXN-05523,ACC-1055,118524.78,2026-07-14,SETTLED
TXN-36888,ACC-1203,175432.80,2026-08-01,SETTLED
TXN-48752,ACC-1115,447742.40,2026-07-06,SETTLED
TXN-03224,ACC-1273,186810.47,2026-08-14,SETTLED
TXN-97553,ACC-1185,94396.77,2026-08-14,SETTLED
TXN-73614,ACC-1190,402417.58,2026-07-07,PENDING
TXN-41754,ACC-1134,314362.86,2026-07-18,SETTLED
TXN-84472,ACC-1021,259036.51,2026-07-31,PENDING
TXN-05150,ACC-1167,22263.01,2026-07-22,SETTLED
TXN-04992,ACC-1100,320933.80,2026-07-04,SETTLED
TXN-90120,ACC-1155,111615.25,2026-08-02,SETTLED
TXN-97430,ACC-1353,283455.86,2026-08-22,SETTLED
TXN-49727,ACC-1112,82514.33,2026-08-03,SETTLED
TXN-68601,ACC-1323,309697.68,2026-08-02,PENDING
TXN-01756,ACC-1264,178770.22,2026-08-25,SETTLED
TXN-41805,ACC-1333,71525.99,2026-08-16,SETTLED
TXN-36330,ACC-1399,31345.98,2026-07-13,PROCESSING
TXN-39823,ACC-1173,188164.02,2026-08-17,SETTLED
TXN-70403,ACC-1378,483949.38,2026-07-04,PROCESSING
TXN-08937,ACC-1131,483825.81,2026-07-01,PENDING
TXN-02008,ACC-1209,193407.78,2026-07-05,SETTLED
TXN-10073,ACC-1099,183119.32,2026-07-28,PENDING
TXN-15592,ACC-1387,439654.01,2026-07-26,PROCESSING
TXN-86418,ACC-1140,182282.92,2026-07-02,SETTLED
TXN-24621,ACC-1337,337767.12,2026-08-28,SETTLED
TXN-27798,ACC-1322,299065.63,2026-07-08,SETTLED
TXN-78189,ACC-1342,388364.65,2026-07-21,PROCESSING
TXN-19319,ACC-1279,378975.19,2026-07-22,SETTLED
TXN-73314,ACC-1398,464032.14,2026-08-25,SETTLED
TXN-64243,ACC-1037,270577.28,2026-07-24,SETTLED
TXN-44748,ACC-1014,184191.48,2026-07-26,SETTLED
TXN-96985,ACC-1286,465698.10,2026-08-15,PENDING
TXN-54467,ACC-1022,269736.76,2026-08-23,SETTLED
TXN-90517,ACC-1224,290107.61,2026-07-17,SETTLED
TXN-41186,ACC-1259,463378.54,2026-07-03,SETTLED
TXN-23584,ACC-1300,417712.76,2026-07-01,SETTLED
TXN-51819,ACC-1286,497940.05,2026-08-10,SETTLED
TXN-11247,ACC-1208,125479.46,2026-07-30,PENDING
TXN-59880,ACC-1326,423809.11,2026-08-01,SETTLED
TXN-39818,ACC-1378,482142.47,2026-08-14,SETTLED
TXN-23974,ACC-1018,288716.44,2026-07-12,SETTLED
TXN-12488,ACC-1214,111376.23,2026-07-25,SETTLED
TXN-54241,ACC-1321,56608.13,2026-08-26,SETTLED
TXN-41625,ACC-1078,77546.13,2026-07-11,SETTLED
TXN-43399,ACC-1341,81291.43,2026-07-09,SETTLED
TXN-53932,ACC-1242,278995.77,2026-07-18,SETTLED
TXN-97025,ACC-1356,236767.51,2026-06-30,SETTLED
TXN-48140,ACC-1029,381280.08,2026-07-16,SETTLED
TXN-91497,ACC-1336,44302.27,2026-07-18,PROCESSING
TXN-27204,ACC-1397,119248.40,2026-08-07,PENDING
TXN-78947,ACC-1161,49849.82,2026-08-24,SETTLED
TXN-64927,ACC-1367,340877.23,2026-08-16,SETTLED
TXN-28577,ACC-1259,128111.29,2026-07-21,SETTLED
TXN-60592,ACC-1109,466308.30,2026-08-02,SETTLED
TXN-42997,ACC-1088,207402.38,2026-08-13,SETTLED
TXN-41943,ACC-1129,10291.06,2026-08-27,PENDING
TXN-47510,ACC-1053,411323.28,2026-08-12,SETTLED
TXN-91317,ACC-1185,310465.19,2026-08-11,PENDING
TXN-71917,ACC-1134,486195.22,2026-08-14,PROCESSING
TXN-82696,ACC-1102,384415.85,2026-07-04,SETTLED
TXN-75750,ACC-1204,240464.82,2026-08-27,SETTLED
TXN-42095,ACC-1218,85260.36,2026-07-14,PROCESSING
TXN-06676,ACC-1009,342615.42,2026-07-12,PROCESSING
TXN-45064,ACC-1348,292116.28,2026-07-10,SETTLED
TXN-87606,ACC-1009,174065.08,2026-07-06,SETTLED
TXN-08214,ACC-1324,159611.04,2026-07-25,PENDING
TXN-18147,ACC-1151,251507.19,2026-07-12,SETTLED
TXN-03804,ACC-1396,350188.02,2026-08-28,SETTLED
TXN-35935,ACC-1073,225107.37,2026-07-13,SETTLED
TXN-66272,ACC-1285,304688.64,2026-07-01,SETTLED
TXN-05808,ACC-1276,243377.93,2026-07-29,PROCESSING
TXN-19657,ACC-1061,497550.91,2026-08-22,SETTLED
TXN-72148,ACC-1143,311523.96,2026-08-21,SETTLED
TXN-31450,ACC-1277,100593.27,2026-07-28,PROCESSING
TXN-52022,ACC-1223,436590.40,2026-08-08,SETTLED
TXN-59052,ACC-1329,200331.50,2026-07-19,SETTLED
TXN-63025,ACC-1204,111576.36,2026-08-01,SETTLED
TXN-78193,ACC-1365,273403.48,2026-08-21,SETTLED
TXN-80650,ACC-1387,391177.33,2026-07-07,SETTLED
TXN-95370,ACC-1325,112214.85,2026-07-10,PROCESSING
TXN-30746,ACC-1091,339157.29,2026-07-21,SETTLED
TXN-47054,ACC-1391,103193.39,2026-07-10,SETTLED
TXN-67817,ACC-1127,281480.19,2026-07-12,SETTLED
TXN-88179,ACC-1229,286505.74,2026-07-08,SETTLED
TXN-10646,ACC-1145,481029.81,2026-07-13,SETTLED
TXN-68296,ACC-1081,493596.57,2026-08-19,SETTLED
TXN-39368,ACC-1167,138557.20,2026-08-05,PENDING
TXN-29279,ACC-1126,311309.31,2026-07-05,PENDING
TXN-71640,ACC-1100,379365.98,2026-07-18,PROCESSING
TXN-52580,ACC-1356,72285.96,2026-08-03,PROCESSING
TXN-08642,ACC-1052,302425.83,2026-08-05,PROCESSING
TXN-15527,ACC-1201,102514.91,2026-08-17,SETTLED
TXN-58206,ACC-1093,403601.55,2026-08-24,SETTLED
TXN-97218,ACC-1389,349887.07,2026-07-25,SETTLED
TXN-27625,ACC-1138,296666.05,2026-07-31,PENDING
TXN-95565,ACC-1300,132523.25,2026-07-18,SETTLED
TXN-06271,ACC-1231,57711.84,2026-07-14,SETTLED
TXN-48445,ACC-1254,189147.30,2026-08-05,PROCESSING
TXN-87743,ACC-1340,147001.22,2026-07-28,SETTLED
TXN-90450,ACC-1326,215886.83,2026-07-19,PROCESSING
TXN-90944,ACC-1127,396581.90,2026-07-14,SETTLED
TXN-94084,ACC-1304,396828.55,2026-07-28,PROCESSING
TXN-63032,ACC-1385,31818.99,2026-08-24,SETTLED
TXN-83546,ACC-1163,30813.46,2026-08-05,PENDING
TXN-44897,ACC-1150,34202.66,2026-08-17,SETTLED
TXN-73119,ACC-1338,362172.38,2026-08-07,PENDING
TXN-53109,ACC-1196,342477.23,2026-08-02,SETTLED
TXN-61139,ACC-1347,323207.78,2026-07-26,SETTLED
TXN-05996,ACC-1359,450391.79,2026-08-08,SETTLED
TXN-84197,ACC-1046,153018.42,2026-07-12,PROCESSING
TXN-03963,ACC-1187,230210.71,2026-07-20,PENDING
TXN-27860,ACC-1081,282890.31,2026-08-05,SETTLED
TXN-77474,ACC-1376,494722.40,2026-07-21,SETTLED
TXN-03551,ACC-1023,165572.81,2026-08-05,SETTLED
TXN-69175,ACC-1040,442618.76,2026-07-23,SETTLED
TXN-20146,ACC-1234,278154.93,2026-07-09,SETTLED
TXN-54023,ACC-1305,251020.72,2026-07-31,PENDING
TXN-41945,ACC-1348,378915.20,2026-08-22,SETTLED
TXN-12432,ACC-1280,50838.41,2026-08-13,SETTLED
TXN-93304,ACC-1302,189634.63,2026-07-08,SETTLED
TXN-68818,ACC-1020,165531.22,2026-07-05,SETTLED
TXN-20298,ACC-1353,81517.87,2026-08-27,SETTLED
TXN-93106,ACC-1172,36248.31,2026-08-01,SETTLED
TXN-99743,ACC-1012,93966.37,2026-07-19,PENDING
TXN-25310,ACC-1057,427721.43,2026-07-13,PROCESSING
TXN-65109,ACC-1394,18511.23,2026-08-16,SETTLED
TXN-19230,ACC-1077,219050.90,2026-07-23,SETTLED
TXN-08645,ACC-1127,281091.12,2026-07-14,SETTLED
TXN-62437,ACC-1307,26540.01,2026-07-19,SETTLED
TXN-36981,ACC-1193,81215.35,2026-08-03,PENDING
TXN-82120,ACC-1203,188061.46,2026-07-27,SETTLED
TXN-24897,ACC-1300,420023.02,2026-07-04,SETTLED
TXN-66173,ACC-1055,394640.68,2026-08-23,SETTLED
TXN-28932,ACC-1025,393944.30,2026-07-30,PROCESSING
TXN-73531,ACC-1064,338263.20,2026-06-30,SETTLED
TXN-75848,ACC-1244,213102.10,2026-08-14,PENDING
TXN-51947,ACC-1383,414990.21,2026-07-23,PROCESSING
TXN-48198,ACC-1222,21132.06,2026-07-31,SETTLED
TXN-22882,ACC-1071,135724.45,2026-07-16,PENDING
TXN-45925,ACC-1185,15213.11,2026-07-10,PENDING
TXN-45756,ACC-1035,91401.30,2026-08-01,PENDING
TXN-43846,ACC-1085,180318.86,2026-07-13,PROCESSING
TXN-18233,ACC-1243,58044.40,2026-08-21,PENDING
TXN-93300,ACC-1089,490159.86,2026-07-28,SETTLED
TXN-25050,ACC-1181,128839.29,2026-08-20,PENDING
TXN-20407,ACC-1264,438869.10,2026-08-28,SETTLED
TXN-44404,ACC-1189,200678.94,2026-08-10,SETTLED
TXN-28296,ACC-1265,477557.07,2026-07-19,PROCESSING
TXN-57957,ACC-1153,333711.00,2026-08-27,SETTLED
TXN-20816,ACC-1019,142887.47,2026-07-26,SETTLED
TXN-88787,ACC-1289,37348.90,2026-07-04,SETTLED
TXN-52223,ACC-1377,398026.57,2026-08-28,PROCESSING
TXN-76888,ACC-1201,362735.49,2026-07-17,SETTLED
TXN-80249,ACC-1279,234709.41,2026-07-29,SETTLED
TXN-17838,ACC-1143,52900.80,2026-08-09,SETTLED
TXN-67183,ACC-1129,473314.96,2026-07-21,PROCESSING
TXN-53974,ACC-1135,486738.53,2026-08-20,SETTLED
TXN-62480,ACC-1183,486542.62,2026-07-07,PROCESSING
TXN-70630,ACC-1215,212479.79,2026-07-20,PROCESSING
TXN-09644,ACC-1074,285717.38,2026-07-12,SETTLED
TXN-09916,ACC-1108,30337.32,2026-07-04,SETTLED
TXN-38423,ACC-1127,369300.76,2026-07-21,SETTLED
TXN-22216,ACC-1229,469192.57,2026-07-30,SETTLED
TXN-88597,ACC-1144,281944.99,2026-07-10,SETTLED
TXN-10378,ACC-1247,169252.18,2026-08-10,PENDING
TXN-03944,ACC-1290,299147.73,2026-07-20,SETTLED
TXN-32762,ACC-1363,337009.05,2026-07-30,SETTLED
TXN-82200,ACC-1302,297547.65,2026-08-01,SETTLED
TXN-40648,ACC-1229,399002.25,2026-08-20,SETTLED
TXN-61826,ACC-1029,357845.70,2026-08-06,SETTLED
TXN-03023,ACC-1097,369770.45,2026-08-05,SETTLED
TXN-27226,ACC-1178,32949.18,2026-07-03,SETTLED
TXN-22186,ACC-1152,421664.42,2026-07-26,SETTLED
TXN-89570,ACC-1205,220717.71,2026-07-03,SETTLED
TXN-76014,ACC-1324,58166.32,2026-08-01,SETTLED
TXN-63261,ACC-1045,206659.52,2026-08-14,SETTLED
TXN-02705,ACC-1093,391966.98,2026-07-28,SETTLED
TXN-84580,ACC-1293,423341.01,2026-07-10,SETTLED
TXN-19506,ACC-1108,346044.92,2026-08-18,SETTLED
TXN-96680,ACC-1065,359546.64,2026-08-20,PENDING
TXN-44814,ACC-1369,181873.31,2026-08-08,SETTLED
TXN-02194,ACC-1092,207093.46,2026-08-18,SETTLED
TXN-54246,ACC-1162,151260.83,2026-08-15,SETTLED
TXN-59864,ACC-1162,443393.08,2026-08-18,PENDING
TXN-33700,ACC-1071,286761.91,2026-08-27,SETTLED
TXN-13591,ACC-1049,246850.50,2026-08-05,PROCESSING
TXN-31261,ACC-1394,184123.36,2026-07-06,SETTLED
TXN-09430,ACC-1178,415223.83,2026-07-13,PROCESSING
TXN-82656,ACC-1182,135805.61,2026-07-19,SETTLED
TXN-39263,ACC-1071,464757.43,2026-08-11,PENDING
TXN-09340,ACC-1280,218168.73,2026-07-25,SETTLED
TXN-04723,ACC-1352,33836.88,2026-08-08,SETTLED
TXN-87346,ACC-1121,62069.72,2026-08-16,SETTLED
TXN-41542,ACC-1236,14074.82,2026-08-23,SETTLED
TXN-42527,ACC-1110,258809.76,2026-07-23,SETTLED
TXN-92104,ACC-1370,12141.04,2026-08-10,SETTLED
TXN-95669,ACC-1206,105453.04,2026-07-26,SETTLED
TXN-89806,ACC-1065,49958.97,2026-07-05,SETTLED
TXN-13131,ACC-1026,65679.03,2026-07-06,PROCESSING
TXN-62562,ACC-1362,295169.58,2026-08-19,SETTLED
TXN-05377,ACC-1235,241980.73,2026-08-07,SETTLED
TXN-77109,ACC-1244,452069.04,2026-08-20,PROCESSING
TXN-67615,ACC-1240,190160.75,2026-08-15,SETTLED
TXN-98229,ACC-1328,168978.19,2026-08-06,SETTLED
TXN-96057,ACC-1099,420322.39,2026-07-23,SETTLED
TXN-27888,ACC-1199,19212.18,2026-08-20,PENDING
TXN-69635,ACC-1262,415018.18,2026-07-26,PENDING
TXN-64723,ACC-1133,174250.10,2026-06-30,PROCESSING
TXN-80337,ACC-1199,351994.49,2026-07-05,PENDING
TXN-16466,ACC-1118,117061.68,2026-07-21,SETTLED
TXN-45702,ACC-1255,366499.30,2026-08-02,PROCESSING
TXN-26912,ACC-1381,242071.96,2026-07-30,PENDING
TXN-75370,ACC-1093,390293.47,2026-07-31,PROCESSING
TXN-58109,ACC-1005,275222.87,2026-08-14,SETTLED
TXN-02261,ACC-1335,473769.97,2026-08-17,PROCESSING
TXN-10806,ACC-1324,46427.48,2026-08-05,PROCESSING
TXN-28278,ACC-1244,340685.70,2026-08-26,SETTLED
TXN-73842,ACC-1287,118299.86,2026-07-28,PROCESSING
TXN-72159,ACC-1214,428104.56,2026-08-07,SETTLED
TXN-19996,ACC-1286,305660.90,2026-07-12,SETTLED
TXN-69793,ACC-1322,106520.73,2026-08-09,SETTLED
TXN-48695,ACC-1203,354723.47,2026-07-19,SETTLED
TXN-78960,ACC-1075,73795.95,2026-07-24,SETTLED
TXN-99528,ACC-1175,454316.91,2026-07-15,SETTLED
TXN-48997,ACC-1313,404113.28,2026-07-11,SETTLED
TXN-28685,ACC-1287,280062.22,2026-08-26,SETTLED
TXN-99178,ACC-1024,485959.73,2026-07-03,SETTLED
TXN-31222,ACC-1203,338778.02,2026-07-05,PROCESSING
TXN-23077,ACC-1269,87575.05,2026-07-23,PENDING
TXN-11396,ACC-1224,347269.33,2026-07-13,PROCESSING
TXN-11317,ACC-1311,424748.32,2026-07-11,SETTLED
TXN-64574,ACC-1145,219744.32,2026-07-04,PROCESSING
TXN-73265,ACC-1273,307014.36,2026-07-06,PENDING
TXN-26514,ACC-1100,488370.42,2026-07-31,SETTLED
TXN-47221,ACC-1172,481556.54,2026-06-30,SETTLED
TXN-68114,ACC-1168,187506.17,2026-07-03,SETTLED
TXN-28860,ACC-1278,318630.84,2026-07-12,SETTLED
TXN-30314,ACC-1281,141367.94,2026-08-16,SETTLED
TXN-50395,ACC-1065,279082.82,2026-07-21,SETTLED
TXN-08953,ACC-1165,144758.45,2026-07-04,SETTLED
TXN-65989,ACC-1247,285008.68,2026-08-21,PROCESSING
TXN-43983,ACC-1370,301196.06,2026-08-29,PROCESSING
TXN-80390,ACC-1085,493722.31,2026-07-13,SETTLED
TXN-02248,ACC-1267,285646.83,2026-07-27,SETTLED
TXN-87220,ACC-1073,332673.37,2026-08-23,PENDING
TXN-87402,ACC-1276,161960.42,2026-07-05,PROCESSING
TXN-09365,ACC-1170,113328.25,2026-08-16,PROCESSING
TXN-85981,ACC-1324,460507.82,2026-07-02,SETTLED
TXN-42251,ACC-1304,188075.95,2026-07-17,PROCESSING
TXN-48382,ACC-1380,196377.93,2026-07-15,SETTLED
TXN-52204,ACC-1009,411403.86,2026-07-22,SETTLED
TXN-32435,ACC-1338,324828.37,2026-08-09,SETTLED
TXN-27879,ACC-1108,34766.88,2026-07-27,SETTLED
TXN-04775,ACC-1025,454360.29,2026-08-27,SETTLED
TXN-70700,ACC-1353,275705.25,2026-08-22,SETTLED
TXN-90964,ACC-1394,446099.10,2026-08-12,SETTLED
TXN-65538,ACC-1089,219593.52,2026-07-13,SETTLED
TXN-67780,ACC-1004,409827.09,2026-08-24,SETTLED
TXN-72167,ACC-1114,41479.03,2026-07-27,SETTLED
TXN-37617,ACC-1228,335493.63,2026-08-20,PROCESSING
TXN-08533,ACC-1362,402060.48,2026-07-17,SETTLED
TXN-45580,ACC-1334,365858.56,2026-07-12,SETTLED
TXN-07383,ACC-1130,194181.15,2026-07-11,SETTLED
TXN-29430,ACC-1090,205795.06,2026-07-10,PROCESSING
TXN-91001,ACC-1198,145831.83,2026-07-29,SETTLED
TXN-22309,ACC-1124,459868.74,2026-08-05,SETTLED
TXN-28597,ACC-1322,48319.98,2026-08-04,SETTLED
TXN-65741,ACC-1130,170923.67,2026-08-06,SETTLED
TXN-51550,ACC-1393,155016.58,2026-07-30,SETTLED
TXN-48978,ACC-1212,449340.17,2026-07-20,SETTLED
TXN-57294,ACC-1256,31686.54,2026-08-10,SETTLED
TXN-93358,ACC-1226,60797.61,2026-08-19,PROCESSING
TXN-05892,ACC-1267,311201.18,2026-07-11,SETTLED
TXN-30335,ACC-1290,9342.38,2026-08-24,SETTLED
TXN-98689,ACC-1364,216061.62,2026-08-24,SETTLED
TXN-94762,ACC-1256,259387.22,2026-08-15,SETTLED
TXN-79716,ACC-1141,163569.33,2026-08-27,PENDING
TXN-95335,ACC-1118,372080.75,2026-08-23,SETTLED
TXN-51115,ACC-1068,109338.04,2026-08-06,SETTLED
TXN-04273,ACC-1348,357758.50,2026-08-17,SETTLED
TXN-38734,ACC-1075,22086.45,2026-07-20,PENDING
TXN-33100,ACC-1046,96665.86,2026-07-29,PENDING
TXN-17125,ACC-1159,305179.12,2026-08-14,PROCESSING
TXN-02724,ACC-1040,397712.33,2026-08-26,SETTLED
TXN-46425,ACC-1377,466809.12,2026-07-08,SETTLED
TXN-42090,ACC-1047,69663.04,2026-08-12,SETTLED
TXN-63608,ACC-1398,53709.30,2026-07-14,SETTLED
TXN-60870,ACC-1071,428968.75,2026-08-13,PENDING
TXN-61834,ACC-1133,199593.38,2026-07-29,SETTLED
TXN-12222,ACC-1323,463157.10,2026-07-20,PROCESSING
TXN-54089,ACC-1332,185811.81,2026-07-12,SETTLED
TXN-66919,ACC-1281,416437.65,2026-06-30,PROCESSING
TXN-16629,ACC-1022,268339.33,2026-07-07,SETTLED
TXN-08230,ACC-1206,414752.88,2026-07-28,SETTLED
TXN-32821,ACC-1162,135185.82,2026-08-14,PROCESSING
TXN-77603,ACC-1092,293234.17,2026-07-23,SETTLED
TXN-60859,ACC-1311,458979.59,2026-07-25,SETTLED
TXN-20123,ACC-1357,143515.60,2026-07-05,PENDING
TXN-67473,ACC-1036,299914.72,2026-07-19,SETTLED
TXN-83541,ACC-1247,497253.69,2026-08-29,PENDING
TXN-56105,ACC-1008,62751.47,2026-07-01,SETTLED
TXN-43988,ACC-1309,61506.02,2026-07-24,PENDING
TXN-45666,ACC-1238,226649.70,2026-07-11,SETTLED
TXN-75792,ACC-1152,375693.84,2026-08-15,PENDING
TXN-09162,ACC-1341,486250.64,2026-07-30,PENDING
TXN-27269,ACC-1376,255905.55,2026-07-06,SETTLED
TXN-06631,ACC-1044,410901.84,2026-07-01,SETTLED
TXN-73040,ACC-1345,366290.00,2026-07-25,PROCESSING
TXN-63481,ACC-1059,145408.95,2026-08-06,SETTLED
TXN-94808,ACC-1180,208388.74,2026-07-15,SETTLED
TXN-16823,ACC-1328,465951.19,2026-07-18,PENDING
TXN-55940,ACC-1081,13104.54,2026-08-12,SETTLED
TXN-33005,ACC-1215,155796.61,2026-07-12,SETTLED
TXN-77830,ACC-1267,374671.48,2026-08-08,PROCESSING
TXN-93504,ACC-1189,76391.22,2026-08-08,SETTLED
TXN-98698,ACC-1347,290617.58,2026-06-30,SETTLED
TXN-21742,ACC-1069,348790.90,2026-07-10,PENDING
TXN-93766,ACC-1289,10652.01,2026-08-20,PENDING
TXN-90078,ACC-1325,177214.79,2026-07-15,SETTLED
TXN-86104,ACC-1119,92173.56,2026-07-22,PROCESSING
TXN-30772,ACC-1046,97890.48,2026-07-02,SETTLED
TXN-59078,ACC-1284,23599.24,2026-07-29,SETTLED
TXN-06745,ACC-1079,141272.31,2026-08-23,SETTLED
TXN-22752,ACC-1389,202415.66,2026-08-15,SETTLED
TXN-07647,ACC-1093,494426.74,2026-07-27,PROCESSING
TXN-98064,ACC-1360,472009.33,2026-07-10,SETTLED
TXN-02938,ACC-1164,399224.84,2026-08-15,SETTLED
TXN-01721,ACC-1167,9086.92,2026-07-21,PENDING
TXN-87389,ACC-1301,279450.09,2026-08-06,PROCESSING
TXN-34622,ACC-1367,161600.74,2026-06-30,SETTLED
TXN-48586,ACC-1250,480270.77,2026-08-12,PROCESSING
TXN-27807,ACC-1079,387491.41,2026-07-24,PROCESSING
TXN-34394,ACC-1240,211741.31,2026-08-28,SETTLED
TXN-73444,ACC-1386,352513.33,2026-07-24,SETTLED
TXN-44432,ACC-1131,220975.93,2026-08-28,SETTLED
TXN-02326,ACC-1209,150739.64,2026-07-18,SETTLED
TXN-42718,ACC-1368,121164.24,2026-07-14,SETTLED
TXN-23205,ACC-1004,44283.24,2026-07-03,PENDING
TXN-39446,ACC-1148,39436.84,2026-07-05,SETTLED
TXN-56831,ACC-1033,368574.67,2026-07-12,SETTLED
TXN-54050,ACC-1399,475132.05,2026-08-01,SETTLED
TXN-86617,ACC-1168,237578.69,2026-07-06,PROCESSING
TXN-26992,ACC-1193,46091.91,2026-08-20,SETTLED
TXN-33706,ACC-1190,416375.47,2026-07-19,PENDING
TXN-60935,ACC-1256,477232.22,2026-08-01,SETTLED
TXN-36574,ACC-1195,83758.78,2026-07-21,SETTLED
TXN-84840,ACC-1299,47200.31,2026-07-04,PROCESSING
TXN-72770,ACC-1220,124033.33,2026-08-19,SETTLED
TXN-79443,ACC-1198,387062.60,2026-08-19,SETTLED
TXN-94573,ACC-1096,222135.89,2026-08-02,SETTLED
TXN-14912,ACC-1018,438796.87,2026-08-26,SETTLED
TXN-28524,ACC-1322,314843.45,2026-07-11,PENDING
TXN-67913,ACC-1369,66379.29,2026-07-12,SETTLED
TXN-37684,ACC-1383,280876.00,2026-07-22,SETTLED
TXN-39246,ACC-1269,30126.48,2026-08-14,SETTLED
TXN-68579,ACC-1339,360446.34,2026-08-21,SETTLED
TXN-56575,ACC-1050,214905.25,2026-07-24,SETTLED
TXN-45093,ACC-1273,203761.10,2026-07-03,PROCESSING
TXN-72130,ACC-1039,410773.45,2026-07-07,SETTLED
TXN-33209,ACC-1018,164328.92,2026-07-10,SETTLED
TXN-03782,ACC-1110,441589.89,2026-08-26,SETTLED
TXN-91122,ACC-1048,362898.10,2026-07-04,SETTLED
TXN-13754,ACC-1020,60591.96,2026-07-21,PROCESSING
TXN-01694,ACC-1177,259454.29,2026-08-19,SETTLED
TXN-92694,ACC-1151,36204.58,2026-08-24,PENDING
TXN-72122,ACC-1040,382718.32,2026-06-30,PROCESSING
TXN-18745,ACC-1247,360849.43,2026-08-29,SETTLED
TXN-41013,ACC-1039,404711.95,2026-08-06,SETTLED
TXN-20923,ACC-1295,195798.69,2026-07-26,SETTLED
TXN-61711,ACC-1399,158824.68,2026-07-05,SETTLED
TXN-32018,ACC-1387,293984.33,2026-07-16,SETTLED
TXN-12904,ACC-1004,224967.83,2026-07-15,SETTLED
TXN-08561,ACC-1134,122360.74,2026-06-30,PENDING
TXN-73657,ACC-1075,203943.05,2026-08-16,SETTLED
TXN-65526,ACC-1145,96964.62,2026-08-15,PROCESSING
TXN-85370,ACC-1073,318715.87,2026-08-13,PENDING
TXN-70663,ACC-1141,432424.32,2026-07-24,SETTLED
TXN-89223,ACC-1053,484871.84,2026-08-06,SETTLED
TXN-68381,ACC-1279,152107.43,2026-08-27,SETTLED
TXN-77560,ACC-1159,19845.51,2026-07-30,SETTLED
TXN-35199,ACC-1094,496230.88,2026-08-04,SETTLED
TXN-25383,ACC-1353,201519.91,2026-08-06,PENDING
TXN-34763,ACC-1137,370614.86,2026-08-16,SETTLED
TXN-28670,ACC-1050,115365.84,2026-07-15,SETTLED
TXN-72956,ACC-1318,207970.50,2026-08-14,SETTLED
TXN-67267,ACC-1245,150757.80,2026-07-11,PENDING
TXN-52719,ACC-1320,429204.07,2026-06-30,SETTLED
TXN-26866,ACC-1311,381624.41,2026-08-18,SETTLED
TXN-31144,ACC-1260,182276.87,2026-08-18,SETTLED
TXN-67415,ACC-1159,393676.02,2026-08-15,PENDING
TXN-72695,ACC-1004,320294.65,2026-08-05,SETTLED
TXN-98767,ACC-1118,34580.85,2026-08-09,SETTLED
TXN-64282,ACC-1137,453058.48,2026-07-26,SETTLED
TXN-06204,ACC-1240,247262.77,2026-08-10,PENDING
TXN-81916,ACC-1176,234286.43,2026-07-06,SETTLED
TXN-07172,ACC-1375,318887.97,2026-08-02,PENDING
TXN-70710,ACC-1161,77323.69,2026-08-02,SETTLED
TXN-95867,ACC-1379,328030.30,2026-08-10,PROCESSING
TXN-69630,ACC-1306,278422.52,2026-08-14,SETTLED
TXN-75338,ACC-1370,368648.18,2026-07-21,PROCESSING
TXN-25701,ACC-1063,227727.43,2026-07-01,SETTLED
TXN-98986,ACC-1238,417043.17,2026-08-04,SETTLED
TXN-20845,ACC-1219,87045.91,2026-07-22,SETTLED
TXN-35121,ACC-1399,231933.08,2026-08-19,SETTLED
TXN-68125,ACC-1163,227595.82,2026-08-11,SETTLED
TXN-42316,ACC-1060,417819.28,2026-08-07,SETTLED
TXN-48372,ACC-1314,190905.16,2026-08-04,SETTLED
TXN-54614,ACC-1269,391480.43,2026-08-27,SETTLED
TXN-18903,ACC-1261,300697.62,2026-08-13,SETTLED
TXN-08216,ACC-1326,42765.63,2026-08-06,SETTLED
TXN-03698,ACC-1150,391157.71,2026-08-02,PROCESSING
TXN-10555,ACC-1235,101293.41,2026-08-04,PROCESSING
TXN-94001,ACC-1377,352886.85,2026-08-11,SETTLED
TXN-03394,ACC-1195,47994.00,2026-07-22,PENDING
TXN-84227,ACC-1032,373864.44,2026-08-14,SETTLED
TXN-98516,ACC-1317,365641.31,2026-07-15,SETTLED
TXN-21063,ACC-1370,194193.23,2026-07-30,SETTLED
TXN-51924,ACC-1165,350219.40,2026-07-19,SETTLED
TXN-92615,ACC-1393,331024.98,2026-08-23,SETTLED
TXN-49875,ACC-1313,103742.40,2026-07-11,PROCESSING
TXN-02002,ACC-1263,95485.50,2026-08-06,SETTLED
TXN-26431,ACC-1098,230320.48,2026-07-01,SETTLED
TXN-39160,ACC-1116,374966.17,2026-08-04,SETTLED
TXN-25575,ACC-1271,286365.12,2026-07-27,PROCESSING
TXN-53807,ACC-1392,15030.05,2026-08-23,PROCESSING
TXN-05255,ACC-1210,456265.42,2026-08-18,SETTLED
TXN-93490,ACC-1048,135419.10,2026-08-23,SETTLED
TXN-34808,ACC-1339,421555.69,2026-08-18,SETTLED
TXN-17516,ACC-1123,498496.06,2026-07-04,SETTLED
TXN-34445,ACC-1140,441567.48,2026-08-12,PENDING
TXN-16536,ACC-1150,5217.88,2026-07-31,SETTLED
TXN-37402,ACC-1387,48944.28,2026-08-25,PENDING
TXN-40290,ACC-1063,480232.06,2026-08-09,PROCESSING
TXN-47322,ACC-1193,446708.21,2026-08-04,SETTLED
TXN-42666,ACC-1293,389886.31,2026-08-07,SETTLED
TXN-47901,ACC-1050,66326.95,2026-07-21,SETTLED
TXN-66411,ACC-1365,178872.26,2026-08-27,SETTLED
TXN-40446,ACC-1298,112256.60,2026-08-04,SETTLED
TXN-30545,ACC-1109,291744.58,2026-07-23,SETTLED
TXN-07740,ACC-1384,185131.97,2026-07-30,PROCESSING
TXN-09389,ACC-1307,376316.50,2026-07-10,PENDING
TXN-23928,ACC-1252,360651.49,2026-08-05,SETTLED
TXN-59728,ACC-1086,221652.59,2026-07-04,SETTLED
TXN-26639,ACC-1184,60875.03,2026-07-11,SETTLED
TXN-32020,ACC-1354,299843.26,2026-08-10,PENDING
TXN-93982,ACC-1055,8623.95,2026-07-09,PROCESSING
TXN-29429,ACC-1209,303990.64,2026-08-28,SETTLED
TXN-48831,ACC-1043,258400.11,2026-08-25,PENDING
TXN-84193,ACC-1123,209428.10,2026-07-05,SETTLED
TXN-35044,ACC-1018,207768.04,2026-07-07,SETTLED
TXN-77951,ACC-1044,8476.68,2026-08-19,SETTLED
TXN-30774,ACC-1041,50501.39,2026-08-01,SETTLED
TXN-85778,ACC-1187,61104.05,2026-07-10,PENDING
TXN-28217,ACC-1258,324540.07,2026-07-08,PROCESSING
TXN-99288,ACC-1125,135594.13,2026-07-31,SETTLED
TXN-65541,ACC-1036,33538.74,2026-08-24,PENDING
TXN-18131,ACC-1015,205964.88,2026-08-29,SETTLED
TXN-85391,ACC-1003,376047.09,2026-07-27,SETTLED
TXN-84689,ACC-1299,239383.44,2026-07-30,SETTLED
TXN-75404,ACC-1199,61932.44,2026-07-07,SETTLED
TXN-26678,ACC-1167,186874.46,2026-08-22,PROCESSING
TXN-46805,ACC-1187,457291.65,2026-08-15,PENDING
TXN-22572,ACC-1065,85276.68,2026-08-21,SETTLED
TXN-88804,ACC-1221,494591.76,2026-08-08,SETTLED
TXN-21592,ACC-1308,446823.61,2026-08-28,SETTLED
TXN-87012,ACC-1244,319100.44,2026-07-14,PENDING
TXN-46309,ACC-1027,408301.65,2026-07-16,SETTLED
TXN-66977,ACC-1213,286656.31,2026-07-13,SETTLED
TXN-02732,ACC-1306,363587.39,2026-08-27,SETTLED
TXN-63366,ACC-1166,223947.33,2026-07-26,PROCESSING
TXN-99832,ACC-1140,248509.68,2026-08-13,PENDING
TXN-16584,ACC-1107,180016.87,2026-08-18,SETTLED
TXN-99648,ACC-1023,142892.05,2026-07-15,SETTLED
TXN-71284,ACC-1364,411145.19,2026-08-09,PROCESSING
TXN-59968,ACC-1090,372622.13,2026-08-10,SETTLED
TXN-08704,ACC-1200,168308.66,2026-07-28,PENDING
TXN-14092,ACC-1189,361913.30,2026-07-12,SETTLED
TXN-07631,ACC-1317,243991.65,2026-07-20,SETTLED
TXN-81116,ACC-1135,388904.86,2026-08-28,SETTLED
TXN-19738,ACC-1231,258698.37,2026-06-30,SETTLED
TXN-37588,ACC-1039,232397.01,2026-07-03,SETTLED
TXN-56934,ACC-1170,433328.16,2026-08-23,PENDING
TXN-41938,ACC-1265,169408.15,2026-08-19,SETTLED
TXN-15979,ACC-1191,134674.52,2026-08-12,PROCESSING
TXN-48518,ACC-1101,389072.08,2026-08-07,PENDING
TXN-56792,ACC-1370,234155.11,2026-07-01,PROCESSING
TXN-84444,ACC-1067,444708.87,2026-08-08,SETTLED
TXN-85409,ACC-1034,115682.53,2026-07-04,PENDING
TXN-54998,ACC-1086,40997.77,2026-07-17,SETTLED
TXN-96004,ACC-1018,473393.76,2026-07-30,PROCESSING
TXN-78954,ACC-1038,440124.21,2026-07-07,PENDING
TXN-46356,ACC-1145,105612.65,2026-07-22,PENDING
TXN-75817,ACC-1115,309869.43,2026-08-06,PENDING
TXN-88898,ACC-1225,368472.72,2026-07-05,SETTLED
TXN-69928,ACC-1226,207699.39,2026-08-07,SETTLED
TXN-21054,ACC-1174,152330.85,2026-08-05,SETTLED
TXN-96037,ACC-1135,401626.08,2026-07-19,SETTLED
TXN-98258,ACC-1109,45535.88,2026-07-02,PROCESSING
TXN-53843,ACC-1213,242538.41,2026-08-21,SETTLED
TXN-84658,ACC-1218,93116.51,2026-07-17,SETTLED
TXN-60430,ACC-1383,324409.36,2026-08-12,PENDING
TXN-49105,ACC-1075,318588.26,2026-07-08,SETTLED
TXN-05079,ACC-1338,151576.15,2026-08-09,PENDING
TXN-06391,ACC-1046,240052.77,2026-08-25,SETTLED
TXN-54423,ACC-1185,243172.93,2026-07-19,SETTLED
TXN-60295,ACC-1080,77433.65,2026-08-17,SETTLED
TXN-81974,ACC-1056,102735.24,2026-08-22,SETTLED
TXN-10133,ACC-1093,12926.38,2026-07-11,SETTLED
TXN-98288,ACC-1067,275420.04,2026-07-18,SETTLED
TXN-51887,ACC-1351,145881.53,2026-08-29,SETTLED
TXN-23543,ACC-1209,93996.63,2026-07-20,SETTLED
TXN-14707,ACC-1199,81730.53,2026-08-07,SETTLED
TXN-06337,ACC-1065,366186.65,2026-07-13,SETTLED
TXN-15518,ACC-1064,300739.40,2026-08-20,SETTLED
TXN-67504,ACC-1235,132728.10,2026-08-08,SETTLED
TXN-29026,ACC-1352,30280.49,2026-08-21,SETTLED
TXN-34415,ACC-1346,405867.85,2026-07-30,SETTLED
TXN-33387,ACC-1304,423459.07,2026-07-03,PROCESSING
TXN-77882,ACC-1382,57439.17,2026-07-12,PENDING
TXN-10727,ACC-1111,42280.95,2026-08-23,SETTLED
TXN-60653,ACC-1013,443659.65,2026-07-15,SETTLED
TXN-18375,ACC-1147,461288.15,2026-07-14,SETTLED
TXN-99085,ACC-1389,98828.80,2026-08-26,SETTLED
TXN-52889,ACC-1214,8949.93,2026-08-20,SETTLED
TXN-02998,ACC-1264,60004.07,2026-07-10,PENDING
TXN-36599,ACC-1227,358575.09,2026-07-16,PROCESSING
TXN-74092,ACC-1141,293994.65,2026-07-30,SETTLED
TXN-60895,ACC-1367,180655.24,2026-07-09,PENDING
TXN-18921,ACC-1081,263441.23,2026-08-25,SETTLED
TXN-41733,ACC-1336,438689.21,2026-07-23,SETTLED
TXN-52470,ACC-1055,309387.02,2026-07-19,SETTLED
TXN-76315,ACC-1262,290644.33,2026-08-15,SETTLED
TXN-26379,ACC-1190,97155.64,2026-08-24,SETTLED
TXN-65364,ACC-1123,434107.66,2026-08-08,PROCESSING
TXN-39105,ACC-1369,212579.59,2026-08-04,PROCESSING
TXN-08516,ACC-1177,14363.47,2026-07-07,PROCESSING
TXN-87649,ACC-1167,317493.04,2026-08-29,SETTLED
TXN-46350,ACC-1137,404418.15,2026-07-06,PROCESSING
TXN-83505,ACC-1195,328281.38,2026-08-23,SETTLED
TXN-56516,ACC-1040,205873.62,2026-08-16,SETTLED
TXN-88402,ACC-1318,33960.13,2026-08-26,SETTLED
TXN-04471,ACC-1348,384066.64,2026-08-23,PROCESSING
TXN-97106,ACC-1300,328947.85,2026-07-20,PROCESSING
TXN-55221,ACC-1111,454630.44,2026-08-05,PENDING
TXN-94588,ACC-1380,24655.80,2026-08-17,SETTLED
TXN-46618,ACC-1057,95574.43,2026-08-03,PENDING
TXN-90958,ACC-1376,199068.25,2026-08-13,SETTLED
TXN-78136,ACC-1022,195206.33,2026-08-22,SETTLED
TXN-81137,ACC-1393,22790.84,2026-08-12,PROCESSING
TXN-53940,ACC-1303,333525.69,2026-07-08,PROCESSING
TXN-35421,ACC-1290,128507.96,2026-07-19,SETTLED
TXN-74499,ACC-1351,67308.69,2026-07-02,SETTLED
TXN-36474,ACC-1058,330375.30,2026-08-09,SETTLED
TXN-69787,ACC-1077,102641.03,2026-08-18,PROCESSING
TXN-86017,ACC-1333,414084.94,2026-08-11,SETTLED
TXN-23443,ACC-1187,318757.31,2026-07-08,SETTLED
TXN-53937,ACC-1235,242304.68,2026-08-05,SETTLED
TXN-64923,ACC-1370,340205.96,2026-07-09,PROCESSING
TXN-78048,ACC-1092,474467.92,2026-08-06,SETTLED
TXN-29737,ACC-1387,81622.40,2026-08-12,SETTLED
TXN-51244,ACC-1162,431490.57,2026-08-12,PENDING
TXN-01793,ACC-1227,181857.98,2026-08-09,SETTLED
TXN-20371,ACC-1199,90690.27,2026-07-08,PROCESSING
TXN-67687,ACC-1090,299201.50,2026-06-30,PROCESSING
TXN-09810,ACC-1318,213579.42,2026-08-23,PROCESSING
TXN-13043,ACC-1234,167317.02,2026-07-27,PROCESSING
TXN-23894,ACC-1344,440724.11,2026-08-18,PROCESSING
TXN-33788,ACC-1063,225380.04,2026-08-19,SETTLED
TXN-38429,ACC-1067,137989.48,2026-07-26,SETTLED
TXN-13075,ACC-1065,78996.63,2026-08-11,PENDING
TXN-76201,ACC-1115,44890.15,2026-07-05,SETTLED
TXN-59589,ACC-1067,30860.27,2026-08-15,PENDING
TXN-87770,ACC-1283,260442.85,2026-07-27,SETTLED
TXN-54490,ACC-1352,330293.47,2026-08-02,SETTLED
TXN-92243,ACC-1340,15054.45,2026-08-03,SETTLED
TXN-39346,ACC-1093,206285.02,2026-07-19,SETTLED
TXN-54921,ACC-1311,44176.73,2026-08-11,SETTLED
TXN-02379,ACC-1381,210751.77,2026-08-02,PROCESSING
TXN-11360,ACC-1131,72196.12,2026-07-03,SETTLED
TXN-86819,ACC-1188,170633.56,2026-07-18,SETTLED
TXN-52600,ACC-1296,226954.88,2026-08-08,SETTLED
TXN-56385,ACC-1301,118054.09,2026-08-17,PROCESSING
TXN-68176,ACC-1130,62220.28,2026-07-16,SETTLED
TXN-56459,ACC-1084,61271.57,2026-07-22,PROCESSING
TXN-69257,ACC-1177,369730.82,2026-07-13,PENDING
TXN-31812,ACC-1061,173162.86,2026-07-20,PENDING
TXN-84804,ACC-1356,478947.74,2026-07-25,PROCESSING
TXN-86366,ACC-1147,383476.17,2026-07-24,PENDING
TXN-32641,ACC-1231,177774.79,2026-07-18,SETTLED
TXN-57475,ACC-1267,150149.15,2026-08-16,SETTLED
TXN-51022,ACC-1174,286830.27,2026-08-19,SETTLED
TXN-55520,ACC-1376,218033.95,2026-06-30,SETTLED
TXN-61729,ACC-1062,458851.25,2026-08-17,SETTLED
TXN-46366,ACC-1368,241897.67,2026-07-12,SETTLED
TXN-11873,ACC-1168,372278.84,2026-07-20,PENDING
TXN-67621,ACC-1256,376006.16,2026-08-06,PENDING
TXN-06216,ACC-1356,6190.14,2026-08-12,PENDING
TXN-07886,ACC-1258,460368.18,2026-08-26,PROCESSING
TXN-42502,ACC-1228,492878.77,2026-07-02,PROCESSING
TXN-28447,ACC-1327,146257.53,2026-08-22,SETTLED
TXN-01740,ACC-1223,236921.09,2026-07-15,SETTLED
TXN-38238,ACC-1140,433477.92,2026-07-18,SETTLED
TXN-22242,ACC-1337,140892.01,2026-08-07,SETTLED
TXN-13738,ACC-1022,466849.51,2026-08-19,SETTLED
TXN-53227,ACC-1366,335779.55,2026-08-25,PROCESSING
TXN-95856,ACC-1226,107143.94,2026-07-03,PROCESSING
TXN-77351,ACC-1170,374294.24,2026-08-09,PROCESSING
TXN-03290,ACC-1320,35821.43,2026-07-02,PENDING
TXN-14693,ACC-1311,32516.27,2026-07-11,PENDING
TXN-84571,ACC-1121,258819.07,2026-08-07,PENDING
TXN-60091,ACC-1113,138221.45,2026-08-08,SETTLED
TXN-18517,ACC-1393,453759.50,2026-08-20,SETTLED
TXN-98468,ACC-1363,16803.65,2026-07-06,SETTLED
TXN-57185,ACC-1013,240047.64,2026-08-29,PENDING
TXN-71830,ACC-1115,26484.38,2026-07-28,PENDING
TXN-36430,ACC-1173,323323.28,2026-07-13,PENDING
TXN-04451,ACC-1094,120368.25,2026-07-05,PENDING
TXN-79526,ACC-1158,381721.93,2026-07-22,PROCESSING
TXN-08644,ACC-1110,380731.46,2026-07-01,PENDING
TXN-10397,ACC-1396,209289.70,2026-08-14,PROCESSING
TXN-34718,ACC-1301,167595.18,2026-08-03,SETTLED
TXN-70191,ACC-1264,307769.99,2026-07-05,SETTLED
TXN-18928,ACC-1321,359300.29,2026-07-15,PENDING
TXN-37992,ACC-1391,201653.15,2026-08-11,SETTLED
TXN-45670,ACC-1225,129034.28,2026-07-13,SETTLED
TXN-79179,ACC-1041,334201.86,2026-07-19,SETTLED
TXN-56025,ACC-1286,137218.88,2026-08-17,PROCESSING
TXN-55745,ACC-1362,465501.96,2026-08-26,SETTLED
TXN-67531,ACC-1216,384206.31,2026-07-20,PENDING
TXN-54629,ACC-1127,180652.69,2026-07-29,SETTLED
TXN-07344,ACC-1053,131756.07,2026-08-28,SETTLED
TXN-44032,ACC-1071,160985.68,2026-08-28,SETTLED
TXN-04660,ACC-1318,378921.22,2026-08-06,PENDING
TXN-54192,ACC-1325,260157.73,2026-08-11,SETTLED
TXN-98685,ACC-1123,325245.99,2026-08-12,SETTLED
TXN-37548,ACC-1317,290808.47,2026-08-25,PENDING
TXN-92080,ACC-1291,185497.94,2026-07-09,PENDING
TXN-41093,ACC-1131,6596.00,2026-07-02,SETTLED
TXN-95308,ACC-1236,150068.18,2026-07-21,SETTLED
TXN-59500,ACC-1010,99790.23,2026-08-09,SETTLED
TXN-81914,ACC-1130,307413.60,2026-07-16,SETTLED
TXN-83083,ACC-1160,454251.29,2026-08-15,PENDING
TXN-68638,ACC-1027,161832.82,2026-07-27,PENDING
TXN-26314,ACC-1360,51291.35,2026-08-09,SETTLED
TXN-16335,ACC-1056,457406.17,2026-07-05,PENDING
TXN-65300,ACC-1212,394344.64,2026-08-12,SETTLED
TXN-51644,ACC-1013,282509.30,2026-07-14,SETTLED
TXN-84978,ACC-1284,330321.92,2026-08-01,SETTLED
TXN-82832,ACC-1164,313617.01,2026-07-10,PROCESSING
TXN-77808,ACC-1321,390170.21,2026-07-01,PROCESSING
TXN-02871,ACC-1031,199352.98,2026-08-04,SETTLED
TXN-16782,ACC-1394,141542.50,2026-08-28,SETTLED
TXN-25816,ACC-1230,101090.35,2026-07-29,SETTLED
TXN-99383,ACC-1020,78601.15,2026-07-07,PROCESSING
TXN-45547,ACC-1224,322471.93,2026-08-17,SETTLED
TXN-30320,ACC-1083,382700.26,2026-08-23,PROCESSING
TXN-97787,ACC-1151,257388.65,2026-08-01,SETTLED
TXN-44725,ACC-1131,169747.18,2026-07-07,PROCESSING
TXN-03796,ACC-1148,451575.42,2026-07-13,PROCESSING
TXN-94725,ACC-1060,45666.87,2026-08-05,SETTLED
TXN-35474,ACC-1247,124196.88,2026-08-12,PENDING
TXN-16399,ACC-1384,248955.28,2026-08-18,SETTLED
TXN-97688,ACC-1037,292116.32,2026-08-25,SETTLED
TXN-65960,ACC-1100,53560.28,2026-07-05,SETTLED
TXN-59063,ACC-1345,287503.26,2026-08-27,SETTLED
TXN-99211,ACC-1055,320018.42,2026-08-27,SETTLED
TXN-55110,ACC-1326,24544.59,2026-08-20,PENDING
TXN-44358,ACC-1399,112422.17,2026-07-22,SETTLED
TXN-93035,ACC-1186,25114.06,2026-07-16,SETTLED
TXN-88858,ACC-1042,276674.33,2026-08-15,SETTLED
TXN-30100,ACC-1118,425545.78,2026-06-30,SETTLED
TXN-33162,ACC-1088,276584.19,2026-07-25,SETTLED
TXN-97332,ACC-1287,309152.35,2026-07-21,PROCESSING
TXN-89975,ACC-1385,119529.41,2026-07-26,SETTLED
TXN-87497,ACC-1021,411223.06,2026-07-08,SETTLED
TXN-63870,ACC-1262,422978.55,2026-08-03,PENDING
TXN-36202,ACC-1326,305224.90,2026-08-25,PENDING
TXN-92097,ACC-1110,89355.38,2026-07-06,SETTLED
TXN-36892,ACC-1053,454283.36,2026-07-10,SETTLED
TXN-96097,ACC-1030,320811.14,2026-07-17,SETTLED
TXN-14942,ACC-1065,427804.91,2026-07-23,PENDING
TXN-27060,ACC-1049,211033.38,2026-08-16,PENDING
TXN-58994,ACC-1133,171413.34,2026-07-13,SETTLED
TXN-20852,ACC-1093,322078.40,2026-08-28,SETTLED
TXN-87149,ACC-1189,273124.95,2026-07-04,PROCESSING
TXN-43103,ACC-1055,40055.15,2026-07-26,SETTLED
TXN-25538,ACC-1062,26544.17,2026-07-01,SETTLED
TXN-22772,ACC-1027,375158.82,2026-08-07,SETTLED
TXN-87642,ACC-1399,228943.47,2026-08-17,SETTLED
TXN-41875,ACC-1130,366553.99,2026-07-26,PENDING
TXN-77637,ACC-1140,156586.17,2026-08-26,PENDING
TXN-53710,ACC-1153,109086.50,2026-07-15,SETTLED
TXN-59263,ACC-1254,448851.60,2026-07-04,SETTLED
TXN-62683,ACC-1183,450565.33,2026-07-13,SETTLED
TXN-37210,ACC-1170,382599.58,2026-07-11,PENDING
TXN-12043,ACC-1185,336099.13,2026-08-09,PROCESSING
TXN-30061,ACC-1192,417621.22,2026-08-13,SETTLED
TXN-25682,ACC-1073,203356.14,2026-08-04,SETTLED
TXN-41328,ACC-1012,240078.01,2026-07-12,PENDING
TXN-79453,ACC-1105,50091.32,2026-07-18,SETTLED
TXN-94786,ACC-1139,58386.56,2026-08-23,PENDING
TXN-20047,ACC-1222,80320.90,2026-07-25,PROCESSING
TXN-92189,ACC-1152,140665.13,2026-08-15,SETTLED
TXN-91840,ACC-1250,379094.85,2026-08-15,PENDING
TXN-70138,ACC-1033,497876.63,2026-07-25,SETTLED
TXN-75412,ACC-1269,53550.53,2026-08-19,SETTLED
TXN-51381,ACC-1066,120722.08,2026-07-20,SETTLED
TXN-24997,ACC-1106,75172.78,2026-07-07,SETTLED
TXN-77409,ACC-1042,298680.53,2026-08-14,SETTLED
TXN-17840,ACC-1004,70252.57,2026-08-01,PROCESSING
TXN-86566,ACC-1004,197008.11,2026-08-11,SETTLED
TXN-47947,ACC-1106,425421.91,2026-07-14,SETTLED
TXN-53835,ACC-1365,266805.05,2026-08-28,PENDING
TXN-32781,ACC-1278,374317.44,2026-07-17,SETTLED
TXN-81909,ACC-1379,477424.96,2026-07-30,SETTLED
TXN-21852,ACC-1156,40016.22,2026-08-24,SETTLED
TXN-12956,ACC-1021,384826.08,2026-08-19,PENDING
TXN-14297,ACC-1123,446167.23,2026-06-30,PENDING
TXN-93461,ACC-1277,405270.96,2026-07-22,SETTLED
TXN-72627,ACC-1206,205772.62,2026-08-19,PROCESSING
TXN-35128,ACC-1262,40986.90,2026-07-07,PROCESSING
TXN-21246,ACC-1236,258142.31,2026-08-17,SETTLED
TXN-63898,ACC-1261,321841.64,2026-08-12,SETTLED
TXN-39820,ACC-1141,318726.64,2026-07-30,SETTLED
TXN-64626,ACC-1389,174985.07,2026-08-14,SETTLED
TXN-91769,ACC-1008,87171.20,2026-08-24,PROCESSING
TXN-71990,ACC-1110,15547.15,2026-07-17,SETTLED
TXN-15921,ACC-1079,235484.23,2026-07-22,PROCESSING
TXN-65073,ACC-1039,34632.86,2026-07-23,PROCESSING
TXN-92289,ACC-1389,499761.65,2026-07-03,SETTLED
TXN-27207,ACC-1135,399580.30,2026-08-03,SETTLED
TXN-14387,ACC-1069,155473.83,2026-07-07,PROCESSING
TXN-03968,ACC-1286,70358.84,2026-08-07,SETTLED
TXN-97274,ACC-1102,143581.40,2026-08-26,SETTLED
TXN-81281,ACC-1021,195569.73,2026-08-15,SETTLED
TXN-98962,ACC-1178,368168.86,2026-08-20,PROCESSING
TXN-75699,ACC-1189,195354.57,2026-07-02,SETTLED
TXN-03407,ACC-1007,101956.97,2026-08-19,SETTLED
TXN-12677,ACC-1369,464624.19,2026-07-07,SETTLED
TXN-93844,ACC-1188,145267.81,2026-07-31,PROCESSING
TXN-42788,ACC-1365,353879.01,2026-08-08,PROCESSING
TXN-40155,ACC-1036,350484.57,2026-08-09,PENDING
TXN-49694,ACC-1003,61824.16,2026-08-28,PROCESSING
TXN-12198,ACC-1105,259727.39,2026-06-30,SETTLED
TXN-91708,ACC-1050,473412.15,2026-08-03,SETTLED
TXN-49181,ACC-1136,249865.49,2026-07-04,SETTLED
TXN-02604,ACC-1204,387738.93,2026-07-08,SETTLED
TXN-40872,ACC-1128,64574.67,2026-08-14,PENDING
TXN-57791,ACC-1325,340589.00,2026-08-12,SETTLED
TXN-30534,ACC-1313,343097.49,2026-08-16,PENDING
TXN-41002,ACC-1214,404322.66,2026-08-23,SETTLED
TXN-34452,ACC-1339,206333.09,2026-07-14,SETTLED
TXN-06324,ACC-1290,240484.53,2026-08-29,SETTLED
TXN-67853,ACC-1156,322260.93,2026-08-23,SETTLED
TXN-33871,ACC-1023,408683.95,2026-08-11,PENDING
TXN-40644,ACC-1304,253689.31,2026-07-21,SETTLED
TXN-42613,ACC-1341,168425.62,2026-07-30,PROCESSING
TXN-11842,ACC-1381,457805.37,2026-08-08,PROCESSING
TXN-23960,ACC-1210,133452.52,2026-07-17,PROCESSING
TXN-67464,ACC-1030,251576.95,2026-08-05,SETTLED
TXN-97021,ACC-1275,157852.14,2026-07-14,SETTLED
TXN-01724,ACC-1138,97052.42,2026-08-23,SETTLED
TXN-39388,ACC-1213,359382.24,2026-08-16,SETTLED
TXN-44230,ACC-1338,34090.28,2026-08-02,SETTLED
TXN-15145,ACC-1127,111952.49,2026-08-23,SETTLED
TXN-53118,ACC-1306,108314.95,2026-07-11,SETTLED
TXN-49386,ACC-1099,204055.01,2026-07-29,PROCESSING
TXN-14834,ACC-1279,149941.95,2026-07-20,PROCESSING
TXN-08513,ACC-1297,303822.52,2026-07-28,SETTLED
TXN-79562,ACC-1190,273458.39,2026-07-29,SETTLED
TXN-73923,ACC-1332,137989.24,2026-08-08,SETTLED
TXN-99107,ACC-1061,429888.06,2026-08-12,SETTLED
TXN-55856,ACC-1254,432052.34,2026-08-06,PROCESSING
TXN-55564,ACC-1385,400738.89,2026-07-09,PENDING
TXN-12596,ACC-1213,149517.98,2026-07-12,PROCESSING
TXN-08830,ACC-1327,341408.28,2026-07-07,SETTLED
TXN-47241,ACC-1327,16875.58,2026-08-02,PENDING
TXN-91394,ACC-1396,155527.23,2026-08-28,SETTLED
TXN-92014,ACC-1058,385338.19,2026-08-12,PROCESSING
TXN-07314,ACC-1040,103804.21,2026-07-29,SETTLED
TXN-48274,ACC-1290,319767.01,2026-07-31,SETTLED
TXN-87110,ACC-1202,73996.21,2026-07-05,SETTLED
TXN-79814,ACC-1120,38449.78,2026-07-31,SETTLED
TXN-61793,ACC-1397,213473.96,2026-08-07,SETTLED
TXN-96897,ACC-1147,498477.52,2026-07-09,SETTLED
TXN-47831,ACC-1179,167044.91,2026-08-23,SETTLED
TXN-10367,ACC-1195,132498.82,2026-07-22,SETTLED
TXN-98736,ACC-1321,13152.49,2026-08-23,SETTLED
TXN-36267,ACC-1318,342500.23,2026-07-13,SETTLED
TXN-23241,ACC-1071,285296.06,2026-07-06,PENDING
TXN-68885,ACC-1220,222753.53,2026-08-19,SETTLED
TXN-10474,ACC-1324,122279.63,2026-07-19,SETTLED
TXN-09839,ACC-1016,45321.57,2026-07-21,SETTLED
TXN-56907,ACC-1230,288690.62,2026-08-26,SETTLED
TXN-76743,ACC-1380,191276.29,2026-07-06,SETTLED
TXN-15426,ACC-1159,440615.14,2026-07-06,SETTLED
TXN-53778,ACC-1259,310873.13,2026-08-28,SETTLED
TXN-62188,ACC-1203,499120.10,2026-08-27,SETTLED
TXN-22462,ACC-1210,123776.65,2026-07-20,SETTLED
TXN-95029,ACC-1145,107724.02,2026-08-13,SETTLED
TXN-76973,ACC-1373,309813.89,2026-07-31,PROCESSING
TXN-71940,ACC-1220,466708.86,2026-07-21,SETTLED
TXN-73887,ACC-1233,324848.58,2026-08-23,SETTLED
TXN-34182,ACC-1225,195959.87,2026-08-03,SETTLED
TXN-33106,ACC-1337,8046.60,2026-07-12,PENDING
TXN-70406,ACC-1046,91194.81,2026-07-17,PROCESSING
TXN-60104,ACC-1010,15804.37,2026-08-10,SETTLED
TXN-20032,ACC-1035,483270.43,2026-07-25,SETTLED
TXN-24191,ACC-1018,12528.13,2026-07-28,SETTLED
TXN-40225,ACC-1372,322738.31,2026-07-16,SETTLED
TXN-67844,ACC-1109,159671.14,2026-08-04,SETTLED
TXN-34268,ACC-1313,368688.15,2026-08-01,SETTLED
TXN-20752,ACC-1091,283297.35,2026-07-19,SETTLED
TXN-79884,ACC-1094,334136.47,2026-08-05,SETTLED
TXN-33414,ACC-1290,364236.64,2026-08-02,SETTLED
TXN-96597,ACC-1357,314075.71,2026-07-06,SETTLED
TXN-19833,ACC-1032,142893.38,2026-07-18,PENDING
TXN-69088,ACC-1390,220585.35,2026-07-12,PENDING
TXN-78063,ACC-1190,227371.18,2026-07-10,PROCESSING
TXN-07531,ACC-1153,171819.01,2026-07-27,PROCESSING
TXN-27708,ACC-1395,321538.54,2026-08-09,SETTLED
TXN-25528,ACC-1279,390848.48,2026-07-01,SETTLED
TXN-44206,ACC-1104,481141.26,2026-07-20,PENDING
TXN-11562,ACC-1203,235350.83,2026-08-27,PENDING
TXN-74812,ACC-1290,469290.02,2026-08-19,SETTLED
TXN-37751,ACC-1098,184614.28,2026-07-26,SETTLED
TXN-52899,ACC-1297,238027.11,2026-08-20,PROCESSING
TXN-67852,ACC-1263,408129.99,2026-07-28,SETTLED
TXN-29966,ACC-1077,172640.04,2026-07-23,SETTLED
TXN-15138,ACC-1342,352811.21,2026-08-10,SETTLED
TXN-98561,ACC-1276,332108.63,2026-08-14,PROCESSING
TXN-30925,ACC-1362,253786.76,2026-07-20,SETTLED
TXN-79051,ACC-1185,161335.57,2026-07-29,SETTLED
TXN-29112,ACC-1257,189312.75,2026-08-16,PROCESSING
TXN-63992,ACC-1122,335179.99,2026-07-02,SETTLED
TXN-24460,ACC-1156,405101.87,2026-08-14,PENDING
TXN-36206,ACC-1203,27402.91,2026-07-18,SETTLED
TXN-87435,ACC-1329,245915.36,2026-08-24,SETTLED
TXN-50505,ACC-1024,197620.76,2026-08-14,PENDING
TXN-59221,ACC-1270,29775.14,2026-08-05,SETTLED
TXN-48892,ACC-1305,27108.07,2026-07-12,SETTLED
TXN-34426,ACC-1262,264445.72,2026-08-29,SETTLED
TXN-69933,ACC-1101,99485.23,2026-08-15,PENDING
TXN-82886,ACC-1026,144312.98,2026-08-11,SETTLED
TXN-73709,ACC-1310,155360.30,2026-08-24,SETTLED
TXN-36008,ACC-1056,81264.28,2026-08-03,SETTLED
TXN-39136,ACC-1083,272119.62,2026-08-17,PROCESSING
TXN-44355,ACC-1099,117869.89,2026-07-10,PENDING
TXN-05348,ACC-1166,248749.66,2026-07-13,SETTLED
TXN-28347,ACC-1130,449436.61,2026-08-06,PROCESSING
TXN-79529,ACC-1082,179332.64,2026-07-19,SETTLED
TXN-69573,ACC-1137,89891.01,2026-07-29,SETTLED
TXN-73547,ACC-1093,20195.73,2026-07-01,SETTLED
TXN-89721,ACC-1291,112782.44,2026-08-08,SETTLED
TXN-29670,ACC-1008,116397.70,2026-07-20,SETTLED
TXN-67434,ACC-1052,291097.76,2026-08-05,PROCESSING
TXN-59110,ACC-1242,264269.94,2026-07-31,PENDING
TXN-15533,ACC-1057,495347.50,2026-07-21,SETTLED
TXN-77486,ACC-1014,125541.03,2026-07-04,PENDING
TXN-64703,ACC-1267,498448.46,2026-08-12,SETTLED
TXN-32874,ACC-1100,214832.71,2026-08-07,PROCESSING
TXN-38861,ACC-1327,363840.09,2026-07-21,PENDING
TXN-62043,ACC-1126,89757.28,2026-07-02,SETTLED
TXN-43419,ACC-1309,197876.30,2026-07-31,PENDING
TXN-78347,ACC-1092,473235.21,2026-08-02,SETTLED
TXN-40723,ACC-1160,341218.38,2026-06-30,PROCESSING
TXN-04017,ACC-1174,226238.44,2026-07-26,SETTLED
TXN-78330,ACC-1107,152817.70,2026-08-08,PROCESSING
TXN-71002,ACC-1180,8638.11,2026-07-03,SETTLED
TXN-62295,ACC-1260,329432.93,2026-08-25,SETTLED
TXN-73545,ACC-1160,337475.13,2026-08-20,SETTLED
TXN-10707,ACC-1334,349831.28,2026-07-08,SETTLED
TXN-74413,ACC-1257,451812.51,2026-07-05,PENDING
TXN-17018,ACC-1131,200578.16,2026-08-24,SETTLED
TXN-42668,ACC-1298,200835.48,2026-08-10,SETTLED
TXN-01555,ACC-1294,64414.15,2026-08-28,SETTLED
TXN-53626,ACC-1042,6213.99,2026-08-06,SETTLED
TXN-94341,ACC-1331,260697.58,2026-08-05,PENDING
TXN-70874,ACC-1224,126401.12,2026-07-04,PENDING
TXN-64947,ACC-1070,87887.84,2026-08-08,SETTLED
TXN-80277,ACC-1342,399790.41,2026-07-11,PROCESSING
TXN-14668,ACC-1304,492311.29,2026-07-18,PENDING
TXN-87950,ACC-1391,306401.32,2026-08-16,SETTLED
TXN-18670,ACC-1054,420073.09,2026-07-21,PENDING
TXN-49811,ACC-1319,426040.29,2026-08-22,PENDING
TXN-21735,ACC-1182,93263.47,2026-07-01,SETTLED
TXN-75527,ACC-1337,15697.18,2026-07-02,SETTLED
TXN-86788,ACC-1217,395721.77,2026-07-20,SETTLED
TXN-48906,ACC-1073,409596.29,2026-07-01,SETTLED
TXN-64987,ACC-1119,38560.05,2026-08-12,SETTLED
TXN-30550,ACC-1173,372637.46,2026-07-31,SETTLED
TXN-79900,ACC-1318,309446.83,2026-07-15,PROCESSING
TXN-47953,ACC-1034,212630.39,2026-08-11,PENDING
TXN-16902,ACC-1260,155469.13,2026-07-07,SETTLED
TXN-46650,ACC-1095,138190.14,2026-07-04,SETTLED
TXN-03139,ACC-1359,402806.73,2026-08-11,SETTLED
TXN-56192,ACC-1169,220293.90,2026-08-14,SETTLED
TXN-56729,ACC-1038,39573.45,2026-08-12,SETTLED
TXN-31583,ACC-1093,179501.66,2026-07-04,PROCESSING
TXN-17140,ACC-1170,376983.18,2026-08-23,SETTLED
TXN-97091,ACC-1256,18209.58,2026-07-22,SETTLED
TXN-11586,ACC-1313,102355.82,2026-08-08,PENDING
TXN-31868,ACC-1385,163180.00,2026-08-12,SETTLED
TXN-92377,ACC-1332,19853.73,2026-08-10,SETTLED
TXN-18809,ACC-1232,146332.40,2026-08-28,SETTLED
TXN-07130,ACC-1054,48693.43,2026-08-09,SETTLED
TXN-12501,ACC-1188,406877.79,2026-08-15,PROCESSING
TXN-27973,ACC-1168,338190.72,2026-08-07,PENDING
TXN-19539,ACC-1232,138537.48,2026-08-02,SETTLED
TXN-20040,ACC-1212,413450.98,2026-07-31,PROCESSING
TXN-83242,ACC-1013,426408.32,2026-08-17,SETTLED
TXN-32516,ACC-1094,132018.88,2026-07-01,PENDING
TXN-80826,ACC-1183,102942.31,2026-08-29,SETTLED
TXN-03340,ACC-1369,395454.68,2026-07-13,SETTLED
TXN-58776,ACC-1300,377782.86,2026-07-04,SETTLED
TXN-06263,ACC-1171,498383.42,2026-08-25,SETTLED
TXN-72799,ACC-1228,476323.69,2026-07-02,PENDING
TXN-44588,ACC-1119,53951.62,2026-07-25,PROCESSING
TXN-29608,ACC-1297,484380.78,2026-07-20,SETTLED
TXN-58607,ACC-1186,473332.81,2026-08-06,PROCESSING
TXN-23481,ACC-1212,255582.71,2026-08-22,SETTLED
TXN-59157,ACC-1283,286098.55,2026-08-21,PROCESSING
TXN-12125,ACC-1280,280170.20,2026-08-08,SETTLED
TXN-68107,ACC-1303,354179.88,2026-07-21,SETTLED
TXN-21654,ACC-1283,370129.54,2026-07-02,SETTLED
TXN-21841,ACC-1395,398168.16,2026-08-04,PROCESSING
TXN-46708,ACC-1065,30065.49,2026-08-20,PROCESSING
TXN-63606,ACC-1326,383189.94,2026-08-08,SETTLED
TXN-52339,ACC-1391,256366.54,2026-08-05,PENDING
TXN-49232,ACC-1246,389184.21,2026-08-05,SETTLED
TXN-03403,ACC-1241,112261.96,2026-08-23,SETTLED
TXN-43980,ACC-1323,404080.23,2026-07-14,SETTLED
TXN-42086,ACC-1063,235711.12,2026-07-06,SETTLED
TXN-81615,ACC-1237,309022.37,2026-08-05,PROCESSING
TXN-04542,ACC-1164,45021.07,2026-07-04,PENDING
TXN-41797,ACC-1364,299963.43,2026-07-31,SETTLED
TXN-16730,ACC-1364,183607.35,2026-08-06,SETTLED
TXN-92178,ACC-1013,429098.94,2026-08-16,SETTLED
TXN-13919,ACC-1016,497795.06,2026-08-15,SETTLED
TXN-98302,ACC-1269,207669.53,2026-08-02,SETTLED
TXN-46305,ACC-1269,139582.10,2026-07-23,SETTLED
TXN-19243,ACC-1133,47405.11,2026-07-09,SETTLED
TXN-32263,ACC-1187,331414.36,2026-07-11,PROCESSING
TXN-15386,ACC-1322,319333.79,2026-07-23,SETTLED
TXN-14594,ACC-1336,244208.75,2026-08-29,SETTLED
TXN-06820,ACC-1330,193176.23,2026-07-25,SETTLED
TXN-78721,ACC-1044,301912.63,2026-07-22,SETTLED
TXN-36994,ACC-1077,477899.20,2026-08-11,SETTLED
TXN-57271,ACC-1015,222625.36,2026-08-18,SETTLED
TXN-63961,ACC-1272,204864.92,2026-08-13,PROCESSING
TXN-70231,ACC-1392,342426.22,2026-07-26,SETTLED
TXN-93302,ACC-1177,295449.72,2026-07-02,SETTLED
TXN-45103,ACC-1050,320237.30,2026-07-31,SETTLED
TXN-97770,ACC-1138,126697.47,2026-08-26,SETTLED
TXN-62147,ACC-1040,308489.97,2026-07-09,SETTLED
TXN-89551,ACC-1086,13846.33,2026-07-02,SETTLED
TXN-34936,ACC-1137,260931.55,2026-08-16,SETTLED
TXN-61097,ACC-1114,156358.02,2026-07-01,PROCESSING
TXN-19572,ACC-1216,101581.68,2026-07-01,SETTLED
TXN-67950,ACC-1187,389002.79,2026-07-03,SETTLED
TXN-54743,ACC-1051,108815.25,2026-07-13,SETTLED
TXN-42767,ACC-1245,320481.93,2026-08-23,PENDING
TXN-46294,ACC-1225,429584.58,2026-08-13,SETTLED
TXN-37950,ACC-1263,179282.06,2026-07-21,SETTLED
TXN-43430,ACC-1238,37882.22,2026-07-25,SETTLED
TXN-74423,ACC-1170,401320.14,2026-07-27,SETTLED
TXN-14306,ACC-1184,279559.12,2026-08-24,SETTLED
TXN-38794,ACC-1081,462297.27,2026-07-06,PROCESSING
TXN-52392,ACC-1140,390188.09,2026-08-15,PROCESSING
TXN-07667,ACC-1261,445967.41,2026-07-11,SETTLED
TXN-22963,ACC-1372,119865.52,2026-08-27,PENDING
TXN-40878,ACC-1365,427155.46,2026-08-13,SETTLED
TXN-11298,ACC-1289,373055.97,2026-08-25,PENDING
TXN-56490,ACC-1267,350183.28,2026-07-09,SETTLED
TXN-89850,ACC-1264,60747.74,2026-07-07,SETTLED
TXN-71005,ACC-1109,375358.88,2026-07-28,PENDING
TXN-97000,ACC-1320,409253.25,2026-08-04,SETTLED
TXN-63619,ACC-1112,471599.78,2026-07-31,PROCESSING
TXN-46619,ACC-1197,18364.68,2026-07-27,SETTLED
TXN-39594,ACC-1369,5151.94,2026-07-29,PROCESSING
TXN-80903,ACC-1016,148703.83,2026-07-23,SETTLED
TXN-17978,ACC-1111,108144.21,2026-07-13,PENDING
TXN-09480,ACC-1349,425185.54,2026-07-09,SETTLED
TXN-09552,ACC-1100,55792.65,2026-07-10,PENDING
TXN-53335,ACC-1389,169531.04,2026-07-19,SETTLED
TXN-76783,ACC-1398,335519.40,2026-07-31,SETTLED
TXN-20458,ACC-1217,300521.02,2026-08-16,PENDING
TXN-83525,ACC-1208,432041.68,2026-07-18,SETTLED
TXN-93248,ACC-1122,290390.46,2026-07-03,PROCESSING
TXN-30860,ACC-1284,183397.54,2026-07-18,SETTLED
TXN-85081,ACC-1266,166314.42,2026-08-20,SETTLED
TXN-37986,ACC-1021,64366.59,2026-08-20,PROCESSING
TXN-73169,ACC-1088,243545.10,2026-08-24,SETTLED
TXN-87005,ACC-1149,78859.46,2026-07-07,SETTLED
TXN-93682,ACC-1182,260086.49,2026-07-31,SETTLED
TXN-59659,ACC-1207,165110.36,2026-07-31,SETTLED
TXN-06084,ACC-1092,337617.45,2026-07-01,SETTLED
TXN-15632,ACC-1136,363063.99,2026-08-20,SETTLED
TXN-74124,ACC-1298,266180.08,2026-08-11,PROCESSING
TXN-19813,ACC-1059,278397.12,2026-07-04,SETTLED
TXN-54146,ACC-1151,270846.20,2026-07-19,SETTLED
TXN-15785,ACC-1351,10644.59,2026-07-03,PENDING
TXN-57239,ACC-1316,494127.64,2026-08-08,SETTLED
TXN-27344,ACC-1220,253571.79,2026-08-29,SETTLED
TXN-43782,ACC-1070,386075.17,2026-07-24,SETTLED
TXN-43471,ACC-1170,496545.55,2026-08-22,SETTLED
TXN-95632,ACC-1232,447623.67,2026-08-15,SETTLED
TXN-26558,ACC-1076,31372.36,2026-07-07,PROCESSING
TXN-73229,ACC-1065,94995.34,2026-08-01,SETTLED
TXN-58531,ACC-1199,468653.81,2026-07-19,SETTLED
TXN-18061,ACC-1327,130252.01,2026-08-27,SETTLED
TXN-32107,ACC-1101,435151.93,2026-07-09,SETTLED
TXN-97557,ACC-1151,372721.55,2026-07-28,SETTLED
TXN-35659,ACC-1083,122943.27,2026-08-28,SETTLED
TXN-82403,ACC-1011,94352.56,2026-07-01,PENDING
TXN-25963,ACC-1224,482359.21,2026-08-21,PENDING
TXN-75952,ACC-1219,25495.28,2026-07-28,PROCESSING
TXN-26979,ACC-1389,9585.05,2026-08-14,PROCESSING
TXN-20093,ACC-1059,149003.40,2026-07-21,SETTLED
TXN-22503,ACC-1308,454178.24,2026-08-29,SETTLED
TXN-96623,ACC-1322,265375.18,2026-08-11,PENDING
TXN-81669,ACC-1282,347414.42,2026-08-11,PROCESSING
TXN-52830,ACC-1149,144734.73,2026-08-25,SETTLED
TXN-55489,ACC-1203,377002.04,2026-08-13,PROCESSING
TXN-76958,ACC-1393,209618.38,2026-07-20,PROCESSING
TXN-02494,ACC-1143,328580.58,2026-07-23,PENDING
TXN-05589,ACC-1240,475369.89,2026-08-27,PROCESSING
TXN-65379,ACC-1213,360627.10,2026-07-24,SETTLED
TXN-20881,ACC-1165,133491.40,2026-07-21,SETTLED
TXN-95767,ACC-1028,422922.98,2026-07-19,PENDING
TXN-20937,ACC-1259,16658.44,2026-08-14,SETTLED
TXN-07340,ACC-1023,443171.97,2026-08-08,PENDING
TXN-65211,ACC-1111,142023.09,2026-08-11,SETTLED
TXN-34261,ACC-1298,391959.40,2026-07-18,PROCESSING
TXN-95552,ACC-1033,477114.08,2026-07-25,PROCESSING
TXN-88924,ACC-1254,264985.00,2026-07-08,PROCESSING
TXN-16912,ACC-1013,308813.16,2026-07-23,SETTLED
TXN-27575,ACC-1236,61512.78,2026-08-27,SETTLED
TXN-45121,ACC-1307,17362.43,2026-07-14,PENDING
TXN-40391,ACC-1263,23759.80,2026-07-17,SETTLED
TXN-85006,ACC-1114,409345.53,2026-07-06,SETTLED
TXN-99118,ACC-1244,262948.24,2026-07-22,SETTLED
TXN-02664,ACC-1044,445996.77,2026-07-09,SETTLED
TXN-46784,ACC-1152,258192.27,2026-08-17,SETTLED
TXN-98929,ACC-1250,418038.89,2026-08-16,SETTLED
TXN-77039,ACC-1217,458225.26,2026-07-02,PENDING
TXN-44360,ACC-1254,40010.44,2026-07-04,SETTLED
TXN-82583,ACC-1309,400400.36,2026-08-08,SETTLED
TXN-68231,ACC-1208,277038.77,2026-08-24,PENDING
TXN-20707,ACC-1381,5456.13,2026-07-22,SETTLED
TXN-93475,ACC-1274,273193.13,2026-07-04,SETTLED
TXN-35552,ACC-1101,274351.86,2026-08-09,SETTLED
TXN-60763,ACC-1346,184623.34,2026-07-24,SETTLED
TXN-03996,ACC-1193,80414.29,2026-07-17,SETTLED
TXN-22449,ACC-1156,196713.69,2026-07-12,PROCESSING
TXN-04713,ACC-1182,402034.93,2026-07-11,PROCESSING
TXN-32315,ACC-1104,223279.55,2026-07-22,SETTLED
TXN-79913,ACC-1377,285811.49,2026-07-30,SETTLED
TXN-64337,ACC-1018,379886.29,2026-08-01,PROCESSING
TXN-81619,ACC-1097,458009.64,2026-08-05,SETTLED
TXN-85776,ACC-1075,281893.38,2026-08-06,SETTLED
TXN-30518,ACC-1356,74693.74,2026-07-12,PENDING
TXN-58179,ACC-1261,15036.47,2026-08-21,SETTLED
TXN-31404,ACC-1201,37116.58,2026-08-25,SETTLED
TXN-42603,ACC-1065,414694.83,2026-06-30,PROCESSING
TXN-18549,ACC-1003,131135.01,2026-07-18,PROCESSING
TXN-50527,ACC-1134,419315.35,2026-08-06,PENDING
TXN-99682,ACC-1058,61670.40,2026-08-06,SETTLED
TXN-11529,ACC-1298,200198.09,2026-07-29,PENDING
TXN-61441,ACC-1068,351997.86,2026-07-30,PROCESSING
TXN-74850,ACC-1132,43485.34,2026-07-27,SETTLED
TXN-84356,ACC-1199,233845.31,2026-07-17,PROCESSING
TXN-24223,ACC-1263,205700.54,2026-08-16,SETTLED
TXN-75655,ACC-1370,58043.13,2026-08-19,SETTLED
TXN-69131,ACC-1299,72458.43,2026-08-07,PENDING
TXN-82009,ACC-1251,390375.56,2026-07-12,SETTLED
TXN-25346,ACC-1131,132583.56,2026-08-17,PROCESSING
TXN-82632,ACC-1027,223742.43,2026-07-08,SETTLED
TXN-41972,ACC-1133,94514.89,2026-08-11,PROCESSING
TXN-31695,ACC-1170,408747.23,2026-07-05,SETTLED
TXN-11596,ACC-1157,338111.90,2026-07-22,SETTLED
TXN-41535,ACC-1363,399586.63,2026-06-30,SETTLED
TXN-62464,ACC-1343,409039.22,2026-08-11,SETTLED
TXN-97338,ACC-1332,53671.40,2026-07-07,SETTLED
TXN-61408,ACC-1357,417791.90,2026-07-21,PENDING
TXN-99407,ACC-1168,465190.62,2026-07-27,SETTLED
TXN-09277,ACC-1100,76532.48,2026-07-04,SETTLED
TXN-32545,ACC-1066,177946.64,2026-08-18,PROCESSING
TXN-36592,ACC-1240,359967.59,2026-08-02,PROCESSING
TXN-45720,ACC-1352,148294.28,2026-07-03,SETTLED
TXN-14667,ACC-1084,326590.36,2026-08-13,PROCESSING
TXN-17032,ACC-1284,244279.05,2026-08-03,SETTLED
TXN-16803,ACC-1169,244829.44,2026-08-11,SETTLED
TXN-90788,ACC-1032,55273.95,2026-07-03,SETTLED
TXN-77347,ACC-1271,133694.29,2026-07-05,SETTLED
TXN-14713,ACC-1363,480685.13,2026-07-04,SETTLED
TXN-96137,ACC-1383,70912.26,2026-07-18,PROCESSING
TXN-92217,ACC-1399,290022.05,2026-08-14,SETTLED
TXN-85862,ACC-1104,373721.33,2026-07-16,PENDING
TXN-65140,ACC-1341,241228.03,2026-08-28,PROCESSING
TXN-83880,ACC-1186,210191.92,2026-08-19,SETTLED
TXN-46008,ACC-1015,428825.70,2026-07-29,SETTLED
TXN-98491,ACC-1324,75162.98,2026-08-13,PROCESSING
TXN-66572,ACC-1245,496096.35,2026-07-07,SETTLED
TXN-10889,ACC-1032,28418.38,2026-07-18,SETTLED
TXN-98304,ACC-1142,198216.84,2026-08-02,SETTLED
TXN-45865,ACC-1224,416477.87,2026-08-27,SETTLED
TXN-28937,ACC-1199,386172.62,2026-08-28,SETTLED
TXN-59339,ACC-1359,309477.57,2026-08-21,SETTLED
TXN-60556,ACC-1354,70891.75,2026-07-13,SETTLED
TXN-37115,ACC-1333,433081.05,2026-07-10,PROCESSING
TXN-30383,ACC-1269,187508.49,2026-08-21,PENDING
TXN-47263,ACC-1118,491469.16,2026-08-12,SETTLED
TXN-08692,ACC-1192,356745.88,2026-07-24,SETTLED
TXN-84071,ACC-1294,278079.77,2026-08-10,SETTLED
TXN-43129,ACC-1324,131953.62,2026-08-22,PROCESSING
TXN-08652,ACC-1031,244442.03,2026-07-27,SETTLED
TXN-29510,ACC-1117,14655.10,2026-07-13,SETTLED
TXN-03784,ACC-1002,120547.22,2026-08-05,PENDING
TXN-97800,ACC-1043,135253.52,2026-07-05,PENDING
TXN-73555,ACC-1320,325744.09,2026-07-17,SETTLED
TXN-12427,ACC-1373,452576.22,2026-07-22,SETTLED
TXN-10944,ACC-1097,466619.91,2026-08-22,SETTLED
TXN-81489,ACC-1333,215621.56,2026-07-29,SETTLED
TXN-74030,ACC-1229,461381.60,2026-07-31,SETTLED
TXN-66094,ACC-1036,115102.97,2026-08-16,SETTLED
TXN-38485,ACC-1367,459339.31,2026-08-23,SETTLED
TXN-01522,ACC-1023,77478.48,2026-07-31,SETTLED
TXN-40192,ACC-1289,362403.04,2026-08-14,SETTLED
TXN-03078,ACC-1374,178373.01,2026-07-30,SETTLED
TXN-34782,ACC-1079,389375.42,2026-07-28,SETTLED
TXN-04078,ACC-1281,423656.93,2026-08-25,SETTLED
TXN-01000,ACC-1334,251877.92,2026-07-12,SETTLED
TXN-84326,ACC-1094,405590.14,2026-08-12,PROCESSING
TXN-39971,ACC-1099,301970.52,2026-08-22,SETTLED
TXN-99888,ACC-1019,415465.97,2026-07-18,SETTLED
TXN-90268,ACC-1346,172113.30,2026-07-02,PROCESSING
TXN-48840,ACC-1264,294076.64,2026-08-18,PROCESSING
TXN-09001,ACC-1107,229330.79,2026-07-10,SETTLED
TXN-28712,ACC-1181,493808.72,2026-07-14,SETTLED
TXN-01883,ACC-1098,432671.64,2026-08-07,SETTLED
TXN-38123,ACC-1182,452473.82,2026-08-07,SETTLED
TXN-29262,ACC-1375,161427.80,2026-07-11,SETTLED
TXN-03003,ACC-1289,75256.55,2026-07-19,SETTLED
TXN-24054,ACC-1399,348316.97,2026-08-23,SETTLED
TXN-76225,ACC-1215,244874.29,2026-07-28,SETTLED
TXN-89247,ACC-1265,471475.13,2026-07-27,SETTLED
TXN-60244,ACC-1140,193269.76,2026-06-30,SETTLED
TXN-31707,ACC-1354,268464.62,2026-08-11,SETTLED
TXN-45654,ACC-1298,384356.05,2026-08-25,SETTLED
TXN-23499,ACC-1057,383813.03,2026-07-28,PROCESSING
TXN-25205,ACC-1000,95280.89,2026-07-28,SETTLED
TXN-94503,ACC-1090,167565.32,2026-08-07,SETTLED
TXN-33282,ACC-1087,183097.18,2026-08-12,PENDING
TXN-96444,ACC-1125,153661.64,2026-08-21,SETTLED
TXN-11235,ACC-1342,66924.19,2026-08-12,SETTLED
TXN-54181,ACC-1046,361130.17,2026-07-12,SETTLED
TXN-43537,ACC-1275,284528.30,2026-08-27,PROCESSING
TXN-20366,ACC-1022,131901.05,2026-07-23,SETTLED
TXN-82700,ACC-1381,230647.51,2026-08-06,SETTLED
TXN-23516,ACC-1152,120981.25,2026-08-14,SETTLED
TXN-54794,ACC-1192,199749.14,2026-08-04,SETTLED
TXN-84378,ACC-1141,172805.32,2026-07-05,SETTLED
TXN-69831,ACC-1385,467498.94,2026-08-03,PENDING
TXN-63894,ACC-1372,481709.31,2026-08-21,SETTLED
TXN-80297,ACC-1272,84947.13,2026-08-19,SETTLED
TXN-31685,ACC-1190,10794.77,2026-08-07,PROCESSING
TXN-83325,ACC-1031,79448.01,2026-07-25,PROCESSING
TXN-46761,ACC-1134,216946.03,2026-07-12,PROCESSING
TXN-67961,ACC-1099,449324.53,2026-07-10,SETTLED
TXN-51861,ACC-1118,240093.93,2026-07-26,PROCESSING
TXN-01814,ACC-1158,418447.93,2026-07-23,PROCESSING
TXN-61406,ACC-1216,213849.23,2026-08-22,PROCESSING
TXN-07153,ACC-1273,482661.70,2026-08-12,PENDING
TXN-60947,ACC-1267,401492.04,2026-06-30,SETTLED
TXN-82640,ACC-1142,333496.47,2026-08-02,SETTLED
TXN-28828,ACC-1291,387087.37,2026-08-06,SETTLED
TXN-50153,ACC-1127,263602.14,2026-07-30,PENDING
TXN-02100,ACC-1051,437857.08,2026-08-22,PENDING
TXN-89156,ACC-1079,498069.11,2026-07-18,SETTLED
TXN-42700,ACC-1002,63232.47,2026-08-23,PROCESSING
TXN-16690,ACC-1070,324911.03,2026-08-15,SETTLED
TXN-70157,ACC-1227,122767.08,2026-07-18,PENDING
TXN-93120,ACC-1375,402363.37,2026-07-22,SETTLED
TXN-64561,ACC-1095,188678.04,2026-07-17,SETTLED
TXN-93044,ACC-1037,416296.09,2026-07-22,SETTLED
TXN-11938,ACC-1080,240200.61,2026-06-30,SETTLED
TXN-26567,ACC-1294,217296.40,2026-07-13,SETTLED
TXN-69158,ACC-1330,362919.98,2026-08-29,SETTLED
TXN-30725,ACC-1061,11140.89,2026-07-10,SETTLED
TXN-23533,ACC-1369,249641.45,2026-07-11,PROCESSING
TXN-40547,ACC-1017,484132.21,2026-07-27,SETTLED
TXN-07661,ACC-1010,437901.49,2026-06-30,SETTLED
TXN-28885,ACC-1336,100873.26,2026-07-31,PENDING
TXN-81476,ACC-1252,171210.84,2026-08-25,SETTLED
TXN-55551,ACC-1270,141483.66,2026-08-01,PENDING
TXN-99330,ACC-1304,130162.54,2026-08-15,SETTLED
TXN-72295,ACC-1186,375830.28,2026-08-20,SETTLED
TXN-10883,ACC-1207,219877.82,2026-07-17,SETTLED
TXN-54179,ACC-1375,146511.18,2026-08-08,PENDING
TXN-44537,ACC-1005,320867.39,2026-07-17,SETTLED
TXN-81721,ACC-1095,435767.11,2026-07-30,PROCESSING
TXN-76231,ACC-1255,261796.57,2026-08-15,SETTLED
TXN-85428,ACC-1025,175512.03,2026-07-30,SETTLED
TXN-35542,ACC-1087,403300.66,2026-07-29,SETTLED
TXN-98733,ACC-1350,258532.03,2026-08-05,SETTLED
TXN-51952,ACC-1309,341767.00,2026-08-21,PROCESSING
TXN-50928,ACC-1366,304567.40,2026-08-04,SETTLED
TXN-12197,ACC-1384,390775.38,2026-08-25,SETTLED
TXN-02516,ACC-1221,328984.34,2026-08-29,SETTLED
TXN-05028,ACC-1246,403128.27,2026-07-17,SETTLED
TXN-80871,ACC-1049,281664.43,2026-08-19,SETTLED
TXN-98452,ACC-1353,175332.17,2026-07-14,SETTLED
TXN-05848,ACC-1391,117667.24,2026-08-19,SETTLED
TXN-42569,ACC-1264,58516.84,2026-07-26,PROCESSING
TXN-27452,ACC-1209,380733.25,2026-08-11,SETTLED
TXN-33448,ACC-1316,448620.51,2026-07-18,SETTLED
TXN-13570,ACC-1089,44150.25,2026-08-13,SETTLED
TXN-23407,ACC-1149,291375.16,2026-07-14,SETTLED
TXN-10480,ACC-1130,288970.11,2026-08-22,SETTLED
TXN-88074,ACC-1313,250379.38,2026-08-06,PROCESSING
TXN-90249,ACC-1240,366084.88,2026-07-11,SETTLED
TXN-79598,ACC-1340,444491.17,2026-07-13,PENDING
TXN-66668,ACC-1222,329632.59,2026-07-27,SETTLED
TXN-39589,ACC-1293,201003.59,2026-08-28,PROCESSING
TXN-66607,ACC-1228,447327.98,2026-07-21,PROCESSING
TXN-36797,ACC-1317,372586.03,2026-08-06,SETTLED
TXN-45197,ACC-1358,84952.84,2026-07-03,SETTLED
TXN-85861,ACC-1064,302982.35,2026-08-24,SETTLED
TXN-11600,ACC-1324,237119.68,2026-07-29,SETTLED
TXN-58992,ACC-1066,395299.21,2026-08-14,PENDING
TXN-82160,ACC-1017,335974.21,2026-07-21,PENDING
TXN-47475,ACC-1219,218040.56,2026-08-11,SETTLED
TXN-53938,ACC-1217,480583.69,2026-08-27,SETTLED
TXN-77364,ACC-1057,179998.30,2026-07-23,SETTLED
TXN-69104,ACC-1168,424007.59,2026-08-17,SETTLED
TXN-98884,ACC-1159,471792.01,2026-08-17,SETTLED
TXN-59705,ACC-1182,305304.62,2026-08-22,SETTLED
TXN-22723,ACC-1009,444749.31,2026-08-28,SETTLED
TXN-45163,ACC-1349,18337.63,2026-08-08,SETTLED
TXN-47272,ACC-1390,260769.66,2026-07-08,SETTLED
TXN-50062,ACC-1261,354695.86,2026-08-27,SETTLED
TXN-78156,ACC-1342,382154.84,2026-08-28,PROCESSING
TXN-31526,ACC-1055,286904.86,2026-07-25,SETTLED
TXN-06826,ACC-1084,329680.11,2026-07-26,SETTLED
TXN-69932,ACC-1074,412843.48,2026-07-25,PENDING
TXN-28445,ACC-1323,335183.06,2026-08-29,SETTLED
TXN-05316,ACC-1161,178622.77,2026-08-10,SETTLED
TXN-22763,ACC-1140,162664.01,2026-07-04,PROCESSING
TXN-26434,ACC-1035,300430.47,2026-08-19,SETTLED
TXN-16986,ACC-1288,202277.97,2026-07-12,SETTLED
TXN-03465,ACC-1148,87526.21,2026-07-11,SETTLED
TXN-09730,ACC-1330,360952.24,2026-08-02,SETTLED
TXN-64515,ACC-1204,221828.03,2026-08-14,SETTLED
TXN-73380,ACC-1392,208436.27,2026-08-06,SETTLED
TXN-95494,ACC-1266,384906.36,2026-07-23,SETTLED
TXN-20202,ACC-1130,161843.83,2026-08-11,PROCESSING
TXN-52824,ACC-1334,13360.15,2026-08-09,SETTLED
TXN-58051,ACC-1368,388441.95,2026-08-25,SETTLED
TXN-43333,ACC-1082,105886.31,2026-08-24,SETTLED
TXN-51415,ACC-1123,187088.09,2026-07-06,SETTLED
TXN-40277,ACC-1304,172843.23,2026-07-22,PENDING
TXN-21607,ACC-1152,366742.27,2026-08-08,PENDING
TXN-53309,ACC-1186,304026.19,2026-08-21,PROCESSING
TXN-33002,ACC-1320,58698.58,2026-08-09,PENDING
TXN-55207,ACC-1320,473634.39,2026-07-08,SETTLED
TXN-52066,ACC-1399,162617.78,2026-08-10,SETTLED
TXN-80274,ACC-1123,193861.91,2026-08-06,SETTLED
TXN-36647,ACC-1045,288212.78,2026-08-17,SETTLED
TXN-33073,ACC-1193,173047.99,2026-07-18,SETTLED
TXN-08843,ACC-1122,162801.40,2026-08-12,SETTLED
TXN-64018,ACC-1044,75195.38,2026-08-29,SETTLED
TXN-94832,ACC-1322,156218.88,2026-08-14,PROCESSING
TXN-60997,ACC-1361,54710.85,2026-07-08,SETTLED
TXN-08164,ACC-1068,82618.68,2026-07-20,SETTLED
TXN-85357,ACC-1216,381561.32,2026-07-10,SETTLED
TXN-04429,ACC-1025,55394.54,2026-08-22,SETTLED
TXN-91718,ACC-1349,173832.47,2026-07-30,PROCESSING
TXN-96290,ACC-1121,216857.89,2026-08-12,SETTLED
TXN-15183,ACC-1236,133829.49,2026-07-12,SETTLED
TXN-39376,ACC-1344,204532.64,2026-08-21,SETTLED
TXN-98841,ACC-1074,400086.19,2026-07-18,PROCESSING
TXN-65125,ACC-1209,462126.34,2026-06-30,SETTLED
TXN-96239,ACC-1285,370956.04,2026-07-21,SETTLED
TXN-88683,ACC-1258,419021.29,2026-06-30,SETTLED
TXN-36323,ACC-1101,179024.13,2026-07-22,SETTLED
TXN-74685,ACC-1072,404416.39,2026-08-01,SETTLED
TXN-25576,ACC-1142,366681.28,2026-08-23,PENDING
TXN-58715,ACC-1074,132224.56,2026-08-27,SETTLED
TXN-39317,ACC-1326,41182.12,2026-08-26,PROCESSING
TXN-91713,ACC-1298,52924.13,2026-08-11,PROCESSING
TXN-90828,ACC-1361,395243.29,2026-08-24,SETTLED
TXN-78608,ACC-1047,430303.66,2026-08-23,SETTLED
TXN-46489,ACC-1362,44162.99,2026-08-24,SETTLED
TXN-54661,ACC-1145,31901.64,2026-07-04,SETTLED
TXN-18538,ACC-1395,139562.47,2026-07-26,PENDING
TXN-75207,ACC-1031,210338.96,2026-08-18,SETTLED
TXN-89973,ACC-1158,427770.04,2026-06-30,PROCESSING
TXN-17561,ACC-1282,361665.93,2026-08-17,SETTLED
TXN-12399,ACC-1341,89533.53,2026-07-17,SETTLED
TXN-23098,ACC-1367,97330.00,2026-07-28,SETTLED
TXN-82058,ACC-1300,233677.31,2026-08-26,SETTLED
TXN-73309,ACC-1235,99113.79,2026-08-12,PROCESSING
TXN-11297,ACC-1170,99955.04,2026-07-18,SETTLED
TXN-27495,ACC-1004,62982.62,2026-08-14,SETTLED
TXN-28123,ACC-1044,473595.48,2026-08-24,PENDING
TXN-81037,ACC-1179,447584.28,2026-07-05,PENDING
TXN-31342,ACC-1206,158500.94,2026-07-08,SETTLED
TXN-19896,ACC-1194,372383.10,2026-08-04,SETTLED
TXN-05331,ACC-1099,307195.41,2026-08-03,SETTLED
TXN-38278,ACC-1040,31551.07,2026-08-04,PENDING
TXN-96493,ACC-1396,418344.80,2026-07-08,SETTLED
TXN-36449,ACC-1232,117028.12,2026-08-27,PENDING
TXN-25642,ACC-1122,217495.60,2026-07-09,PENDING
TXN-03332,ACC-1268,133881.70,2026-08-04,SETTLED
TXN-72378,ACC-1141,367265.67,2026-07-15,PENDING
TXN-14258,ACC-1272,323569.31,2026-08-09,SETTLED
TXN-58572,ACC-1222,385571.50,2026-08-27,SETTLED
TXN-90754,ACC-1262,54707.02,2026-06-30,SETTLED
TXN-86611,ACC-1258,148148.65,2026-07-07,SETTLED
TXN-94547,ACC-1003,106151.25,2026-08-21,SETTLED
TXN-30495,ACC-1384,476071.36,2026-08-01,SETTLED
TXN-21659,ACC-1382,93734.74,2026-07-09,PENDING
TXN-01077,ACC-1046,167493.32,2026-07-07,PROCESSING
TXN-48055,ACC-1137,308766.19,2026-07-17,SETTLED
TXN-75636,ACC-1056,325886.02,2026-07-02,SETTLED
TXN-22104,ACC-1207,264461.01,2026-08-12,SETTLED
TXN-40146,ACC-1116,473741.52,2026-07-26,PROCESSING
TXN-45661,ACC-1117,149121.95,2026-07-03,SETTLED
TXN-01528,ACC-1335,492999.05,2026-08-16,PENDING
TXN-62778,ACC-1014,40577.89,2026-07-01,PROCESSING
TXN-55040,ACC-1151,159230.46,2026-07-06,PENDING
TXN-60404,ACC-1348,441204.56,2026-07-16,SETTLED
TXN-57071,ACC-1187,396060.33,2026-07-25,SETTLED
TXN-43098,ACC-1113,60659.87,2026-07-11,PROCESSING
TXN-19922,ACC-1190,139830.19,2026-08-22,SETTLED
TXN-65670,ACC-1375,23824.32,2026-08-14,SETTLED
TXN-34609,ACC-1091,388040.66,2026-06-30,SETTLED
TXN-04987,ACC-1230,90196.45,2026-07-07,SETTLED
TXN-91568,ACC-1294,14243.20,2026-07-12,SETTLED
TXN-92929,ACC-1228,96414.19,2026-07-17,SETTLED
TXN-96727,ACC-1166,88729.26,2026-08-11,SETTLED
TXN-93814,ACC-1093,438489.13,2026-08-16,SETTLED
TXN-87992,ACC-1341,488990.63,2026-08-24,PENDING
TXN-50202,ACC-1044,107804.99,2026-08-01,SETTLED
TXN-47950,ACC-1107,142206.37,2026-08-22,SETTLED
TXN-43510,ACC-1222,363562.70,2026-07-23,SETTLED
TXN-52128,ACC-1289,439356.52,2026-08-26,PROCESSING
TXN-61206,ACC-1315,336660.68,2026-07-19,SETTLED
TXN-12724,ACC-1186,86972.04,2026-07-01,SETTLED
TXN-29735,ACC-1015,167426.13,2026-07-15,SETTLED
TXN-54232,ACC-1393,301634.13,2026-07-17,PROCESSING
TXN-72800,ACC-1142,336688.49,2026-07-07,SETTLED
TXN-77099,ACC-1160,155404.60,2026-07-16,SETTLED
TXN-40753,ACC-1370,113637.92,2026-08-07,PROCESSING
TXN-82321,ACC-1056,208479.91,2026-08-15,PENDING
TXN-06538,ACC-1322,416330.06,2026-08-29,PROCESSING
TXN-85576,ACC-1038,320570.91,2026-07-09,SETTLED
TXN-36050,ACC-1091,448635.34,2026-08-22,SETTLED
TXN-01592,ACC-1293,166060.92,2026-08-18,SETTLED
TXN-79130,ACC-1228,401215.86,2026-07-18,PROCESSING
TXN-92504,ACC-1245,390014.02,2026-07-24,PROCESSING
TXN-07254,ACC-1237,204210.72,2026-08-27,SETTLED
TXN-89303,ACC-1309,49967.49,2026-08-21,PENDING
TXN-53878,ACC-1231,285334.19,2026-07-29,SETTLED
TXN-45837,ACC-1256,277163.09,2026-08-13,SETTLED
TXN-02481,ACC-1102,176739.49,2026-07-18,SETTLED
TXN-57726,ACC-1359,388450.42,2026-08-16,SETTLED
TXN-67185,ACC-1036,34133.83,2026-07-25,SETTLED
TXN-77294,ACC-1179,196734.98,2026-07-08,SETTLED
TXN-32858,ACC-1198,275211.71,2026-08-22,SETTLED
TXN-83328,ACC-1272,74259.00,2026-07-08,PROCESSING
TXN-41411,ACC-1327,497570.19,2026-08-02,PROCESSING
TXN-31315,ACC-1278,359672.16,2026-07-21,PROCESSING
TXN-76117,ACC-1188,45624.52,2026-08-07,PENDING
TXN-42076,ACC-1051,295789.67,2026-08-08,SETTLED
TXN-33779,ACC-1339,380604.29,2026-08-25,SETTLED
TXN-05486,ACC-1330,306764.92,2026-07-11,SETTLED
TXN-46016,ACC-1077,434292.03,2026-08-17,SETTLED
TXN-12429,ACC-1128,351657.33,2026-08-13,SETTLED
TXN-47460,ACC-1169,126986.07,2026-08-10,PROCESSING
TXN-41064,ACC-1051,97979.86,2026-08-27,SETTLED
TXN-82745,ACC-1219,455143.92,2026-07-01,PROCESSING
TXN-91762,ACC-1297,372003.78,2026-08-18,SETTLED
TXN-01018,ACC-1008,490248.52,2026-08-08,PROCESSING
TXN-77809,ACC-1085,29937.63,2026-08-14,SETTLED
TXN-94337,ACC-1230,149450.03,2026-08-11,SETTLED
TXN-47513,ACC-1270,57192.95,2026-07-01,SETTLED
TXN-51147,ACC-1303,333062.57,2026-07-11,SETTLED
TXN-95484,ACC-1348,320492.97,2026-07-04,SETTLED
TXN-48499,ACC-1378,37022.30,2026-08-10,SETTLED
TXN-05313,ACC-1191,379277.88,2026-08-26,PENDING
TXN-96994,ACC-1130,211848.70,2026-07-31,SETTLED
TXN-90542,ACC-1039,53307.54,2026-08-01,SETTLED
TXN-15219,ACC-1257,354581.21,2026-07-26,SETTLED
TXN-19898,ACC-1104,412827.38,2026-07-21,SETTLED
TXN-08856,ACC-1317,385614.89,2026-07-07,PENDING
TXN-22285,ACC-1024,100937.25,2026-08-05,SETTLED
TXN-34915,ACC-1056,39681.07,2026-07-06,PROCESSING
TXN-07742,ACC-1308,253038.79,2026-08-29,SETTLED
TXN-08900,ACC-1253,324379.36,2026-07-08,PENDING
TXN-03520,ACC-1153,376812.89,2026-08-28,SETTLED
TXN-09243,ACC-1056,339063.94,2026-07-02,SETTLED
TXN-95345,ACC-1191,358461.93,2026-07-17,SETTLED
TXN-55692,ACC-1377,125550.74,2026-07-01,SETTLED
TXN-01968,ACC-1358,11131.62,2026-07-17,SETTLED
TXN-41100,ACC-1267,18460.44,2026-07-18,SETTLED
TXN-38155,ACC-1193,404393.03,2026-08-20,SETTLED
TXN-70458,ACC-1300,210624.43,2026-07-25,SETTLED
TXN-78390,ACC-1376,152834.09,2026-07-23,SETTLED
TXN-88395,ACC-1233,138222.62,2026-07-21,SETTLED
TXN-75053,ACC-1167,310041.72,2026-08-03,PROCESSING
TXN-08767,ACC-1065,128810.58,2026-07-19,SETTLED
TXN-39414,ACC-1270,457721.42,2026-08-26,SETTLED
TXN-40894,ACC-1384,169213.76,2026-08-03,SETTLED
TXN-94969,ACC-1037,449504.01,2026-08-26,SETTLED
TXN-55442,ACC-1006,238986.73,2026-08-10,SETTLED
TXN-34906,ACC-1123,238357.05,2026-08-26,SETTLED
TXN-79775,ACC-1118,51348.32,2026-07-09,SETTLED
TXN-62998,ACC-1116,308239.49,2026-08-20,SETTLED
TXN-67729,ACC-1133,21587.72,2026-07-25,SETTLED
TXN-42900,ACC-1207,103948.13,2026-08-01,SETTLED
TXN-83918,ACC-1113,40042.08,2026-07-28,SETTLED
TXN-35109,ACC-1305,448763.34,2026-08-10,SETTLED
TXN-65318,ACC-1042,123303.27,2026-07-21,SETTLED
TXN-72945,ACC-1060,439370.82,2026-08-14,SETTLED
TXN-17031,ACC-1053,281284.87,2026-08-14,SETTLED
TXN-14351,ACC-1282,331860.33,2026-08-27,PROCESSING
TXN-29400,ACC-1194,372552.69,2026-07-30,SETTLED
TXN-69083,ACC-1054,80937.97,2026-08-02,SETTLED
TXN-44996,ACC-1372,314845.69,2026-08-28,SETTLED
TXN-82685,ACC-1308,137620.13,2026-08-12,SETTLED
TXN-41552,ACC-1267,93935.78,2026-07-26,PROCESSING
TXN-69031,ACC-1123,48295.17,2026-08-12,PENDING
TXN-68084,ACC-1218,268588.39,2026-07-17,PENDING
TXN-32980,ACC-1368,487800.01,2026-07-02,SETTLED
TXN-58823,ACC-1137,430284.24,2026-08-24,PROCESSING
TXN-04135,ACC-1006,331051.48,2026-07-21,SETTLED
TXN-92302,ACC-1305,257303.80,2026-07-17,SETTLED
TXN-97919,ACC-1326,209528.25,2026-07-21,SETTLED
TXN-69682,ACC-1114,490790.57,2026-07-11,SETTLED
TXN-46097,ACC-1291,423537.04,2026-07-16,SETTLED
TXN-55546,ACC-1197,435230.39,2026-08-25,SETTLED
TXN-34418,ACC-1311,221453.49,2026-08-23,SETTLED
TXN-92967,ACC-1048,116556.22,2026-08-24,SETTLED
TXN-16945,ACC-1248,316651.98,2026-07-13,SETTLED
TXN-52957,ACC-1087,144730.72,2026-08-21,SETTLED
TXN-56342,ACC-1354,62563.65,2026-08-20,PENDING
TXN-45251,ACC-1065,467433.75,2026-08-10,SETTLED
TXN-62496,ACC-1117,412160.05,2026-07-23,SETTLED
TXN-63136,ACC-1270,134864.70,2026-07-25,SETTLED
TXN-71788,ACC-1289,254522.21,2026-07-01,PROCESSING
TXN-42848,ACC-1115,160722.30,2026-08-20,PROCESSING
TXN-68974,ACC-1346,186674.58,2026-08-23,SETTLED
TXN-57404,ACC-1223,264955.91,2026-07-31,SETTLED
TXN-21972,ACC-1111,178922.03,2026-07-17,SETTLED
TXN-49103,ACC-1386,481097.56,2026-07-09,PROCESSING
TXN-89679,ACC-1217,344541.35,2026-08-02,PENDING
TXN-09215,ACC-1307,210579.86,2026-08-01,PENDING
TXN-24268,ACC-1020,94934.08,2026-07-30,SETTLED
TXN-03461,ACC-1394,445144.36,2026-07-13,PROCESSING
TXN-51693,ACC-1039,476443.33,2026-08-28,SETTLED
TXN-87708,ACC-1352,87451.17,2026-07-10,SETTLED
TXN-27833,ACC-1269,110995.53,2026-08-23,PENDING
TXN-40810,ACC-1376,210812.40,2026-07-12,SETTLED
TXN-54395,ACC-1053,17949.65,2026-07-17,SETTLED
TXN-42837,ACC-1239,169510.93,2026-08-03,SETTLED
TXN-04431,ACC-1271,376516.13,2026-07-18,PROCESSING
TXN-69844,ACC-1364,163421.89,2026-07-01,PENDING
TXN-46101,ACC-1140,203344.48,2026-07-16,SETTLED
TXN-81023,ACC-1284,414764.66,2026-07-19,PENDING
TXN-26628,ACC-1344,173780.52,2026-07-13,SETTLED
TXN-05077,ACC-1054,291799.36,2026-08-02,SETTLED
TXN-33131,ACC-1140,376790.44,2026-07-08,PROCESSING
TXN-47456,ACC-1027,236409.99,2026-07-22,SETTLED
TXN-92093,ACC-1209,143707.62,2026-07-31,PENDING
TXN-95038,ACC-1027,24603.37,2026-08-20,SETTLED
TXN-86521,ACC-1203,80779.26,2026-07-23,SETTLED
TXN-67709,ACC-1339,427721.86,2026-08-05,SETTLED
TXN-52342,ACC-1259,440092.70,2026-08-06,SETTLED
TXN-39142,ACC-1035,499113.63,2026-07-20,PROCESSING
TXN-01121,ACC-1155,230739.31,2026-08-09,PENDING
TXN-47987,ACC-1303,371868.74,2026-06-30,PROCESSING
TXN-69060,ACC-1227,403646.28,2026-07-14,SETTLED
TXN-23201,ACC-1060,457482.58,2026-08-02,PENDING
TXN-11131,ACC-1262,174033.55,2026-08-25,SETTLED
TXN-78267,ACC-1353,352972.22,2026-08-29,PENDING
TXN-58951,ACC-1393,6462.51,2026-08-18,SETTLED
TXN-90561,ACC-1241,414146.26,2026-08-02,SETTLED
TXN-71007,ACC-1109,219839.35,2026-08-06,SETTLED
TXN-84239,ACC-1227,38700.49,2026-07-06,SETTLED
TXN-93447,ACC-1145,141968.87,2026-07-22,PENDING
TXN-68247,ACC-1091,125437.37,2026-08-13,PROCESSING
TXN-36978,ACC-1308,246537.13,2026-07-23,PROCESSING
TXN-61098,ACC-1184,45019.37,2026-08-10,SETTLED
TXN-28785,ACC-1035,358010.57,2026-08-19,PENDING
TXN-14382,ACC-1175,176575.83,2026-08-09,PENDING
TXN-35318,ACC-1212,492316.56,2026-08-18,SETTLED
TXN-58629,ACC-1034,262883.13,2026-08-15,SETTLED
TXN-97428,ACC-1365,375555.05,2026-07-05,SETTLED
TXN-32277,ACC-1089,426614.22,2026-08-05,SETTLED
TXN-59418,ACC-1098,183092.36,2026-07-14,PROCESSING
TXN-20107,ACC-1110,238709.52,2026-07-04,SETTLED
TXN-64280,ACC-1124,311713.31,2026-07-28,SETTLED
TXN-65716,ACC-1333,439894.12,2026-07-27,SETTLED
TXN-78034,ACC-1011,446781.80,2026-08-25,PENDING
TXN-37343,ACC-1168,323458.12,2026-08-12,PROCESSING
TXN-92151,ACC-1184,157202.96,2026-07-30,SETTLED
TXN-26110,ACC-1106,296777.18,2026-06-30,SETTLED
TXN-53547,ACC-1377,497635.30,2026-07-13,SETTLED
TXN-26707,ACC-1258,410313.19,2026-07-22,SETTLED
TXN-11818,ACC-1132,33422.61,2026-07-23,SETTLED
TXN-78872,ACC-1142,204495.82,2026-08-12,SETTLED
TXN-59466,ACC-1156,283592.10,2026-08-25,PROCESSING
TXN-61543,ACC-1086,427488.13,2026-07-30,SETTLED
TXN-01392,ACC-1395,151276.56,2026-07-01,SETTLED
TXN-80150,ACC-1021,482550.25,2026-06-30,PENDING
TXN-25473,ACC-1056,154086.90,2026-08-24,SETTLED
TXN-65531,ACC-1156,252266.46,2026-08-23,SETTLED
TXN-09441,ACC-1236,141035.36,2026-07-23,PENDING
TXN-27030,ACC-1204,371555.40,2026-07-31,SETTLED
TXN-44699,ACC-1111,489792.12,2026-08-02,SETTLED
TXN-34604,ACC-1042,362211.49,2026-07-31,SETTLED
TXN-52635,ACC-1036,139385.45,2026-08-29,SETTLED
TXN-24959,ACC-1228,306692.99,2026-07-17,SETTLED
TXN-50936,ACC-1328,494452.11,2026-08-26,SETTLED
TXN-42743,ACC-1301,498764.89,2026-07-18,SETTLED
TXN-78311,ACC-1036,53655.72,2026-08-01,SETTLED
TXN-18602,ACC-1136,398388.10,2026-07-17,PENDING
TXN-42289,ACC-1373,420276.64,2026-06-30,PROCESSING
TXN-52241,ACC-1062,131620.62,2026-08-03,SETTLED
TXN-57458,ACC-1122,369861.56,2026-07-02,SETTLED
TXN-30578,ACC-1041,422220.40,2026-07-07,PENDING
TXN-82546,ACC-1088,128945.56,2026-08-27,SETTLED
TXN-37854,ACC-1046,363364.74,2026-08-26,SETTLED
TXN-83037,ACC-1296,253857.28,2026-07-20,SETTLED
TXN-41047,ACC-1183,358629.38,2026-07-09,PROCESSING
TXN-90591,ACC-1062,399404.23,2026-08-18,SETTLED
TXN-38494,ACC-1244,494417.31,2026-07-01,PENDING
TXN-10044,ACC-1116,39941.60,2026-08-20,PROCESSING
TXN-60495,ACC-1105,145519.46,2026-08-13,SETTLED
TXN-72222,ACC-1084,51125.91,2026-07-30,SETTLED
TXN-14457,ACC-1189,318610.29,2026-07-19,SETTLED
TXN-97431,ACC-1030,76727.19,2026-08-03,SETTLED
TXN-93331,ACC-1034,158629.90,2026-08-04,SETTLED
TXN-25916,ACC-1012,362451.59,2026-07-21,SETTLED
TXN-19832,ACC-1321,105356.49,2026-07-01,SETTLED
TXN-95224,ACC-1345,478433.20,2026-07-25,SETTLED
TXN-18748,ACC-1129,278269.72,2026-07-05,SETTLED
TXN-90988,ACC-1049,442011.46,2026-07-10,SETTLED
TXN-91238,ACC-1127,301863.31,2026-08-03,PENDING
TXN-09445,ACC-1328,320338.29,2026-07-13,SETTLED
TXN-67710,ACC-1295,420804.41,2026-08-05,SETTLED
TXN-02774,ACC-1274,5127.91,2026-08-28,SETTLED
TXN-69700,ACC-1033,392532.14,2026-08-14,SETTLED
TXN-01514,ACC-1020,99683.36,2026-07-11,PROCESSING
TXN-83009,ACC-1007,93181.95,2026-07-30,SETTLED
TXN-69927,ACC-1044,34351.80,2026-07-25,PENDING
TXN-20653,ACC-1368,44651.98,2026-07-09,PENDING
TXN-05999,ACC-1108,488688.33,2026-07-22,SETTLED
TXN-33525,ACC-1063,336826.24,2026-08-10,SETTLED
TXN-33878,ACC-1162,472522.82,2026-07-09,SETTLED
TXN-12891,ACC-1086,207530.22,2026-07-18,SETTLED
TXN-64873,ACC-1302,189982.04,2026-07-24,SETTLED
TXN-51043,ACC-1167,106560.03,2026-07-01,PROCESSING
TXN-95155,ACC-1290,177700.83,2026-08-11,SETTLED
TXN-74684,ACC-1214,302287.84,2026-06-30,SETTLED
TXN-08158,ACC-1295,137373.02,2026-08-08,PROCESSING
TXN-31701,ACC-1196,496065.69,2026-08-23,PROCESSING
TXN-39321,ACC-1188,418663.21,2026-08-26,SETTLED
TXN-27617,ACC-1174,250935.98,2026-07-16,PROCESSING
TXN-57273,ACC-1030,206308.81,2026-07-18,SETTLED
TXN-96884,ACC-1136,275836.61,2026-08-25,SETTLED
TXN-86193,ACC-1294,439875.21,2026-07-17,SETTLED
TXN-11370,ACC-1300,378039.59,2026-08-13,SETTLED
TXN-72538,ACC-1398,490251.27,2026-07-27,SETTLED
TXN-57844,ACC-1065,443259.69,2026-08-03,SETTLED
TXN-72625,ACC-1035,493026.27,2026-06-30,SETTLED
TXN-19190,ACC-1378,153697.57,2026-08-19,SETTLED
TXN-55533,ACC-1009,368587.72,2026-07-19,PENDING
TXN-49035,ACC-1096,63123.02,2026-08-28,SETTLED
TXN-36380,ACC-1342,185430.86,2026-08-05,SETTLED
TXN-02208,ACC-1250,205038.27,2026-08-02,SETTLED
TXN-79686,ACC-1294,453243.96,2026-08-22,SETTLED
TXN-55962,ACC-1392,40823.46,2026-08-11,PENDING
TXN-79473,ACC-1126,130172.48,2026-07-06,SETTLED
TXN-45044,ACC-1017,356065.20,2026-08-21,PROCESSING
TXN-62219,ACC-1204,350032.52,2026-07-29,PENDING
TXN-80615,ACC-1309,93383.74,2026-08-24,SETTLED
TXN-44317,ACC-1364,374383.62,2026-08-05,SETTLED
TXN-65770,ACC-1381,441644.60,2026-08-23,SETTLED
TXN-24915,ACC-1225,366965.70,2026-07-20,PROCESSING
TXN-63484,ACC-1263,68820.67,2026-07-05,SETTLED
TXN-12963,ACC-1277,54903.51,2026-08-09,SETTLED
TXN-05723,ACC-1142,70479.20,2026-08-11,SETTLED
TXN-63268,ACC-1315,336364.21,2026-07-21,SETTLED
TXN-21785,ACC-1181,301716.87,2026-08-07,SETTLED
TXN-30103,ACC-1342,41442.31,2026-08-24,SETTLED
TXN-57508,ACC-1052,421932.67,2026-07-15,PROCESSING
TXN-30970,ACC-1395,311945.68,2026-07-16,SETTLED
TXN-85858,ACC-1380,287980.01,2026-08-08,SETTLED
TXN-34669,ACC-1135,193813.88,2026-08-14,SETTLED
TXN-46103,ACC-1374,426643.33,2026-07-11,PENDING
TXN-49006,ACC-1322,481171.92,2026-07-29,SETTLED
TXN-13457,ACC-1283,428266.41,2026-06-30,PROCESSING
TXN-03670,ACC-1098,78284.68,2026-07-31,SETTLED
TXN-09539,ACC-1217,187989.44,2026-08-21,PENDING
TXN-25209,ACC-1210,254154.34,2026-08-14,SETTLED
TXN-31895,ACC-1227,496502.42,2026-08-11,PENDING
TXN-92555,ACC-1377,157548.84,2026-08-23,PENDING
TXN-57304,ACC-1140,356233.53,2026-08-04,SETTLED
TXN-34832,ACC-1340,130630.81,2026-08-13,PENDING
TXN-31541,ACC-1219,286975.91,2026-08-19,SETTLED
TXN-43512,ACC-1322,217210.40,2026-08-03,PENDING
TXN-42845,ACC-1142,315523.13,2026-08-27,SETTLED
TXN-95847,ACC-1294,283720.92,2026-08-25,PENDING
TXN-06705,ACC-1259,288825.30,2026-08-14,SETTLED
TXN-29379,ACC-1307,133842.69,2026-07-05,PENDING
TXN-33263,ACC-1394,67211.53,2026-07-08,SETTLED
TXN-24606,ACC-1084,458985.56,2026-08-13,PROCESSING
TXN-14074,ACC-1270,359771.21,2026-07-30,PENDING
TXN-45406,ACC-1048,307892.11,2026-07-18,SETTLED
TXN-87764,ACC-1116,50938.92,2026-08-20,PROCESSING
TXN-29145,ACC-1032,267348.96,2026-08-25,SETTLED
TXN-30872,ACC-1262,195595.61,2026-08-22,SETTLED
TXN-28791,ACC-1154,118178.31,2026-08-26,PENDING
TXN-62657,ACC-1267,62394.38,2026-07-22,PENDING
TXN-96751,ACC-1239,324865.22,2026-08-20,SETTLED
TXN-31657,ACC-1286,334693.05,2026-07-19,SETTLED
TXN-21376,ACC-1350,60410.07,2026-08-24,SETTLED
TXN-79216,ACC-1302,433654.22,2026-08-13,SETTLED
TXN-60252,ACC-1293,455684.44,2026-07-26,PROCESSING
TXN-39633,ACC-1145,181860.59,2026-06-30,SETTLED
TXN-64218,ACC-1300,312370.24,2026-07-12,SETTLED
TXN-06915,ACC-1086,374365.81,2026-08-04,SETTLED
TXN-05323,ACC-1250,58564.09,2026-07-29,PENDING
TXN-68079,ACC-1010,404838.09,2026-07-09,SETTLED
TXN-66047,ACC-1175,72002.21,2026-07-25,SETTLED
TXN-25501,ACC-1033,347957.80,2026-08-17,SETTLED
TXN-03334,ACC-1312,13653.00,2026-07-15,PENDING
TXN-49358,ACC-1395,420752.63,2026-08-22,SETTLED
TXN-25041,ACC-1225,375451.00,2026-08-16,PROCESSING
TXN-07881,ACC-1278,143608.50,2026-08-09,PROCESSING
TXN-76551,ACC-1097,343128.00,2026-07-09,SETTLED
TXN-92769,ACC-1122,164004.83,2026-07-02,PROCESSING
TXN-21999,ACC-1151,304826.92,2026-07-18,PENDING
TXN-65001,ACC-1089,368512.02,2026-07-02,SETTLED
TXN-79687,ACC-1238,290886.44,2026-08-16,SETTLED
TXN-35755,ACC-1182,423360.78,2026-07-24,SETTLED
TXN-91816,ACC-1286,126568.03,2026-08-05,SETTLED
TXN-26501,ACC-1202,241571.52,2026-08-13,SETTLED
TXN-52377,ACC-1209,269720.15,2026-07-30,PROCESSING
TXN-57838,ACC-1156,499356.11,2026-08-04,PROCESSING
TXN-77211,ACC-1191,223632.53,2026-07-31,PENDING
TXN-07746,ACC-1261,359946.92,2026-07-13,PENDING
TXN-06959,ACC-1125,136670.95,2026-08-07,PROCESSING
TXN-72039,ACC-1073,378639.14,2026-07-21,SETTLED
TXN-87307,ACC-1312,328361.88,2026-07-02,SETTLED
TXN-94328,ACC-1025,370878.37,2026-08-10,PENDING
TXN-39251,ACC-1216,398527.02,2026-08-16,SETTLED
TXN-76848,ACC-1077,234081.72,2026-07-17,SETTLED
TXN-81808,ACC-1298,377243.19,2026-07-29,SETTLED
TXN-05835,ACC-1157,333040.58,2026-07-13,SETTLED
TXN-59607,ACC-1122,319965.83,2026-08-10,PENDING
TXN-61244,ACC-1016,59273.34,2026-07-24,PROCESSING
TXN-97335,ACC-1285,344616.27,2026-07-15,SETTLED
TXN-94184,ACC-1334,361312.04,2026-06-30,SETTLED
TXN-69368,ACC-1227,287840.10,2026-07-18,PENDING
TXN-73466,ACC-1006,482629.64,2026-07-31,PENDING
TXN-90541,ACC-1098,237323.16,2026-07-16,SETTLED
TXN-19914,ACC-1383,343734.40,2026-07-08,SETTLED
TXN-11936,ACC-1139,253431.20,2026-08-07,PENDING
TXN-03775,ACC-1020,15467.08,2026-08-18,PROCESSING
TXN-72990,ACC-1262,30726.78,2026-07-05,PROCESSING
TXN-47568,ACC-1210,167380.99,2026-08-08,PROCESSING
TXN-94523,ACC-1017,146678.31,2026-07-14,SETTLED
TXN-54397,ACC-1349,194808.36,2026-07-28,SETTLED
TXN-79103,ACC-1042,443095.04,2026-08-02,SETTLED
TXN-29090,ACC-1178,248499.58,2026-08-20,SETTLED
TXN-63675,ACC-1267,292168.20,2026-07-05,PROCESSING
TXN-63955,ACC-1053,325690.82,2026-07-28,PROCESSING
TXN-12516,ACC-1124,207559.25,2026-08-02,SETTLED
TXN-05558,ACC-1191,337037.19,2026-07-22,PENDING
TXN-51482,ACC-1114,445271.12,2026-07-26,PENDING
TXN-27290,ACC-1067,40264.76,2026-08-24,SETTLED
TXN-12786,ACC-1306,290657.07,2026-07-27,PENDING
TXN-23288,ACC-1264,381580.98,2026-08-19,SETTLED
TXN-09393,ACC-1069,349936.80,2026-08-01,PENDING
TXN-94426,ACC-1272,371124.31,2026-07-06,PENDING
TXN-69808,ACC-1017,270666.13,2026-08-26,SETTLED
TXN-36566,ACC-1385,19781.11,2026-07-07,SETTLED
TXN-26201,ACC-1123,475553.41,2026-07-30,SETTLED
TXN-04870,ACC-1145,87768.40,2026-07-30,SETTLED
TXN-63441,ACC-1304,416837.85,2026-07-14,SETTLED
TXN-01420,ACC-1223,87804.53,2026-07-04,SETTLED
TXN-42334,ACC-1140,114784.26,2026-07-08,SETTLED
TXN-95021,ACC-1233,274126.78,2026-06-30,PROCESSING
TXN-02585,ACC-1175,181751.99,2026-08-13,PENDING
TXN-16033,ACC-1389,295506.27,2026-07-08,SETTLED
TXN-25714,ACC-1396,76472.43,2026-06-30,SETTLED
TXN-44784,ACC-1375,226749.74,2026-08-28,PENDING
TXN-67760,ACC-1068,104859.15,2026-08-02,SETTLED
TXN-66315,ACC-1122,55806.66,2026-08-06,SETTLED
TXN-62633,ACC-1263,387990.48,2026-07-04,SETTLED
TXN-99613,ACC-1176,488089.82,2026-07-29,SETTLED
TXN-06003,ACC-1295,304261.79,2026-08-21,PENDING
TXN-80207,ACC-1018,378118.99,2026-08-09,SETTLED
TXN-72941,ACC-1344,245093.38,2026-07-19,SETTLED
TXN-10316,ACC-1043,257384.81,2026-07-25,SETTLED
TXN-68459,ACC-1128,299289.15,2026-08-13,PENDING
TXN-91507,ACC-1090,112067.59,2026-07-01,PROCESSING
TXN-33220,ACC-1062,38031.61,2026-08-26,PENDING
TXN-66600,ACC-1348,244722.08,2026-08-14,SETTLED
TXN-28467,ACC-1318,54473.11,2026-07-16,PENDING
TXN-38563,ACC-1301,365934.89,2026-08-01,SETTLED
TXN-22262,ACC-1385,483017.80,2026-08-03,PENDING
TXN-63853,ACC-1269,114029.88,2026-08-04,SETTLED
TXN-87712,ACC-1008,137495.09,2026-08-07,PENDING
TXN-52225,ACC-1222,296972.68,2026-07-25,SETTLED
TXN-94902,ACC-1215,109989.79,2026-08-11,PROCESSING
TXN-79379,ACC-1202,170278.23,2026-07-31,PENDING
TXN-48244,ACC-1067,70414.39,2026-07-03,SETTLED
TXN-31601,ACC-1098,19122.53,2026-07-27,SETTLED
TXN-59569,ACC-1313,115716.88,2026-07-03,PROCESSING
TXN-81425,ACC-1255,23027.34,2026-06-30,SETTLED
TXN-71718,ACC-1248,218224.71,2026-08-26,SETTLED
TXN-67161,ACC-1009,105093.51,2026-08-01,PENDING
TXN-34970,ACC-1089,402254.93,2026-08-14,SETTLED
TXN-64206,ACC-1045,72143.06,2026-08-01,PROCESSING
TXN-86199,ACC-1029,258631.70,2026-08-24,SETTLED
TXN-02590,ACC-1286,283202.56,2026-07-10,SETTLED
TXN-85341,ACC-1362,35344.29,2026-08-10,SETTLED
TXN-01080,ACC-1159,262839.36,2026-07-01,SETTLED
TXN-44239,ACC-1371,234785.95,2026-07-30,SETTLED
TXN-87720,ACC-1389,253010.21,2026-07-16,SETTLED
TXN-29164,ACC-1148,177707.90,2026-08-04,SETTLED
TXN-23418,ACC-1113,161177.93,2026-08-04,PROCESSING
TXN-57429,ACC-1372,162029.49,2026-08-04,PENDING
TXN-88003,ACC-1256,340904.01,2026-07-26,PROCESSING
TXN-05994,ACC-1007,177274.87,2026-08-09,SETTLED
TXN-28974,ACC-1204,378858.90,2026-08-03,SETTLED
TXN-84572,ACC-1249,193637.69,2026-08-03,SETTLED
TXN-70174,ACC-1012,202624.93,2026-08-29,PROCESSING
TXN-84702,ACC-1107,18773.43,2026-07-31,SETTLED
TXN-10560,ACC-1394,377420.82,2026-07-13,SETTLED
TXN-26689,ACC-1322,366949.46,2026-07-04,SETTLED
TXN-61320,ACC-1328,483636.03,2026-07-21,SETTLED
TXN-58433,ACC-1137,301848.33,2026-07-03,PROCESSING
TXN-40554,ACC-1357,137179.57,2026-08-15,SETTLED
TXN-52625,ACC-1117,323426.76,2026-07-27,SETTLED
TXN-24599,ACC-1242,332378.88,2026-07-05,SETTLED
TXN-95687,ACC-1139,87588.48,2026-07-03,SETTLED
TXN-87831,ACC-1087,395206.06,2026-07-08,SETTLED
TXN-29294,ACC-1044,222297.66,2026-07-29,SETTLED
TXN-24122,ACC-1219,167672.18,2026-07-08,SETTLED
TXN-97529,ACC-1275,260978.75,2026-08-13,SETTLED
TXN-77775,ACC-1300,347393.82,2026-07-26,SETTLED
TXN-93094,ACC-1198,167953.58,2026-08-13,SETTLED
TXN-29475,ACC-1120,191674.16,2026-07-14,SETTLED
TXN-14585,ACC-1182,86291.96,2026-08-09,SETTLED
TXN-15109,ACC-1390,306244.33,2026-08-08,SETTLED
TXN-40830,ACC-1224,27566.79,2026-07-19,SETTLED
TXN-84420,ACC-1295,184400.76,2026-07-11,PENDING
TXN-91204,ACC-1254,192413.60,2026-08-05,SETTLED
TXN-81294,ACC-1179,126794.22,2026-07-13,SETTLED
TXN-30053,ACC-1324,330947.12,2026-08-02,SETTLED
TXN-45635,ACC-1089,215716.56,2026-07-10,SETTLED
TXN-99140,ACC-1036,467836.19,2026-07-17,SETTLED
TXN-66262,ACC-1220,73662.84,2026-07-06,PENDING
TXN-10187,ACC-1380,69564.73,2026-08-04,SETTLED
TXN-62555,ACC-1122,464681.29,2026-08-29,SETTLED
TXN-51519,ACC-1244,6174.63,2026-07-24,SETTLED
TXN-74334,ACC-1383,376249.13,2026-07-30,PROCESSING
TXN-76726,ACC-1324,246469.65,2026-08-03,PENDING
TXN-52680,ACC-1109,153123.84,2026-07-25,SETTLED
TXN-26027,ACC-1103,74144.20,2026-07-13,PENDING
TXN-51874,ACC-1347,333638.10,2026-08-14,SETTLED
TXN-67291,ACC-1223,85126.76,2026-07-13,PENDING
TXN-21824,ACC-1108,237388.74,2026-08-24,PROCESSING
TXN-96449,ACC-1042,414482.48,2026-07-17,SETTLED
TXN-94491,ACC-1002,485142.64,2026-08-04,SETTLED
TXN-70007,ACC-1151,179797.49,2026-07-08,SETTLED
TXN-82829,ACC-1309,219539.11,2026-07-20,PROCESSING
TXN-40170,ACC-1090,474717.76,2026-07-19,PENDING
TXN-26464,ACC-1031,37177.34,2026-08-24,SETTLED
TXN-38891,ACC-1145,274152.27,2026-08-19,SETTLED
TXN-13434,ACC-1188,367839.86,2026-08-24,SETTLED
TXN-74024,ACC-1274,464859.31,2026-07-19,SETTLED
TXN-49748,ACC-1283,386160.25,2026-08-17,SETTLED
TXN-97552,ACC-1260,373775.54,2026-07-19,PROCESSING
TXN-52179,ACC-1173,241186.38,2026-08-10,PENDING
TXN-30282,ACC-1204,120926.27,2026-07-30,SETTLED
TXN-57323,ACC-1311,11492.57,2026-08-08,PENDING
TXN-71115,ACC-1178,400848.51,2026-08-19,PENDING
TXN-41512,ACC-1291,229446.45,2026-08-26,PROCESSING
TXN-35835,ACC-1206,168629.14,2026-08-24,SETTLED
TXN-87558,ACC-1241,79478.06,2026-08-14,SETTLED
TXN-42995,ACC-1270,355394.80,2026-08-19,PROCESSING
TXN-11801,ACC-1362,240382.00,2026-08-03,PROCESSING
TXN-30193,ACC-1389,51699.92,2026-08-22,SETTLED
TXN-52030,ACC-1048,264557.51,2026-07-26,SETTLED
TXN-06048,ACC-1116,193868.59,2026-07-15,PROCESSING
TXN-22977,ACC-1309,458703.32,2026-07-02,SETTLED
TXN-73343,ACC-1230,257076.44,2026-08-14,PROCESSING
TXN-47259,ACC-1040,213681.61,2026-07-03,SETTLED
TXN-91456,ACC-1182,117349.55,2026-08-04,SETTLED
TXN-78208,ACC-1056,131707.33,2026-07-25,PENDING
TXN-76836,ACC-1028,48945.59,2026-08-14,SETTLED
TXN-39310,ACC-1154,495161.08,2026-08-06,PROCESSING
TXN-93301,ACC-1255,44356.77,2026-08-03,SETTLED
TXN-02503,ACC-1048,156122.18,2026-08-21,SETTLED
TXN-60106,ACC-1370,226746.94,2026-08-10,SETTLED
TXN-96932,ACC-1025,294906.90,2026-07-08,PROCESSING
TXN-23803,ACC-1231,160101.12,2026-07-28,SETTLED
TXN-33554,ACC-1365,152172.98,2026-08-28,SETTLED
TXN-64796,ACC-1192,223867.29,2026-08-23,SETTLED
TXN-86416,ACC-1137,309149.64,2026-08-12,SETTLED
TXN-58222,ACC-1155,256827.03,2026-08-09,SETTLED
TXN-19306,ACC-1075,18548.09,2026-07-11,PENDING
TXN-07337,ACC-1289,277197.17,2026-07-18,SETTLED
TXN-26731,ACC-1008,407033.52,2026-07-29,PROCESSING
TXN-78243,ACC-1131,350813.34,2026-07-28,SETTLED
TXN-04413,ACC-1268,284392.20,2026-07-24,SETTLED
TXN-74800,ACC-1353,155343.62,2026-07-18,PENDING
TXN-74528,ACC-1263,487141.44,2026-08-24,SETTLED
TXN-90806,ACC-1335,97817.92,2026-08-03,SETTLED
TXN-79234,ACC-1298,448004.45,2026-08-16,PROCESSING
TXN-93162,ACC-1077,255622.56,2026-07-31,SETTLED
TXN-96721,ACC-1249,272428.34,2026-07-08,SETTLED
TXN-48829,ACC-1103,66369.55,2026-08-15,SETTLED
TXN-87333,ACC-1006,119110.91,2026-07-30,SETTLED
TXN-18485,ACC-1126,125740.29,2026-07-23,PENDING
TXN-33799,ACC-1175,442224.43,2026-08-28,PENDING
TXN-70876,ACC-1097,437444.90,2026-08-01,PROCESSING
TXN-90279,ACC-1261,479753.33,2026-08-15,SETTLED
TXN-98656,ACC-1134,438426.84,2026-07-31,SETTLED
TXN-31354,ACC-1053,299185.81,2026-07-28,PROCESSING
TXN-88740,ACC-1268,443911.56,2026-08-04,SETTLED
TXN-76245,ACC-1122,54974.41,2026-07-14,PROCESSING
TXN-34933,ACC-1104,198782.48,2026-08-11,SETTLED
TXN-14535,ACC-1344,104806.91,2026-07-18,PENDING
TXN-94476,ACC-1026,127004.36,2026-07-05,PROCESSING
TXN-05416,ACC-1138,196746.82,2026-07-11,SETTLED
TXN-50580,ACC-1067,401628.60,2026-07-02,PENDING
TXN-73181,ACC-1250,192052.92,2026-08-29,PENDING
TXN-31750,ACC-1212,237179.62,2026-08-13,PROCESSING
TXN-83045,ACC-1024,102067.92,2026-08-16,SETTLED
TXN-48814,ACC-1366,98599.68,2026-07-13,SETTLED
TXN-65573,ACC-1222,311445.59,2026-06-30,SETTLED
TXN-37244,ACC-1126,161767.74,2026-06-30,SETTLED
TXN-77420,ACC-1193,137201.45,2026-08-25,SETTLED
TXN-97848,ACC-1230,454443.06,2026-08-26,PROCESSING
TXN-44250,ACC-1004,219737.69,2026-08-22,SETTLED
TXN-49485,ACC-1086,471527.14,2026-07-25,PROCESSING
TXN-93429,ACC-1268,14537.31,2026-07-18,SETTLED
TXN-23917,ACC-1223,112680.56,2026-08-29,SETTLED
TXN-02454,ACC-1127,493557.71,2026-07-28,PROCESSING
TXN-48870,ACC-1025,282430.34,2026-08-03,SETTLED
TXN-99827,ACC-1308,322480.10,2026-07-16,SETTLED
TXN-50575,ACC-1325,207529.38,2026-07-22,SETTLED
TXN-38234,ACC-1099,63031.00,2026-08-23,PENDING
TXN-14209,ACC-1084,93279.76,2026-08-03,SETTLED
TXN-03399,ACC-1180,190034.15,2026-08-15,PROCESSING
TXN-55155,ACC-1099,238772.33,2026-08-16,PENDING
TXN-89452,ACC-1164,240939.96,2026-07-12,PENDING
TXN-59843,ACC-1361,310750.52,2026-07-29,PENDING
TXN-81771,ACC-1369,122249.88,2026-07-04,SETTLED
TXN-20104,ACC-1273,355730.93,2026-07-04,SETTLED
TXN-85860,ACC-1314,53369.03,2026-07-11,SETTLED
TXN-04309,ACC-1398,73235.28,2026-07-03,PENDING
TXN-43620,ACC-1130,436901.62,2026-07-24,SETTLED
TXN-78462,ACC-1310,291051.84,2026-07-25,SETTLED
TXN-82027,ACC-1301,109984.39,2026-08-16,PENDING
TXN-81649,ACC-1018,386575.54,2026-07-03,PROCESSING
TXN-09218,ACC-1188,370771.83,2026-08-13,SETTLED
TXN-29750,ACC-1372,81520.93,2026-07-24,SETTLED
TXN-24362,ACC-1314,334256.79,2026-08-13,SETTLED
TXN-59343,ACC-1060,66490.67,2026-08-12,PENDING
TXN-94343,ACC-1175,376608.39,2026-07-28,SETTLED
TXN-69834,ACC-1193,64443.59,2026-07-29,PROCESSING
TXN-43307,ACC-1013,410371.39,2026-08-11,PROCESSING
TXN-77774,ACC-1381,53835.53,2026-07-28,PROCESSING
TXN-54871,ACC-1328,372278.49,2026-07-10,SETTLED
TXN-06351,ACC-1079,297042.74,2026-08-23,PROCESSING
TXN-45437,ACC-1385,438529.38,2026-07-26,SETTLED
TXN-99156,ACC-1130,22688.82,2026-07-19,SETTLED
TXN-46892,ACC-1290,137919.34,2026-07-01,PROCESSING
TXN-93693,ACC-1104,37723.71,2026-08-25,SETTLED
TXN-59005,ACC-1018,443335.65,2026-07-29,PENDING
TXN-88762,ACC-1012,440396.93,2026-07-02,SETTLED
TXN-20453,ACC-1350,439241.65,2026-07-09,SETTLED
TXN-42810,ACC-1126,250234.92,2026-08-14,SETTLED
TXN-85415,ACC-1293,379986.98,2026-07-02,PROCESSING
TXN-51687,ACC-1228,54203.66,2026-07-05,SETTLED
TXN-09656,ACC-1303,323979.39,2026-08-25,PROCESSING
TXN-26857,ACC-1269,147155.82,2026-07-12,PENDING
TXN-88852,ACC-1399,352430.34,2026-08-18,SETTLED
TXN-94842,ACC-1101,84434.24,2026-08-06,SETTLED
TXN-71776,ACC-1144,23973.35,2026-07-08,SETTLED
TXN-12872,ACC-1127,249057.86,2026-08-19,PENDING
TXN-57930,ACC-1248,355257.31,2026-08-02,PENDING
TXN-63554,ACC-1126,54135.98,2026-08-23,PENDING
TXN-80890,ACC-1162,36022.23,2026-07-11,SETTLED
TXN-38086,ACC-1208,403942.10,2026-08-06,SETTLED
TXN-93643,ACC-1353,370000.79,2026-08-28,SETTLED
TXN-36925,ACC-1242,301415.03,2026-08-24,SETTLED
TXN-49209,ACC-1116,280992.24,2026-06-30,SETTLED
TXN-73863,ACC-1362,145534.88,2026-08-04,SETTLED
TXN-74353,ACC-1338,40068.09,2026-07-13,SETTLED
TXN-16656,ACC-1226,197547.57,2026-07-01,SETTLED
TXN-90808,ACC-1158,21336.76,2026-07-17,SETTLED
TXN-56495,ACC-1306,337257.42,2026-08-01,PROCESSING
TXN-85351,ACC-1300,167977.88,2026-08-11,SETTLED
TXN-83235,ACC-1138,245517.71,2026-07-05,SETTLED
TXN-13107,ACC-1246,295293.34,2026-07-04,SETTLED
TXN-12784,ACC-1391,32772.08,2026-07-08,SETTLED
TXN-22905,ACC-1278,347053.11,2026-08-23,PROCESSING
TXN-10475,ACC-1324,281319.90,2026-07-24,SETTLED
TXN-40972,ACC-1211,291761.84,2026-07-25,PENDING
TXN-51549,ACC-1137,249228.02,2026-08-16,SETTLED
TXN-07643,ACC-1334,261013.34,2026-08-13,PENDING
TXN-96119,ACC-1097,209042.10,2026-08-22,SETTLED
TXN-59452,ACC-1264,38276.82,2026-08-24,SETTLED
TXN-58962,ACC-1111,337117.07,2026-07-03,SETTLED
TXN-50679,ACC-1162,86202.01,2026-07-13,SETTLED
TXN-96905,ACC-1168,209697.41,2026-07-29,PROCESSING
TXN-64754,ACC-1378,107806.76,2026-07-10,SETTLED
TXN-60387,ACC-1116,407080.72,2026-08-20,PROCESSING
TXN-76400,ACC-1349,410863.54,2026-07-22,SETTLED
TXN-32953,ACC-1196,131048.80,2026-07-30,SETTLED
TXN-14766,ACC-1332,305486.21,2026-08-09,SETTLED
TXN-66750,ACC-1125,11228.34,2026-07-10,PROCESSING
TXN-82865,ACC-1172,14054.31,2026-07-20,SETTLED
TXN-14632,ACC-1096,20046.46,2026-08-06,SETTLED
TXN-49132,ACC-1341,307028.38,2026-07-29,SETTLED
TXN-10312,ACC-1321,61718.18,2026-08-16,PENDING
TXN-79993,ACC-1330,452766.52,2026-08-02,PROCESSING
TXN-32206,ACC-1379,52419.07,2026-08-01,SETTLED
TXN-29375,ACC-1164,306206.81,2026-08-24,SETTLED
TXN-32163,ACC-1029,144670.21,2026-08-05,SETTLED
TXN-87014,ACC-1150,150706.22,2026-08-21,SETTLED
TXN-17881,ACC-1134,38588.63,2026-07-01,PENDING
TXN-82459,ACC-1310,245391.50,2026-08-10,SETTLED
TXN-58591,ACC-1207,308916.41,2026-07-10,SETTLED
TXN-11942,ACC-1155,358417.17,2026-07-11,SETTLED
TXN-56564,ACC-1305,34120.50,2026-08-07,PENDING
TXN-71326,ACC-1236,160554.54,2026-08-29,SETTLED
TXN-23971,ACC-1088,380435.96,2026-07-25,PENDING
TXN-46102,ACC-1212,103934.42,2026-07-18,SETTLED
TXN-18391,ACC-1122,140330.96,2026-08-15,PENDING
TXN-17641,ACC-1287,51236.60,2026-08-20,SETTLED
TXN-13953,ACC-1332,57710.45,2026-08-28,SETTLED
TXN-25797,ACC-1195,77592.60,2026-08-08,SETTLED
TXN-27221,ACC-1218,159655.16,2026-07-09,PENDING
TXN-66273,ACC-1014,111167.18,2026-08-03,PROCESSING
TXN-02839,ACC-1152,5003.28,2026-08-04,PROCESSING
TXN-91805,ACC-1230,84539.95,2026-08-07,PENDING
TXN-13703,ACC-1236,97532.93,2026-07-19,SETTLED
TXN-15004,ACC-1064,58618.94,2026-08-01,SETTLED
TXN-51480,ACC-1386,192082.67,2026-07-09,SETTLED
TXN-68250,ACC-1077,472360.13,2026-07-29,SETTLED
TXN-93164,ACC-1165,36494.47,2026-08-27,PENDING
TXN-85292,ACC-1304,407757.51,2026-08-13,SETTLED
TXN-87432,ACC-1250,474112.86,2026-08-04,SETTLED
TXN-57706,ACC-1107,177707.53,2026-08-14,SETTLED
TXN-64583,ACC-1223,299794.68,2026-06-30,PROCESSING
TXN-94020,ACC-1344,156824.89,2026-07-27,SETTLED
TXN-05422,ACC-1166,460157.27,2026-08-25,PROCESSING
TXN-39647,ACC-1044,464438.29,2026-07-29,PROCESSING
TXN-26493,ACC-1041,419137.52,2026-07-31,SETTLED
TXN-06765,ACC-1309,244238.51,2026-08-17,SETTLED
TXN-69711,ACC-1313,471452.68,2026-08-20,SETTLED
TXN-72298,ACC-1227,99922.15,2026-07-09,SETTLED
TXN-72582,ACC-1178,62261.20,2026-08-11,SETTLED
TXN-52893,ACC-1377,118226.00,2026-07-15,PENDING
TXN-52310,ACC-1164,396119.75,2026-07-02,SETTLED
TXN-63067,ACC-1150,347665.75,2026-08-18,SETTLED
TXN-20994,ACC-1005,263218.11,2026-08-04,SETTLED
TXN-41197,ACC-1070,260571.10,2026-08-23,SETTLED
TXN-79079,ACC-1280,376786.61,2026-07-17,SETTLED
TXN-92435,ACC-1280,267550.86,2026-07-13,SETTLED
TXN-48184,ACC-1242,387038.66,2026-07-09,PROCESSING
TXN-78662,ACC-1209,455169.84,2026-07-08,PENDING
TXN-25956,ACC-1187,462730.28,2026-07-14,SETTLED
TXN-43116,ACC-1034,367341.90,2026-08-15,SETTLED
TXN-71073,ACC-1024,253331.23,2026-06-30,SETTLED
TXN-62395,ACC-1023,282964.35,2026-08-15,PENDING
TXN-75206,ACC-1040,367663.27,2026-07-30,SETTLED
TXN-08102,ACC-1325,340454.91,2026-07-09,SETTLED
TXN-20325,ACC-1132,146071.79,2026-07-05,PROCESSING
TXN-26128,ACC-1304,277343.36,2026-08-22,SETTLED
TXN-01950,ACC-1380,354478.09,2026-07-16,PROCESSING
TXN-80745,ACC-1120,327622.10,2026-07-28,PENDING
TXN-39395,ACC-1149,88606.70,2026-08-03,SETTLED
TXN-77214,ACC-1376,189384.66,2026-08-28,SETTLED
TXN-76841,ACC-1039,66659.81,2026-08-09,SETTLED
TXN-48521,ACC-1205,177315.69,2026-08-02,SETTLED
TXN-11621,ACC-1011,278616.34,2026-08-19,PROCESSING
TXN-06347,ACC-1264,121505.44,2026-08-02,PROCESSING
TXN-37185,ACC-1025,304390.42,2026-08-05,PROCESSING
TXN-17991,ACC-1176,166456.33,2026-08-07,PENDING
TXN-13039,ACC-1196,375055.40,2026-08-17,SETTLED
TXN-36627,ACC-1163,80694.91,2026-07-02,SETTLED
TXN-95435,ACC-1215,42289.21,2026-07-24,PROCESSING
TXN-08271,ACC-1380,97295.82,2026-07-28,SETTLED
TXN-80877,ACC-1353,30970.39,2026-08-09,PENDING
TXN-48068,ACC-1218,71283.88,2026-08-27,SETTLED
TXN-93354,ACC-1192,276221.86,2026-08-17,PENDING
TXN-27754,ACC-1197,455593.01,2026-08-19,SETTLED
TXN-48313,ACC-1162,66618.25,2026-07-13,SETTLED
TXN-42299,ACC-1117,162032.77,2026-08-16,SETTLED
TXN-71161,ACC-1098,333576.38,2026-08-21,SETTLED
TXN-81010,ACC-1149,94994.65,2026-07-22,SETTLED
TXN-82354,ACC-1009,6253.50,2026-07-16,SETTLED
TXN-44322,ACC-1252,212849.92,2026-08-04,PROCESSING
TXN-63151,ACC-1334,131216.39,2026-08-09,PROCESSING
TXN-75059,ACC-1080,447357.27,2026-07-28,SETTLED
TXN-66080,ACC-1278,378829.53,2026-07-31,SETTLED
TXN-89377,ACC-1021,467635.69,2026-07-24,SETTLED
TXN-49032,ACC-1293,315553.48,2026-08-19,SETTLED
TXN-19666,ACC-1112,194083.54,2026-07-10,SETTLED
TXN-20530,ACC-1130,171156.43,2026-07-20,SETTLED
TXN-62371,ACC-1043,184407.98,2026-08-18,PENDING
TXN-21425,ACC-1177,190110.18,2026-08-09,SETTLED
TXN-78439,ACC-1297,328068.84,2026-07-29,SETTLED
TXN-83096,ACC-1250,249292.85,2026-08-24,SETTLED
TXN-10454,ACC-1136,363258.36,2026-07-12,PROCESSING
TXN-69206,ACC-1030,388755.49,2026-08-19,PENDING
TXN-69586,ACC-1059,391181.89,2026-08-28,PENDING
TXN-95737,ACC-1392,9258.53,2026-08-02,SETTLED
TXN-73914,ACC-1063,349323.44,2026-07-25,SETTLED
TXN-60465,ACC-1107,388607.14,2026-07-27,SETTLED
TXN-51929,ACC-1104,200875.83,2026-07-14,PROCESSING
TXN-20021,ACC-1227,278488.64,2026-08-16,SETTLED
TXN-51830,ACC-1329,137620.29,2026-07-27,PROCESSING
TXN-54314,ACC-1030,154594.53,2026-07-24,SETTLED
TXN-25270,ACC-1093,208376.08,2026-08-05,SETTLED
TXN-32336,ACC-1187,236334.54,2026-07-18,SETTLED
TXN-96198,ACC-1355,397092.83,2026-07-04,PENDING
TXN-30101,ACC-1308,64065.84,2026-08-10,PROCESSING
TXN-24978,ACC-1348,10255.52,2026-08-27,SETTLED
TXN-67149,ACC-1134,55603.17,2026-07-29,SETTLED
TXN-58355,ACC-1106,147018.38,2026-08-06,SETTLED
TXN-82086,ACC-1365,386749.85,2026-08-06,SETTLED
TXN-46755,ACC-1359,98213.74,2026-08-16,PENDING
TXN-72075,ACC-1271,151296.83,2026-07-30,SETTLED
TXN-17286,ACC-1088,110457.26,2026-08-20,SETTLED
TXN-09840,ACC-1266,258897.76,2026-07-02,PENDING
TXN-60679,ACC-1316,191351.21,2026-08-26,SETTLED
TXN-61716,ACC-1062,119129.57,2026-07-08,SETTLED
TXN-17711,ACC-1306,330798.87,2026-08-05,SETTLED
TXN-38705,ACC-1307,484730.14,2026-07-21,SETTLED
TXN-53283,ACC-1125,165960.22,2026-07-22,SETTLED
TXN-08646,ACC-1353,453563.06,2026-08-23,SETTLED
TXN-63010,ACC-1299,152504.88,2026-07-01,SETTLED
TXN-10299,ACC-1304,156191.49,2026-08-12,PROCESSING
TXN-21566,ACC-1197,497845.61,2026-07-31,PROCESSING
TXN-59596,ACC-1241,323093.76,2026-07-31,SETTLED
TXN-59489,ACC-1340,185173.30,2026-07-15,SETTLED
TXN-72593,ACC-1100,115201.84,2026-08-26,PENDING
TXN-97380,ACC-1379,30480.25,2026-07-02,SETTLED
TXN-29993,ACC-1070,436014.32,2026-07-30,SETTLED
TXN-20393,ACC-1072,482689.07,2026-07-31,SETTLED
TXN-97255,ACC-1032,317144.08,2026-08-09,PENDING
TXN-27056,ACC-1204,298427.53,2026-08-12,SETTLED
TXN-10005,ACC-1358,366095.02,2026-08-19,SETTLED
TXN-77484,ACC-1248,115786.58,2026-08-08,SETTLED
TXN-61824,ACC-1240,372175.48,2026-07-04,SETTLED
TXN-41495,ACC-1060,340060.00,2026-07-04,SETTLED
TXN-56873,ACC-1243,132187.61,2026-06-30,SETTLED
TXN-42463,ACC-1003,215971.23,2026-08-14,PENDING
TXN-32493,ACC-1083,220924.86,2026-08-27,SETTLED
TXN-21361,ACC-1339,58648.34,2026-07-01,SETTLED
TXN-97479,ACC-1113,16130.10,2026-08-29,PROCESSING
TXN-04459,ACC-1218,59782.27,2026-08-28,PROCESSING
TXN-95715,ACC-1279,175150.23,2026-08-16,SETTLED
TXN-22469,ACC-1196,379159.81,2026-08-08,SETTLED
TXN-71226,ACC-1343,426341.69,2026-08-15,PENDING
TXN-86221,ACC-1187,104469.29,2026-08-05,PROCESSING
TXN-34881,ACC-1187,352902.47,2026-08-27,PENDING
TXN-41674,ACC-1069,334153.17,2026-08-25,PENDING
TXN-75602,ACC-1357,271682.79,2026-07-10,SETTLED
TXN-26453,ACC-1251,73712.19,2026-08-15,SETTLED
TXN-19457,ACC-1150,417390.99,2026-08-17,SETTLED
TXN-94591,ACC-1370,484947.23,2026-07-29,SETTLED
TXN-33367,ACC-1030,311453.90,2026-07-02,PROCESSING
TXN-47639,ACC-1383,52400.36,2026-07-02,PROCESSING
TXN-60184,ACC-1357,228856.23,2026-07-08,SETTLED
TXN-07143,ACC-1162,328548.08,2026-07-16,PENDING
TXN-33665,ACC-1386,314029.93,2026-07-06,SETTLED
TXN-80172,ACC-1149,247009.33,2026-07-11,PENDING
TXN-50519,ACC-1221,113335.68,2026-08-27,SETTLED
TXN-46112,ACC-1353,220299.22,2026-08-21,PROCESSING
TXN-96628,ACC-1170,447686.16,2026-08-18,SETTLED
TXN-50217,ACC-1099,188474.51,2026-08-26,SETTLED
TXN-48724,ACC-1102,458913.91,2026-08-21,SETTLED
TXN-96094,ACC-1237,177779.30,2026-07-30,SETTLED
TXN-62883,ACC-1199,41113.99,2026-08-29,SETTLED
TXN-14666,ACC-1008,429089.83,2026-07-19,SETTLED
TXN-82507,ACC-1054,298023.28,2026-08-05,SETTLED
TXN-97852,ACC-1251,100791.05,2026-07-10,PROCESSING
TXN-45574,ACC-1281,142996.12,2026-07-11,SETTLED
TXN-30971,ACC-1136,249396.67,2026-07-22,SETTLED
TXN-03495,ACC-1031,195019.60,2026-07-17,SETTLED
TXN-59321,ACC-1315,16516.21,2026-08-08,PENDING
TXN-36431,ACC-1191,150437.23,2026-08-17,PROCESSING
TXN-97513,ACC-1036,82594.48,2026-07-14,SETTLED
TXN-09027,ACC-1356,273293.28,2026-07-23,SETTLED
TXN-93688,ACC-1108,430739.47,2026-08-27,SETTLED
TXN-28861,ACC-1094,433646.89,2026-08-23,PENDING
TXN-32064,ACC-1086,205339.93,2026-07-13,SETTLED
TXN-96470,ACC-1106,169892.72,2026-07-01,SETTLED
TXN-46612,ACC-1092,164433.29,2026-07-20,PENDING
TXN-95915,ACC-1286,182608.06,2026-07-17,PROCESSING
TXN-97101,ACC-1160,258186.66,2026-07-10,SETTLED
TXN-54539,ACC-1036,98360.65,2026-08-05,SETTLED
TXN-63928,ACC-1152,245224.35,2026-07-09,PROCESSING
TXN-85740,ACC-1281,131951.72,2026-08-28,PROCESSING
TXN-03881,ACC-1240,329133.96,2026-07-27,PENDING
TXN-41092,ACC-1210,316753.16,2026-08-06,SETTLED
TXN-72767,ACC-1049,91285.39,2026-07-18,PROCESSING
TXN-08673,ACC-1331,187608.85,2026-07-02,SETTLED
TXN-99218,ACC-1230,301915.66,2026-07-08,PROCESSING
TXN-69356,ACC-1390,103510.88,2026-08-04,SETTLED
TXN-71044,ACC-1176,154642.58,2026-07-19,PENDING
TXN-10581,ACC-1330,7515.08,2026-07-20,PENDING
TXN-33061,ACC-1028,117585.11,2026-08-24,SETTLED
TXN-94520,ACC-1350,129527.00,2026-07-19,PROCESSING
TXN-09629,ACC-1250,19376.95,2026-08-24,PROCESSING
TXN-56689,ACC-1345,235035.63,2026-07-14,SETTLED
TXN-44981,ACC-1279,427837.94,2026-08-14,SETTLED
TXN-98139,ACC-1233,252506.60,2026-07-27,SETTLED
TXN-60206,ACC-1195,175109.51,2026-07-23,SETTLED
TXN-57915,ACC-1117,112987.81,2026-07-27,SETTLED
TXN-69567,ACC-1154,331911.08,2026-08-14,SETTLED
TXN-57762,ACC-1336,499971.78,2026-07-22,SETTLED
TXN-17771,ACC-1102,491944.48,2026-07-15,SETTLED
TXN-62806,ACC-1177,462547.03,2026-08-24,SETTLED
TXN-74495,ACC-1175,480651.97,2026-07-09,SETTLED
TXN-68898,ACC-1130,48726.30,2026-07-14,SETTLED
TXN-30026,ACC-1228,300575.56,2026-07-20,SETTLED
TXN-82245,ACC-1277,316019.21,2026-08-09,SETTLED
TXN-86105,ACC-1012,456662.59,2026-07-08,SETTLED
TXN-26975,ACC-1083,220866.86,2026-07-04,SETTLED
TXN-19814,ACC-1186,475644.80,2026-07-27,SETTLED
TXN-07521,ACC-1383,470440.95,2026-07-19,SETTLED
TXN-42520,ACC-1336,454869.49,2026-07-28,SETTLED
TXN-89304,ACC-1387,137810.44,2026-07-11,PROCESSING
TXN-57439,ACC-1097,96258.72,2026-07-22,SETTLED
TXN-75783,ACC-1173,227953.73,2026-08-22,PROCESSING
TXN-99441,ACC-1345,32984.79,2026-08-17,PENDING
TXN-36782,ACC-1104,238734.36,2026-07-10,PROCESSING
TXN-49246,ACC-1388,160771.82,2026-08-22,SETTLED
TXN-13063,ACC-1078,90230.95,2026-07-24,SETTLED
TXN-91979,ACC-1325,311386.37,2026-07-10,SETTLED
TXN-68202,ACC-1332,218375.93,2026-08-03,SETTLED
TXN-99811,ACC-1006,416818.42,2026-08-02,SETTLED
TXN-67140,ACC-1149,48955.18,2026-07-04,SETTLED
TXN-96827,ACC-1136,419590.35,2026-06-30,PROCESSING
TXN-88309,ACC-1194,255699.31,2026-08-04,SETTLED
TXN-37958,ACC-1224,36776.49,2026-08-13,SETTLED
TXN-17464,ACC-1257,141177.66,2026-07-18,SETTLED
TXN-94717,ACC-1092,254432.67,2026-08-04,SETTLED
TXN-35496,ACC-1000,274555.60,2026-08-21,PENDING
TXN-67307,ACC-1349,340374.62,2026-07-23,SETTLED
TXN-24952,ACC-1230,318494.02,2026-08-14,PENDING
TXN-67103,ACC-1310,244011.03,2026-07-09,SETTLED
TXN-30632,ACC-1321,193047.07,2026-07-30,PENDING
TXN-37823,ACC-1224,96063.45,2026-08-17,SETTLED
TXN-20771,ACC-1330,55869.45,2026-08-28,PROCESSING
TXN-52087,ACC-1186,19110.26,2026-07-29,SETTLED
TXN-24441,ACC-1262,174683.25,2026-08-24,SETTLED
TXN-98943,ACC-1206,475578.69,2026-08-08,PENDING
TXN-41124,ACC-1040,329949.40,2026-07-03,SETTLED
TXN-25838,ACC-1039,20275.43,2026-08-21,SETTLED
TXN-42981,ACC-1326,443708.88,2026-07-23,PROCESSING
TXN-61068,ACC-1260,399071.64,2026-08-14,SETTLED
TXN-98347,ACC-1320,297440.81,2026-08-24,PROCESSING
TXN-92325,ACC-1102,344091.60,2026-07-28,SETTLED
TXN-88837,ACC-1397,26565.18,2026-07-25,PENDING
TXN-30758,ACC-1073,390515.68,2026-08-14,SETTLED
TXN-09424,ACC-1232,304371.27,2026-07-16,PENDING
TXN-01056,ACC-1057,431512.25,2026-07-14,SETTLED
TXN-06147,ACC-1340,248256.54,2026-08-06,PROCESSING
TXN-51736,ACC-1251,13142.09,2026-07-04,SETTLED
TXN-77610,ACC-1081,56872.69,2026-08-22,PROCESSING
TXN-47138,ACC-1043,339098.24,2026-08-11,SETTLED
TXN-98738,ACC-1388,303939.87,2026-07-16,PROCESSING
TXN-24668,ACC-1026,51457.38,2026-07-15,SETTLED
TXN-38164,ACC-1011,125898.71,2026-07-05,SETTLED
TXN-52188,ACC-1094,491262.49,2026-07-13,SETTLED
TXN-39140,ACC-1126,142589.31,2026-07-18,PENDING
TXN-14763,ACC-1046,462314.64,2026-08-09,SETTLED
TXN-68252,ACC-1111,273716.44,2026-08-28,SETTLED
TXN-64740,ACC-1066,396779.64,2026-07-18,PROCESSING
TXN-73541,ACC-1071,108712.34,2026-08-07,PENDING
TXN-06094,ACC-1227,387845.89,2026-07-27,PROCESSING
TXN-75487,ACC-1053,145232.45,2026-07-25,SETTLED
TXN-71991,ACC-1221,364584.47,2026-07-22,SETTLED
TXN-74249,ACC-1078,216293.44,2026-08-26,SETTLED
TXN-01595,ACC-1089,58949.93,2026-08-20,SETTLED
TXN-61796,ACC-1373,141875.60,2026-07-09,SETTLED
TXN-40525,ACC-1048,131059.00,2026-07-25,SETTLED
TXN-35742,ACC-1050,477685.70,2026-08-01,SETTLED
TXN-66791,ACC-1120,369649.40,2026-07-10,PROCESSING
TXN-48912,ACC-1012,169232.27,2026-08-03,SETTLED
TXN-49207,ACC-1220,39966.63,2026-06-30,SETTLED
TXN-65223,ACC-1042,339276.37,2026-06-30,SETTLED
TXN-83606,ACC-1105,483819.56,2026-07-19,PROCESSING
TXN-69063,ACC-1310,32844.46,2026-08-05,PENDING
TXN-68116,ACC-1300,179047.78,2026-08-11,PENDING
TXN-44053,ACC-1200,301128.17,2026-08-20,PROCESSING
TXN-57684,ACC-1079,436709.03,2026-08-29,SETTLED
TXN-51863,ACC-1286,332875.81,2026-08-26,PENDING
TXN-58505,ACC-1226,124270.76,2026-08-02,SETTLED
TXN-71925,ACC-1201,44456.55,2026-07-28,PENDING
TXN-64594,ACC-1231,370727.94,2026-08-13,SETTLED
TXN-52567,ACC-1365,242042.12,2026-08-13,PROCESSING
TXN-87055,ACC-1300,342672.08,2026-07-12,SETTLED
TXN-26619,ACC-1185,415983.22,2026-08-17,PROCESSING
TXN-27565,ACC-1014,484847.09,2026-08-07,PROCESSING
TXN-80631,ACC-1319,430777.84,2026-08-01,SETTLED
TXN-48292,ACC-1204,430443.07,2026-07-03,SETTLED
TXN-40230,ACC-1167,375843.05,2026-08-28,PENDING
TXN-87102,ACC-1240,28130.16,2026-08-22,PENDING
TXN-59119,ACC-1317,83214.49,2026-07-01,PROCESSING
TXN-74669,ACC-1191,6390.29,2026-08-07,SETTLED
TXN-46577,ACC-1265,213528.14,2026-07-10,SETTLED
TXN-66566,ACC-1040,8515.40,2026-07-22,SETTLED
TXN-70794,ACC-1375,346355.07,2026-08-06,SETTLED
TXN-82666,ACC-1145,317472.95,2026-07-09,PROCESSING
TXN-20635,ACC-1100,288843.44,2026-07-16,PROCESSING
TXN-75281,ACC-1026,394187.08,2026-08-29,SETTLED
TXN-87092,ACC-1157,87566.01,2026-06-30,PROCESSING
TXN-97757,ACC-1163,489582.80,2026-08-21,SETTLED
TXN-02434,ACC-1127,482304.23,2026-08-05,SETTLED
TXN-40627,ACC-1217,493282.76,2026-07-12,SETTLED
TXN-17245,ACC-1105,191442.14,2026-08-02,SETTLED
TXN-77776,ACC-1124,218298.42,2026-08-13,PENDING
TXN-21001,ACC-1091,6405.64,2026-08-01,SETTLED
TXN-46298,ACC-1144,76514.62,2026-08-09,SETTLED
TXN-80290,ACC-1084,126029.65,2026-07-14,PENDING
TXN-78658,ACC-1290,430850.09,2026-07-15,PENDING
TXN-45227,ACC-1067,390141.05,2026-08-12,SETTLED
TXN-96949,ACC-1166,338947.96,2026-07-28,PROCESSING
TXN-27466,ACC-1020,380106.76,2026-07-18,PENDING
TXN-80814,ACC-1232,76087.93,2026-08-08,SETTLED
TXN-59677,ACC-1003,19069.57,2026-08-15,PROCESSING
TXN-92459,ACC-1272,310517.13,2026-08-09,SETTLED
TXN-70671,ACC-1331,325623.65,2026-07-04,PROCESSING
TXN-19349,ACC-1003,460966.14,2026-07-09,SETTLED
TXN-47814,ACC-1040,497237.73,2026-07-12,SETTLED
TXN-26642,ACC-1059,349216.19,2026-07-14,SETTLED
TXN-75062,ACC-1292,479810.23,2026-08-16,SETTLED
TXN-38578,ACC-1384,355078.20,2026-08-09,SETTLED
TXN-88051,ACC-1159,60884.37,2026-07-20,SETTLED
TXN-03024,ACC-1258,353392.00,2026-08-21,PROCESSING
TXN-66387,ACC-1075,159995.07,2026-08-07,SETTLED
TXN-27086,ACC-1361,226683.91,2026-08-29,SETTLED
TXN-26294,ACC-1288,280757.98,2026-08-27,SETTLED
TXN-58810,ACC-1362,413827.45,2026-07-22,PENDING
TXN-99816,ACC-1188,213375.55,2026-08-07,SETTLED
TXN-68857,ACC-1261,421093.28,2026-07-01,PENDING
TXN-77483,ACC-1361,415243.50,2026-08-05,SETTLED
TXN-52869,ACC-1174,166308.95,2026-07-27,SETTLED
TXN-64479,ACC-1357,376755.00,2026-08-14,PENDING
TXN-74095,ACC-1213,463787.41,2026-08-03,SETTLED
TXN-25712,ACC-1396,268795.65,2026-07-25,SETTLED
TXN-13394,ACC-1026,310180.49,2026-07-10,PENDING
TXN-35207,ACC-1234,81841.23,2026-07-02,SETTLED
TXN-76401,ACC-1309,189413.77,2026-08-09,SETTLED
TXN-89131,ACC-1048,456424.82,2026-07-06,SETTLED
TXN-59154,ACC-1053,430186.84,2026-08-06,SETTLED
TXN-97072,ACC-1349,99980.72,2026-07-18,SETTLED
TXN-44107,ACC-1337,134358.76,2026-08-28,SETTLED
TXN-18141,ACC-1165,342592.18,2026-07-28,SETTLED
TXN-49143,ACC-1248,441580.56,2026-07-31,SETTLED
TXN-18167,ACC-1223,84970.03,2026-07-21,SETTLED
TXN-31620,ACC-1147,91560.81,2026-08-19,PENDING
TXN-16537,ACC-1297,76936.83,2026-08-23,SETTLED
TXN-65728,ACC-1196,401861.40,2026-07-30,SETTLED
TXN-70165,ACC-1228,161568.92,2026-07-08,SETTLED
TXN-29840,ACC-1321,261554.17,2026-07-08,SETTLED
TXN-56120,ACC-1040,32846.31,2026-07-07,SETTLED
TXN-16916,ACC-1084,100175.52,2026-07-02,PROCESSING
TXN-69092,ACC-1308,127578.92,2026-08-18,SETTLED
TXN-30290,ACC-1199,149216.61,2026-08-08,SETTLED
TXN-86383,ACC-1344,474650.11,2026-07-26,SETTLED
TXN-05819,ACC-1166,308248.04,2026-07-20,SETTLED
TXN-12752,ACC-1239,371764.87,2026-07-12,SETTLED
TXN-01823,ACC-1002,278899.38,2026-07-18,SETTLED
TXN-12189,ACC-1242,302603.72,2026-07-07,SETTLED
TXN-53754,ACC-1210,495389.14,2026-07-15,SETTLED
TXN-06223,ACC-1115,34977.43,2026-08-28,PENDING
TXN-65020,ACC-1121,407025.84,2026-08-05,SETTLED
TXN-70289,ACC-1322,92438.64,2026-08-17,SETTLED
TXN-65809,ACC-1006,481567.41,2026-08-13,SETTLED
TXN-74555,ACC-1068,338652.93,2026-07-18,PENDING
TXN-82655,ACC-1303,190179.44,2026-07-30,SETTLED
TXN-81339,ACC-1006,340249.27,2026-07-16,PENDING
TXN-91707,ACC-1082,372767.18,2026-07-13,SETTLED
TXN-07147,ACC-1121,345771.10,2026-08-26,PENDING
TXN-62059,ACC-1173,236207.68,2026-08-24,SETTLED
TXN-73480,ACC-1054,301915.63,2026-08-06,PROCESSING
TXN-62233,ACC-1113,104209.71,2026-07-03,SETTLED
TXN-48461,ACC-1188,45056.20,2026-07-07,SETTLED
TXN-01090,ACC-1273,219586.39,2026-07-12,SETTLED
TXN-40359,ACC-1294,307615.45,2026-08-07,SETTLED
TXN-17247,ACC-1222,275550.85,2026-07-16,SETTLED
TXN-69342,ACC-1259,172844.51,2026-08-17,SETTLED
TXN-19933,ACC-1066,187624.21,2026-08-16,SETTLED
TXN-84897,ACC-1139,23542.18,2026-07-05,SETTLED
TXN-01010,ACC-1098,128409.96,2026-07-09,PROCESSING
TXN-51428,ACC-1330,9090.42,2026-07-18,SETTLED
TXN-10645,ACC-1215,173015.22,2026-08-20,SETTLED
TXN-37598,ACC-1205,169281.42,2026-07-07,PROCESSING
TXN-29481,ACC-1120,416016.19,2026-08-17,SETTLED
TXN-03422,ACC-1028,53968.57,2026-08-17,PROCESSING
TXN-71288,ACC-1278,495050.89,2026-07-30,SETTLED
TXN-33026,ACC-1067,337358.17,2026-08-20,SETTLED
TXN-71093,ACC-1044,10229.39,2026-07-14,SETTLED
TXN-73649,ACC-1088,260177.03,2026-08-15,SETTLED
TXN-79706,ACC-1042,37833.59,2026-08-29,SETTLED
TXN-63856,ACC-1312,428054.82,2026-08-11,SETTLED
TXN-43487,ACC-1078,481990.94,2026-07-09,PENDING
TXN-01962,ACC-1386,300942.82,2026-08-06,SETTLED
TXN-39260,ACC-1359,378473.84,2026-07-01,SETTLED
TXN-51467,ACC-1335,289054.43,2026-07-20,SETTLED
TXN-26686,ACC-1250,351816.26,2026-08-25,SETTLED
TXN-05023,ACC-1357,26229.82,2026-07-31,SETTLED
TXN-44267,ACC-1009,213358.87,2026-08-29,SETTLED
TXN-49548,ACC-1258,398344.93,2026-08-12,PROCESSING
TXN-94368,ACC-1219,321108.57,2026-07-10,SETTLED
TXN-09910,ACC-1320,440794.50,2026-08-23,SETTLED
TXN-57415,ACC-1383,141927.60,2026-07-16,PROCESSING
TXN-59107,ACC-1109,61980.80,2026-08-17,SETTLED
TXN-51250,ACC-1203,256460.28,2026-08-18,SETTLED
TXN-75974,ACC-1374,256118.26,2026-07-30,PROCESSING
TXN-37869,ACC-1057,323703.10,2026-07-03,SETTLED
TXN-70387,ACC-1344,35210.17,2026-08-21,SETTLED
TXN-33446,ACC-1090,247005.94,2026-07-04,SETTLED
TXN-89738,ACC-1326,53779.73,2026-08-21,SETTLED
TXN-17164,ACC-1018,341147.08,2026-07-16,SETTLED
TXN-03511,ACC-1147,367399.04,2026-08-13,SETTLED
TXN-86628,ACC-1281,219388.93,2026-08-24,SETTLED
TXN-04559,ACC-1172,372998.70,2026-07-28,SETTLED
TXN-75818,ACC-1115,35988.80,2026-07-04,PENDING
TXN-86394,ACC-1275,392129.00,2026-08-19,PROCESSING
TXN-99338,ACC-1238,414461.52,2026-08-17,SETTLED
TXN-13460,ACC-1102,15647.33,2026-08-01,SETTLED
TXN-43201,ACC-1238,427500.25,2026-08-16,SETTLED
TXN-94885,ACC-1255,139350.36,2026-08-12,SETTLED
TXN-18278,ACC-1152,10703.90,2026-08-17,SETTLED
TXN-37599,ACC-1181,413821.12,2026-08-07,PENDING
TXN-48015,ACC-1157,348625.80,2026-08-21,SETTLED
TXN-19330,ACC-1080,157721.90,2026-08-20,PROCESSING
TXN-43439,ACC-1108,169908.09,2026-07-20,PROCESSING
TXN-20238,ACC-1321,130924.48,2026-07-01,SETTLED
TXN-75433,ACC-1030,330827.95,2026-08-29,PENDING
TXN-69345,ACC-1060,447600.81,2026-08-26,SETTLED
TXN-07721,ACC-1118,195704.10,2026-08-02,PROCESSING
TXN-65977,ACC-1364,60389.01,2026-08-15,SETTLED
TXN-17724,ACC-1345,403801.01,2026-07-24,SETTLED
TXN-04538,ACC-1014,9978.18,2026-08-17,SETTLED
TXN-74401,ACC-1049,201716.77,2026-08-01,PENDING
TXN-91049,ACC-1397,188740.32,2026-07-15,PENDING
TXN-66164,ACC-1312,9388.42,2026-08-18,SETTLED
TXN-45508,ACC-1251,487374.06,2026-08-29,PROCESSING
TXN-89970,ACC-1376,264810.87,2026-08-01,PENDING
TXN-10258,ACC-1294,169471.49,2026-08-11,SETTLED
TXN-99943,ACC-1364,482712.75,2026-08-04,SETTLED
TXN-80154,ACC-1357,254074.31,2026-08-09,PENDING
TXN-86438,ACC-1390,429397.79,2026-07-10,SETTLED
TXN-89957,ACC-1350,224267.07,2026-08-10,SETTLED
TXN-35352,ACC-1287,65261.64,2026-07-20,PENDING
TXN-51583,ACC-1192,483212.58,2026-07-18,SETTLED
TXN-08695,ACC-1044,487649.93,2026-08-19,PENDING
TXN-77302,ACC-1040,180573.93,2026-08-03,SETTLED
TXN-87597,ACC-1301,466746.28,2026-08-18,SETTLED
TXN-46730,ACC-1304,456491.87,2026-08-12,PENDING
TXN-11833,ACC-1319,496794.59,2026-08-26,SETTLED
TXN-16299,ACC-1027,336652.62,2026-07-13,SETTLED
TXN-56527,ACC-1286,498700.71,2026-08-01,SETTLED
TXN-09835,ACC-1005,75772.47,2026-07-13,SETTLED
TXN-75651,ACC-1137,308246.15,2026-07-18,PENDING
TXN-18453,ACC-1292,194114.31,2026-07-09,PENDING
TXN-50371,ACC-1139,55411.61,2026-07-30,SETTLED
TXN-56710,ACC-1333,132810.66,2026-07-21,SETTLED
TXN-91272,ACC-1018,65697.28,2026-08-14,SETTLED
TXN-85393,ACC-1043,208090.29,2026-08-27,SETTLED
TXN-67557,ACC-1162,284121.71,2026-08-22,SETTLED
TXN-31246,ACC-1014,412712.74,2026-07-15,PENDING
TXN-75883,ACC-1011,37518.25,2026-08-20,PENDING
TXN-06036,ACC-1275,111140.51,2026-08-01,SETTLED
TXN-13123,ACC-1076,177872.59,2026-08-03,SETTLED
TXN-79549,ACC-1016,75614.65,2026-07-16,PROCESSING
TXN-78058,ACC-1118,406889.61,2026-08-04,SETTLED
TXN-63418,ACC-1324,31897.16,2026-08-15,PENDING
TXN-44059,ACC-1258,293058.94,2026-08-07,SETTLED
TXN-14150,ACC-1029,170327.59,2026-08-25,SETTLED
TXN-73288,ACC-1034,197467.84,2026-07-27,PENDING
TXN-17051,ACC-1237,392279.72,2026-08-20,SETTLED
TXN-55400,ACC-1181,31529.92,2026-08-21,SETTLED
TXN-03466,ACC-1339,106061.46,2026-08-21,SETTLED
TXN-03639,ACC-1041,365417.06,2026-08-20,SETTLED
TXN-23174,ACC-1306,35255.60,2026-06-30,SETTLED
TXN-53567,ACC-1196,195649.98,2026-07-04,SETTLED
TXN-32438,ACC-1071,311091.20,2026-07-07,SETTLED
TXN-84911,ACC-1038,425767.59,2026-07-01,SETTLED
TXN-27055,ACC-1201,289832.08,2026-07-30,SETTLED
TXN-90733,ACC-1367,463982.13,2026-07-16,SETTLED
TXN-23632,ACC-1212,69248.35,2026-07-29,PROCESSING
TXN-68374,ACC-1066,453710.56,2026-07-03,SETTLED
TXN-88981,ACC-1138,180491.37,2026-08-05,SETTLED
TXN-13557,ACC-1376,144233.87,2026-08-01,SETTLED
TXN-50257,ACC-1018,88538.67,2026-08-04,SETTLED
TXN-17944,ACC-1337,182342.27,2026-08-03,SETTLED
TXN-13768,ACC-1282,315072.77,2026-08-25,PENDING
TXN-96462,ACC-1122,156171.86,2026-08-01,SETTLED
TXN-47815,ACC-1254,203847.58,2026-08-24,PENDING
TXN-03922,ACC-1099,429563.32,2026-07-03,PROCESSING
TXN-63921,ACC-1280,414696.93,2026-07-11,PENDING
TXN-71496,ACC-1212,435420.66,2026-07-31,SETTLED
TXN-99916,ACC-1128,490259.28,2026-07-23,SETTLED
TXN-04271,ACC-1306,241929.38,2026-08-01,PROCESSING
TXN-71388,ACC-1218,331332.23,2026-08-04,SETTLED
TXN-25379,ACC-1353,298071.92,2026-07-06,SETTLED
TXN-13895,ACC-1245,304187.05,2026-08-05,SETTLED
TXN-76043,ACC-1290,45696.52,2026-07-29,PROCESSING
TXN-97322,ACC-1088,322787.33,2026-08-16,PENDING
TXN-74838,ACC-1276,252974.05,2026-08-15,SETTLED
TXN-72367,ACC-1009,336864.84,2026-07-18,PENDING
TXN-17025,ACC-1190,254810.06,2026-08-19,SETTLED
TXN-16068,ACC-1108,268006.22,2026-07-27,SETTLED
TXN-28867,ACC-1311,86294.93,2026-08-14,SETTLED
TXN-44023,ACC-1058,12117.38,2026-07-12,PROCESSING
TXN-66268,ACC-1233,122916.55,2026-08-01,SETTLED
TXN-89046,ACC-1088,494997.17,2026-08-11,SETTLED
TXN-02791,ACC-1125,406647.30,2026-07-04,SETTLED
TXN-76398,ACC-1153,260226.48,2026-07-30,PROCESSING
TXN-08967,ACC-1292,131049.18,2026-08-04,SETTLED
TXN-96009,ACC-1224,289321.43,2026-08-27,SETTLED
TXN-35287,ACC-1238,300447.11,2026-07-12,SETTLED
TXN-66770,ACC-1158,120055.23,2026-07-25,SETTLED
TXN-98512,ACC-1392,99956.21,2026-08-11,PENDING
TXN-59212,ACC-1192,84609.58,2026-08-11,PENDING
TXN-27348,ACC-1205,143268.49,2026-08-21,PROCESSING
TXN-57776,ACC-1232,385455.92,2026-08-19,SETTLED
TXN-89278,ACC-1113,54416.11,2026-07-14,PENDING
TXN-33998,ACC-1096,447832.83,2026-07-06,SETTLED
TXN-97621,ACC-1000,7950.21,2026-08-08,SETTLED
TXN-94158,ACC-1083,368928.42,2026-08-13,PROCESSING
TXN-51015,ACC-1212,481972.45,2026-08-17,SETTLED
TXN-94205,ACC-1010,152358.13,2026-08-07,SETTLED
TXN-25196,ACC-1222,326211.13,2026-08-26,SETTLED
TXN-51958,ACC-1387,179232.42,2026-08-01,SETTLED
TXN-97990,ACC-1109,338206.02,2026-08-19,SETTLED
TXN-16287,ACC-1102,212824.02,2026-07-20,PENDING
TXN-79545,ACC-1039,116281.20,2026-07-07,SETTLED
TXN-82338,ACC-1204,114871.44,2026-07-26,SETTLED
TXN-25035,ACC-1393,469767.96,2026-08-12,PENDING
TXN-26462,ACC-1095,150803.56,2026-08-24,SETTLED
TXN-49696,ACC-1030,5923.00,2026-07-22,SETTLED
TXN-63468,ACC-1138,471488.81,2026-08-15,SETTLED
TXN-14488,ACC-1072,209574.38,2026-07-08,SETTLED
TXN-12160,ACC-1260,290416.92,2026-07-28,SETTLED
TXN-73574,ACC-1008,276421.84,2026-08-27,SETTLED
TXN-59649,ACC-1016,367659.79,2026-07-06,PROCESSING
TXN-08913,ACC-1050,365334.24,2026-07-01,SETTLED
TXN-64456,ACC-1200,171087.49,2026-07-22,SETTLED
TXN-63170,ACC-1060,30506.52,2026-08-06,SETTLED
TXN-57699,ACC-1096,55040.09,2026-07-29,PENDING
TXN-61804,ACC-1042,386791.13,2026-08-22,PENDING
TXN-37711,ACC-1233,329298.38,2026-07-26,SETTLED
TXN-45918,ACC-1287,374780.88,2026-08-20,SETTLED
TXN-63540,ACC-1263,169563.10,2026-08-11,SETTLED
TXN-45418,ACC-1210,329743.98,2026-08-13,SETTLED
TXN-19891,ACC-1194,243029.49,2026-07-05,SETTLED
TXN-50492,ACC-1353,320215.60,2026-08-05,SETTLED
TXN-92351,ACC-1143,130134.43,2026-08-29,PROCESSING
TXN-52186,ACC-1139,493228.86,2026-08-10,SETTLED
TXN-25136,ACC-1253,134893.91,2026-07-30,SETTLED
TXN-86548,ACC-1215,143854.13,2026-08-11,SETTLED
TXN-85714,ACC-1025,450355.34,2026-08-22,PROCESSING
TXN-46980,ACC-1085,27928.51,2026-07-28,PENDING
TXN-23667,ACC-1159,376885.70,2026-07-15,SETTLED
TXN-33954,ACC-1072,78222.34,2026-07-04,PENDING
TXN-80847,ACC-1121,367823.49,2026-07-29,PENDING
TXN-32555,ACC-1221,228483.55,2026-07-17,PROCESSING
TXN-49553,ACC-1373,154730.14,2026-07-23,PENDING
TXN-48514,ACC-1033,256897.81,2026-07-05,SETTLED
TXN-14050,ACC-1390,52150.37,2026-08-21,SETTLED
TXN-49403,ACC-1296,58729.46,2026-07-28,SETTLED
TXN-67696,ACC-1153,372439.88,2026-07-18,PENDING
TXN-87650,ACC-1049,372320.02,2026-08-11,PENDING
TXN-91539,ACC-1017,371872.06,2026-07-03,SETTLED
TXN-46044,ACC-1393,187395.54,2026-08-11,SETTLED
TXN-13354,ACC-1084,311574.41,2026-08-18,SETTLED
TXN-53792,ACC-1197,250604.51,2026-07-17,SETTLED
TXN-46319,ACC-1054,214369.28,2026-07-26,PENDING
TXN-99248,ACC-1177,18863.84,2026-08-17,SETTLED
TXN-41924,ACC-1389,135780.56,2026-08-14,SETTLED
TXN-49149,ACC-1381,301064.38,2026-07-16,SETTLED
TXN-57432,ACC-1132,72193.71,2026-07-23,SETTLED
TXN-38779,ACC-1079,259044.67,2026-08-23,PENDING
TXN-83385,ACC-1379,377748.67,2026-07-29,SETTLED
TXN-24637,ACC-1173,369277.19,2026-07-28,SETTLED
TXN-31439,ACC-1181,120864.63,2026-08-24,SETTLED
TXN-80118,ACC-1182,384661.69,2026-07-31,SETTLED
TXN-26300,ACC-1233,301877.29,2026-07-18,PENDING
TXN-68432,ACC-1134,278316.36,2026-08-23,PENDING
TXN-07565,ACC-1344,393043.41,2026-07-22,PROCESSING
TXN-81383,ACC-1083,292457.56,2026-07-06,SETTLED
TXN-59736,ACC-1321,8193.01,2026-07-28,SETTLED
TXN-52835,ACC-1020,155080.96,2026-07-20,SETTLED
TXN-09406,ACC-1177,463340.47,2026-07-23,SETTLED
TXN-24144,ACC-1270,167634.34,2026-07-06,PROCESSING
TXN-87851,ACC-1275,39993.44,2026-08-25,SETTLED
TXN-58254,ACC-1299,191695.43,2026-07-24,SETTLED
TXN-81521,ACC-1138,324018.42,2026-08-16,SETTLED
TXN-27198,ACC-1374,230492.54,2026-07-14,SETTLED
TXN-95680,ACC-1301,237544.28,2026-08-13,SETTLED
TXN-50353,ACC-1117,99230.09,2026-08-16,SETTLED
TXN-57783,ACC-1036,66474.68,2026-07-20,PROCESSING
TXN-80490,ACC-1091,495689.97,2026-07-13,SETTLED
TXN-91198,ACC-1329,55757.87,2026-07-10,SETTLED
TXN-54798,ACC-1273,202724.78,2026-07-16,SETTLED
TXN-14978,ACC-1014,397331.83,2026-08-19,PROCESSING
TXN-83660,ACC-1134,323541.16,2026-08-14,SETTLED
TXN-52123,ACC-1354,377469.37,2026-06-30,PENDING
TXN-12878,ACC-1072,9313.44,2026-08-10,PROCESSING
TXN-02102,ACC-1224,89071.52,2026-08-01,SETTLED
TXN-96775,ACC-1340,116234.84,2026-07-21,SETTLED
TXN-54080,ACC-1097,346462.92,2026-07-25,SETTLED
TXN-71068,ACC-1069,63352.36,2026-07-20,SETTLED
TXN-56427,ACC-1273,321809.07,2026-08-24,PENDING
TXN-19650,ACC-1286,428284.90,2026-07-14,SETTLED
TXN-70751,ACC-1059,319523.16,2026-07-25,SETTLED
TXN-95977,ACC-1288,279884.49,2026-08-04,SETTLED
TXN-69207,ACC-1295,262069.78,2026-06-30,SETTLED
TXN-66206,ACC-1036,489303.20,2026-07-11,SETTLED
TXN-51208,ACC-1091,487906.32,2026-08-11,PENDING
TXN-43277,ACC-1080,170072.99,2026-07-03,SETTLED
TXN-01829,ACC-1258,399715.51,2026-08-02,SETTLED
TXN-98728,ACC-1224,163000.13,2026-08-09,SETTLED
TXN-96368,ACC-1167,37038.94,2026-08-16,PENDING
TXN-17435,ACC-1347,313428.17,2026-08-13,SETTLED
TXN-79544,ACC-1205,80055.20,2026-08-27,PENDING
TXN-09184,ACC-1322,317344.41,2026-07-01,SETTLED
TXN-47375,ACC-1292,447442.58,2026-08-11,PENDING
TXN-18767,ACC-1112,135385.61,2026-08-06,SETTLED
TXN-57566,ACC-1013,386570.56,2026-07-27,SETTLED
TXN-55674,ACC-1233,366069.59,2026-07-20,SETTLED
TXN-21645,ACC-1276,174833.23,2026-07-08,PENDING
TXN-80396,ACC-1037,344644.64,2026-08-21,SETTLED
TXN-73412,ACC-1365,139925.98,2026-07-27,PROCESSING
TXN-96991,ACC-1147,109498.71,2026-08-28,PENDING
TXN-75133,ACC-1385,334279.23,2026-08-08,PENDING
TXN-79014,ACC-1008,234899.45,2026-07-09,SETTLED
TXN-01998,ACC-1166,100106.70,2026-08-17,SETTLED
TXN-72254,ACC-1130,157872.95,2026-08-13,PROCESSING
TXN-97096,ACC-1077,293878.43,2026-07-14,SETTLED
TXN-35936,ACC-1338,237402.43,2026-07-09,PROCESSING
TXN-76954,ACC-1235,276091.00,2026-07-20,SETTLED
TXN-14330,ACC-1068,281537.74,2026-08-04,SETTLED
TXN-91428,ACC-1028,111236.11,2026-08-21,PENDING
TXN-30516,ACC-1085,430808.46,2026-08-19,SETTLED
TXN-99246,ACC-1197,69356.21,2026-08-12,SETTLED
TXN-93835,ACC-1365,364078.59,2026-07-30,SETTLED
TXN-08296,ACC-1039,200871.51,2026-07-15,SETTLED
TXN-58393,ACC-1116,5862.43,2026-08-25,SETTLED
TXN-72345,ACC-1338,79056.32,2026-07-08,SETTLED
TXN-38036,ACC-1217,86081.17,2026-08-10,PENDING
TXN-89429,ACC-1383,448248.08,2026-08-12,SETTLED
TXN-08381,ACC-1034,210452.22,2026-07-17,PROCESSING
TXN-35799,ACC-1195,38186.91,2026-07-04,SETTLED
TXN-13603,ACC-1221,24893.75,2026-07-02,SETTLED
TXN-71868,ACC-1322,153029.94,2026-07-16,PROCESSING
TXN-01577,ACC-1370,398237.45,2026-07-11,PROCESSING
TXN-75120,ACC-1098,219361.07,2026-08-04,PENDING
TXN-45120,ACC-1208,195819.77,2026-07-12,SETTLED
TXN-33278,ACC-1200,447208.36,2026-07-28,PROCESSING
TXN-10719,ACC-1172,348327.45,2026-07-25,PROCESSING
TXN-94509,ACC-1359,103521.64,2026-07-30,SETTLED
TXN-98508,ACC-1023,107575.97,2026-07-20,SETTLED
TXN-60709,ACC-1286,139562.12,2026-08-16,SETTLED
TXN-78218,ACC-1254,316620.53,2026-07-30,SETTLED
TXN-87902,ACC-1146,63742.68,2026-08-10,SETTLED
TXN-20737,ACC-1129,250799.32,2026-07-01,SETTLED
TXN-34495,ACC-1304,73430.01,2026-08-22,SETTLED
TXN-94262,ACC-1356,64500.48,2026-07-07,PENDING
TXN-37005,ACC-1177,403050.72,2026-07-28,PROCESSING
TXN-69451,ACC-1252,485007.80,2026-08-28,SETTLED
TXN-69301,ACC-1105,75096.60,2026-07-05,SETTLED
TXN-33251,ACC-1277,14254.49,2026-08-13,SETTLED
TXN-57947,ACC-1264,430414.33,2026-07-24,PROCESSING
TXN-94583,ACC-1031,30590.19,2026-07-23,PROCESSING
TXN-05124,ACC-1273,476479.42,2026-07-08,SETTLED
TXN-55699,ACC-1166,218520.13,2026-07-12,SETTLED
TXN-64231,ACC-1100,374115.29,2026-07-19,SETTLED
TXN-30985,ACC-1300,253080.19,2026-08-13,SETTLED
TXN-88958,ACC-1381,351621.66,2026-08-23,PENDING
TXN-22902,ACC-1236,167299.58,2026-08-19,SETTLED
TXN-94718,ACC-1228,361743.33,2026-08-02,PROCESSING
TXN-55395,ACC-1119,409405.32,2026-07-22,SETTLED
TXN-03017,ACC-1008,79727.85,2026-08-29,SETTLED
TXN-83892,ACC-1094,297372.79,2026-08-04,SETTLED
TXN-65826,ACC-1080,198782.68,2026-08-19,SETTLED
TXN-51537,ACC-1345,172695.10,2026-08-02,SETTLED
TXN-52330,ACC-1096,142980.47,2026-08-05,SETTLED
TXN-55279,ACC-1160,150508.63,2026-08-29,SETTLED
TXN-56788,ACC-1095,252906.18,2026-07-28,SETTLED
TXN-04114,ACC-1047,148860.46,2026-08-10,SETTLED
TXN-58455,ACC-1273,341361.10,2026-08-11,SETTLED
TXN-18415,ACC-1096,430618.65,2026-07-27,SETTLED
TXN-03939,ACC-1206,234066.47,2026-07-30,SETTLED
TXN-99423,ACC-1080,152871.88,2026-08-15,PROCESSING
TXN-82851,ACC-1006,200994.64,2026-08-09,PENDING
TXN-58647,ACC-1156,318231.10,2026-08-19,SETTLED
TXN-77084,ACC-1048,14736.00,2026-08-24,SETTLED
TXN-25184,ACC-1383,160381.30,2026-08-21,PROCESSING
TXN-89455,ACC-1112,113942.67,2026-07-09,SETTLED
TXN-80463,ACC-1360,222899.45,2026-07-09,SETTLED
TXN-57121,ACC-1017,108756.92,2026-08-19,SETTLED
TXN-04801,ACC-1142,317349.26,2026-07-04,SETTLED
TXN-45738,ACC-1289,355381.08,2026-08-23,SETTLED
TXN-52691,ACC-1201,121874.36,2026-07-16,SETTLED
TXN-33545,ACC-1142,47075.48,2026-07-28,SETTLED
TXN-40149,ACC-1263,48949.07,2026-07-11,SETTLED
TXN-66386,ACC-1247,389389.76,2026-07-17,PENDING
TXN-21967,ACC-1286,424816.25,2026-07-14,SETTLED
TXN-42519,ACC-1376,473584.01,2026-08-25,SETTLED
TXN-04348,ACC-1070,121219.37,2026-07-28,PROCESSING
TXN-02810,ACC-1079,363741.11,2026-08-29,PENDING
TXN-48247,ACC-1357,417745.72,2026-07-09,SETTLED
TXN-44550,ACC-1037,69243.91,2026-08-13,SETTLED
TXN-59532,ACC-1270,238379.39,2026-08-26,SETTLED
TXN-90061,ACC-1228,201468.68,2026-08-16,SETTLED
TXN-26321,ACC-1146,20466.73,2026-07-31,PROCESSING
TXN-90562,ACC-1128,306468.91,2026-07-14,SETTLED
TXN-75715,ACC-1310,77579.93,2026-08-17,SETTLED
TXN-18923,ACC-1247,88494.74,2026-07-10,PROCESSING
TXN-97625,ACC-1228,153713.21,2026-07-17,PROCESSING
TXN-79270,ACC-1117,177996.34,2026-08-28,PENDING
TXN-88977,ACC-1333,397028.49,2026-08-20,PROCESSING
TXN-79543,ACC-1152,70732.10,2026-07-13,SETTLED
TXN-06007,ACC-1136,315374.38,2026-07-29,SETTLED
TXN-03728,ACC-1106,120763.61,2026-07-08,SETTLED
TXN-58077,ACC-1037,88577.72,2026-08-28,SETTLED
TXN-31051,ACC-1063,468243.03,2026-08-13,PENDING
TXN-96725,ACC-1343,321468.50,2026-07-24,PROCESSING
TXN-40551,ACC-1142,70121.33,2026-07-04,SETTLED
TXN-41621,ACC-1281,283322.97,2026-08-01,SETTLED
TXN-94305,ACC-1015,63262.86,2026-08-01,SETTLED
TXN-07473,ACC-1292,242768.78,2026-07-11,SETTLED
TXN-82145,ACC-1134,168011.44,2026-08-22,SETTLED
TXN-19646,ACC-1248,497225.48,2026-07-27,SETTLED
TXN-57832,ACC-1381,14346.07,2026-07-09,PENDING
TXN-25870,ACC-1059,264082.30,2026-07-04,PROCESSING
TXN-69190,ACC-1226,28903.05,2026-08-15,PENDING
TXN-76299,ACC-1040,188972.10,2026-08-28,PENDING
TXN-35072,ACC-1277,448359.85,2026-07-11,PENDING
TXN-10045,ACC-1017,498070.28,2026-08-19,PENDING
TXN-11761,ACC-1230,89335.97,2026-07-24,SETTLED
TXN-35824,ACC-1153,41102.53,2026-07-30,PENDING
TXN-68365,ACC-1268,80117.15,2026-08-18,SETTLED
TXN-16360,ACC-1098,146943.49,2026-08-18,SETTLED
TXN-05179,ACC-1084,75693.84,2026-08-16,SETTLED
TXN-59180,ACC-1299,469400.20,2026-07-31,PENDING
TXN-54663,ACC-1028,351325.94,2026-07-15,SETTLED
TXN-41534,ACC-1197,276796.30,2026-07-09,SETTLED
TXN-88457,ACC-1391,55288.33,2026-08-17,SETTLED
TXN-86817,ACC-1065,414569.76,2026-08-01,SETTLED
TXN-62505,ACC-1362,115769.90,2026-07-09,SETTLED
TXN-16694,ACC-1368,410360.96,2026-07-08,SETTLED
TXN-48703,ACC-1100,452744.83,2026-07-27,SETTLED
TXN-70632,ACC-1247,32798.22,2026-08-05,SETTLED
TXN-92242,ACC-1073,309327.11,2026-08-17,PROCESSING
TXN-15717,ACC-1246,318508.84,2026-07-04,SETTLED
TXN-71683,ACC-1069,95516.64,2026-07-24,SETTLED
TXN-68209,ACC-1151,365694.69,2026-08-19,PENDING
TXN-91173,ACC-1318,24447.78,2026-08-08,SETTLED
TXN-19667,ACC-1085,222985.29,2026-08-08,PROCESSING
TXN-02420,ACC-1260,428620.05,2026-08-01,SETTLED
TXN-99708,ACC-1144,120591.65,2026-08-04,SETTLED
TXN-25017,ACC-1127,338935.56,2026-08-17,SETTLED
TXN-79163,ACC-1237,302938.57,2026-08-26,SETTLED
TXN-96092,ACC-1064,263225.25,2026-08-11,PENDING
TXN-30858,ACC-1024,137861.54,2026-08-11,SETTLED
TXN-32978,ACC-1184,219274.44,2026-07-24,PENDING
TXN-09545,ACC-1159,272871.75,2026-08-14,SETTLED
TXN-14646,ACC-1380,495318.18,2026-07-23,SETTLED
TXN-80725,ACC-1031,274555.20,2026-07-14,SETTLED
TXN-43602,ACC-1183,204344.47,2026-07-16,SETTLED
TXN-93621,ACC-1361,64800.15,2026-08-28,SETTLED
TXN-12308,ACC-1171,242210.13,2026-07-24,SETTLED
TXN-83351,ACC-1323,280263.93,2026-08-20,SETTLED
TXN-54730,ACC-1218,342401.33,2026-07-30,SETTLED
TXN-88943,ACC-1045,320222.45,2026-07-11,SETTLED
TXN-16546,ACC-1120,406497.65,2026-08-15,SETTLED
TXN-01173,ACC-1000,473058.36,2026-07-19,SETTLED
TXN-64764,ACC-1182,344769.91,2026-08-19,PROCESSING
TXN-03617,ACC-1228,261157.13,2026-07-25,SETTLED
TXN-74358,ACC-1236,477923.22,2026-08-15,SETTLED
TXN-03892,ACC-1397,395675.07,2026-07-18,PROCESSING
TXN-17442,ACC-1138,257541.30,2026-07-29,SETTLED
TXN-34649,ACC-1389,389471.44,2026-07-19,SETTLED
TXN-25806,ACC-1284,423169.39,2026-08-25,SETTLED
TXN-48501,ACC-1117,276298.31,2026-08-23,SETTLED
TXN-64066,ACC-1221,102986.19,2026-08-22,PROCESSING
TXN-15118,ACC-1135,291134.34,2026-08-15,SETTLED
TXN-09425,ACC-1062,100769.35,2026-08-06,SETTLED
TXN-06901,ACC-1025,283323.97,2026-08-23,SETTLED
TXN-27658,ACC-1242,161456.09,2026-07-16,SETTLED
TXN-51614,ACC-1149,108494.84,2026-07-30,SETTLED
TXN-54376,ACC-1243,454371.12,2026-07-21,PENDING
TXN-67395,ACC-1335,363753.30,2026-07-05,PENDING
TXN-65096,ACC-1142,376267.15,2026-07-05,SETTLED
TXN-06442,ACC-1185,388197.09,2026-08-28,PROCESSING
TXN-49057,ACC-1189,75961.10,2026-07-30,SETTLED
TXN-27971,ACC-1052,344001.25,2026-07-25,SETTLED
TXN-85242,ACC-1031,355855.89,2026-08-03,SETTLED
TXN-14463,ACC-1132,228989.65,2026-07-16,PENDING
TXN-66884,ACC-1121,270206.67,2026-07-02,SETTLED
TXN-27726,ACC-1285,364143.70,2026-08-21,SETTLED
TXN-24241,ACC-1291,305488.52,2026-07-26,SETTLED
TXN-63487,ACC-1155,179076.63,2026-08-07,SETTLED
TXN-24512,ACC-1009,468831.91,2026-06-30,SETTLED
TXN-33843,ACC-1395,160819.55,2026-07-12,SETTLED
TXN-08463,ACC-1330,302417.56,2026-07-02,SETTLED
TXN-62963,ACC-1143,255028.88,2026-08-26,SETTLED
TXN-02646,ACC-1020,389205.77,2026-07-31,PENDING
TXN-78425,ACC-1304,495346.75,2026-08-18,SETTLED
TXN-71066,ACC-1362,134213.17,2026-07-16,SETTLED
TXN-54642,ACC-1312,68588.15,2026-08-24,PROCESSING
TXN-01345,ACC-1068,8570.00,2026-07-04,PROCESSING
TXN-42632,ACC-1026,153362.45,2026-08-04,PROCESSING
TXN-27048,ACC-1375,151633.50,2026-08-27,PROCESSING
TXN-43211,ACC-1353,460123.47,2026-08-11,SETTLED
TXN-80577,ACC-1316,132682.40,2026-07-02,SETTLED
TXN-63997,ACC-1135,249575.70,2026-08-12,SETTLED
TXN-14341,ACC-1318,386121.11,2026-07-29,PROCESSING
TXN-71227,ACC-1248,260251.29,2026-08-03,PROCESSING
TXN-59952,ACC-1217,82051.99,2026-08-09,PROCESSING
TXN-76887,ACC-1099,40743.38,2026-08-11,SETTLED
TXN-29301,ACC-1295,62897.55,2026-07-20,SETTLED
TXN-86107,ACC-1056,138644.67,2026-08-18,SETTLED
TXN-45621,ACC-1017,493328.40,2026-07-11,PROCESSING
TXN-17530,ACC-1101,296705.33,2026-08-12,PENDING
TXN-36470,ACC-1301,366268.21,2026-07-19,SETTLED
TXN-78764,ACC-1164,104939.56,2026-08-03,SETTLED
TXN-13030,ACC-1076,312684.64,2026-07-29,SETTLED
TXN-35765,ACC-1166,31778.89,2026-08-17,PENDING
TXN-79217,ACC-1375,448039.22,2026-07-19,PENDING
TXN-64937,ACC-1312,112075.47,2026-07-04,SETTLED
TXN-41929,ACC-1363,461011.63,2026-08-08,SETTLED
TXN-35652,ACC-1134,289583.17,2026-08-27,SETTLED
TXN-54030,ACC-1056,359262.90,2026-07-13,PROCESSING
TXN-66041,ACC-1157,183190.00,2026-07-13,PENDING
TXN-96118,ACC-1204,84151.62,2026-07-24,SETTLED
TXN-62522,ACC-1100,312014.95,2026-07-29,SETTLED
TXN-29654,ACC-1157,125145.74,2026-07-17,PENDING
TXN-70359,ACC-1053,410583.40,2026-07-19,SETTLED
TXN-16416,ACC-1192,439650.58,2026-08-25,SETTLED
TXN-66734,ACC-1335,10138.79,2026-07-01,SETTLED
TXN-05445,ACC-1152,164981.84,2026-07-05,PENDING
TXN-01825,ACC-1247,108962.08,2026-08-20,PENDING
TXN-42884,ACC-1387,303853.65,2026-08-29,SETTLED
TXN-02229,ACC-1115,107484.51,2026-07-15,PENDING
TXN-49595,ACC-1116,363778.37,2026-07-23,SETTLED
TXN-53088,ACC-1196,147962.94,2026-07-24,SETTLED
TXN-12055,ACC-1131,185240.66,2026-08-29,SETTLED
TXN-65620,ACC-1015,58363.30,2026-08-01,PENDING
TXN-25088,ACC-1212,437623.94,2026-07-08,SETTLED
TXN-55437,ACC-1071,441034.25,2026-08-29,SETTLED
TXN-96195,ACC-1157,290899.87,2026-07-14,SETTLED
TXN-41369,ACC-1350,442335.64,2026-07-11,SETTLED
TXN-05354,ACC-1161,68248.03,2026-07-24,SETTLED
TXN-36575,ACC-1206,149794.53,2026-08-26,PROCESSING
TXN-50124,ACC-1323,128970.97,2026-08-28,PENDING
TXN-20627,ACC-1276,190654.09,2026-07-30,SETTLED
TXN-06878,ACC-1146,19466.08,2026-08-16,SETTLED
TXN-46482,ACC-1170,347143.00,2026-07-19,SETTLED
TXN-63264,ACC-1218,183842.28,2026-07-25,PENDING
TXN-25048,ACC-1254,440013.65,2026-08-01,SETTLED
TXN-73374,ACC-1329,409995.66,2026-07-07,SETTLED
TXN-22391,ACC-1221,252570.70,2026-07-03,SETTLED
TXN-73733,ACC-1289,124373.35,2026-07-14,SETTLED
TXN-56153,ACC-1303,277403.06,2026-07-02,SETTLED
TXN-20197,ACC-1097,97261.82,2026-08-16,SETTLED
TXN-93619,ACC-1057,314426.98,2026-07-22,PROCESSING
TXN-24728,ACC-1081,323227.21,2026-07-12,PROCESSING
TXN-93408,ACC-1265,121150.14,2026-08-29,PENDING
TXN-59507,ACC-1140,59494.44,2026-07-22,PROCESSING
TXN-34448,ACC-1104,231219.30,2026-08-03,PENDING
TXN-44941,ACC-1314,223738.12,2026-07-28,SETTLED
TXN-39143,ACC-1118,86261.69,2026-08-07,SETTLED
TXN-08235,ACC-1379,250704.54,2026-07-25,SETTLED
TXN-68422,ACC-1297,113314.92,2026-07-08,PROCESSING
TXN-29332,ACC-1251,353975.58,2026-08-14,SETTLED
TXN-29603,ACC-1078,251585.24,2026-07-04,SETTLED
TXN-82384,ACC-1131,457712.87,2026-07-09,SETTLED
TXN-50860,ACC-1322,428668.85,2026-07-29,SETTLED
TXN-69330,ACC-1074,454285.01,2026-07-25,SETTLED
TXN-61939,ACC-1009,154234.06,2026-08-03,SETTLED
TXN-91853,ACC-1395,267067.86,2026-07-04,PROCESSING
TXN-73825,ACC-1257,170806.27,2026-07-30,PENDING
TXN-70446,ACC-1283,442063.63,2026-07-27,PENDING
TXN-32668,ACC-1384,57628.72,2026-07-10,SETTLED
TXN-86443,ACC-1297,458970.51,2026-08-04,SETTLED
TXN-37442,ACC-1122,314740.46,2026-07-20,SETTLED
TXN-42030,ACC-1335,375084.92,2026-08-19,SETTLED
TXN-85937,ACC-1194,132059.69,2026-08-03,SETTLED
TXN-65203,ACC-1331,228161.38,2026-07-21,SETTLED
TXN-15356,ACC-1141,430130.23,2026-07-02,SETTLED
TXN-91962,ACC-1309,472507.17,2026-08-03,SETTLED
TXN-18710,ACC-1154,268486.61,2026-08-21,PROCESSING
TXN-68688,ACC-1344,94433.73,2026-07-24,SETTLED
TXN-22113,ACC-1115,70268.71,2026-07-16,SETTLED
TXN-87077,ACC-1390,58897.22,2026-08-25,SETTLED
TXN-02946,ACC-1065,107713.02,2026-07-14,SETTLED
TXN-98024,ACC-1371,247738.30,2026-08-25,SETTLED
TXN-44390,ACC-1282,61069.89,2026-07-25,SETTLED
TXN-69361,ACC-1092,397491.23,2026-08-06,PENDING
TXN-93421,ACC-1144,385215.70,2026-08-08,PROCESSING
TXN-26215,ACC-1066,250046.50,2026-07-21,PROCESSING
TXN-80292,ACC-1034,143954.73,2026-08-13,SETTLED
TXN-15781,ACC-1375,279440.17,2026-08-03,PENDING
TXN-41050,ACC-1300,33584.60,2026-08-04,SETTLED
TXN-13305,ACC-1256,13005.44,2026-08-28,SETTLED
TXN-33876,ACC-1156,185013.42,2026-08-18,SETTLED
TXN-56227,ACC-1076,207672.94,2026-08-12,SETTLED
TXN-30137,ACC-1028,204676.17,2026-07-22,SETTLED
TXN-13056,ACC-1209,254016.38,2026-07-28,SETTLED
TXN-83653,ACC-1127,151397.04,2026-08-06,PROCESSING
TXN-25674,ACC-1004,288603.25,2026-07-15,PROCESSING
TXN-78577,ACC-1210,123948.27,2026-07-24,SETTLED
TXN-99617,ACC-1383,203329.58,2026-07-30,SETTLED
TXN-73510,ACC-1164,30640.43,2026-08-17,SETTLED
TXN-08040,ACC-1205,331552.12,2026-07-03,SETTLED
TXN-31857,ACC-1378,481107.96,2026-07-28,PROCESSING
TXN-36433,ACC-1058,117887.17,2026-08-15,PROCESSING
TXN-87438,ACC-1007,8655.75,2026-08-10,SETTLED
TXN-80028,ACC-1083,491992.44,2026-08-04,PROCESSING
TXN-59242,ACC-1053,65516.67,2026-07-04,SETTLED
TXN-92431,ACC-1002,211070.11,2026-07-19,PENDING
TXN-26816,ACC-1274,111257.62,2026-08-06,PROCESSING
TXN-02711,ACC-1353,240956.87,2026-08-05,SETTLED
TXN-73831,ACC-1099,444676.85,2026-07-04,SETTLED
TXN-89505,ACC-1037,330214.99,2026-07-25,PENDING
TXN-35216,ACC-1223,444365.25,2026-07-19,SETTLED
TXN-19247,ACC-1190,426579.89,2026-08-14,SETTLED
TXN-94076,ACC-1215,223831.21,2026-08-27,PENDING
TXN-58428,ACC-1130,45951.27,2026-08-22,SETTLED
TXN-29024,ACC-1204,49223.93,2026-08-18,PENDING
TXN-68004,ACC-1351,170809.57,2026-08-26,SETTLED
TXN-65470,ACC-1031,159822.92,2026-07-22,PROCESSING
TXN-70398,ACC-1114,139013.58,2026-07-15,SETTLED
TXN-83389,ACC-1355,471921.56,2026-08-25,PENDING
TXN-09901,ACC-1150,253830.81,2026-07-13,PROCESSING
TXN-56237,ACC-1163,48271.33,2026-08-08,SETTLED
TXN-48249,ACC-1357,286723.41,2026-08-09,SETTLED
TXN-80363,ACC-1023,175730.15,2026-07-11,SETTLED
TXN-86076,ACC-1245,124593.41,2026-08-01,SETTLED
TXN-80571,ACC-1390,64288.38,2026-07-26,SETTLED
TXN-96125,ACC-1330,129770.01,2026-08-19,SETTLED
TXN-63550,ACC-1163,404138.92,2026-08-22,SETTLED
TXN-58615,ACC-1191,355288.69,2026-08-19,SETTLED
TXN-33812,ACC-1004,203388.44,2026-08-22,PROCESSING
TXN-98616,ACC-1129,342650.24,2026-08-23,SETTLED
TXN-10482,ACC-1118,240664.66,2026-07-15,SETTLED
TXN-26515,ACC-1146,327526.39,2026-07-16,SETTLED
TXN-45180,ACC-1058,147903.22,2026-08-28,SETTLED
TXN-59725,ACC-1021,299157.13,2026-08-25,PENDING
TXN-69636,ACC-1029,366338.79,2026-07-19,PENDING
TXN-83317,ACC-1256,126935.87,2026-08-13,PROCESSING
TXN-79742,ACC-1215,98060.50,2026-07-06,PENDING
TXN-63745,ACC-1190,162244.77,2026-08-01,PENDING
TXN-96358,ACC-1399,465622.83,2026-07-29,PENDING
TXN-34118,ACC-1160,133672.28,2026-07-20,SETTLED
TXN-64002,ACC-1091,463893.11,2026-07-15,SETTLED
TXN-61647,ACC-1148,36715.26,2026-07-18,SETTLED
TXN-77889,ACC-1165,361285.94,2026-08-23,PENDING
TXN-38096,ACC-1041,476944.77,2026-08-22,PENDING
TXN-86012,ACC-1355,470886.40,2026-07-23,SETTLED
TXN-40419,ACC-1366,483465.01,2026-07-05,SETTLED
TXN-83593,ACC-1205,188306.31,2026-08-29,PENDING
TXN-47879,ACC-1382,463433.27,2026-07-03,PROCESSING
TXN-34489,ACC-1017,26217.81,2026-07-02,SETTLED
TXN-46423,ACC-1100,258374.12,2026-07-11,SETTLED
TXN-39903,ACC-1093,206670.37,2026-07-27,SETTLED
TXN-85482,ACC-1043,277712.89,2026-07-13,SETTLED
TXN-10714,ACC-1369,499312.71,2026-08-09,SETTLED
TXN-59026,ACC-1315,24719.01,2026-07-05,SETTLED
TXN-20888,ACC-1318,5892.46,2026-07-08,SETTLED
TXN-04565,ACC-1287,378938.06,2026-07-01,PROCESSING
TXN-91197,ACC-1392,50756.97,2026-08-03,PENDING
TXN-74139,ACC-1385,323936.25,2026-07-06,SETTLED
TXN-78409,ACC-1214,385333.56,2026-07-03,SETTLED
TXN-29501,ACC-1175,481399.09,2026-08-04,SETTLED
TXN-88232,ACC-1122,103137.13,2026-07-16,PROCESSING
TXN-49361,ACC-1004,86106.72,2026-08-08,SETTLED
TXN-91376,ACC-1109,236892.76,2026-08-23,SETTLED
TXN-57526,ACC-1229,212720.84,2026-07-28,SETTLED
TXN-77419,ACC-1160,496772.12,2026-07-13,PENDING
TXN-76760,ACC-1364,389933.28,2026-08-10,PENDING
TXN-24115,ACC-1203,134887.12,2026-08-04,SETTLED
TXN-17916,ACC-1357,426339.99,2026-08-18,SETTLED
TXN-28378,ACC-1365,337405.94,2026-08-25,SETTLED
TXN-25558,ACC-1137,275636.70,2026-06-30,SETTLED
TXN-60367,ACC-1388,254563.03,2026-08-25,PENDING
TXN-36827,ACC-1233,375373.13,2026-08-07,SETTLED
TXN-68400,ACC-1221,303052.57,2026-08-04,SETTLED
TXN-86583,ACC-1217,150270.76,2026-07-26,PROCESSING
TXN-12942,ACC-1325,487770.48,2026-08-17,PENDING
TXN-95191,ACC-1002,56847.49,2026-08-16,SETTLED
TXN-29895,ACC-1363,310326.24,2026-07-10,PROCESSING
TXN-61197,ACC-1186,314801.05,2026-08-04,SETTLED
TXN-58490,ACC-1082,201834.47,2026-07-30,PROCESSING
TXN-32150,ACC-1175,423795.04,2026-08-16,PENDING
TXN-31716,ACC-1199,384679.06,2026-08-03,SETTLED
TXN-62252,ACC-1293,199600.61,2026-08-21,SETTLED
TXN-03555,ACC-1397,284786.59,2026-08-02,SETTLED
TXN-46610,ACC-1372,426639.51,2026-07-27,SETTLED
TXN-77448,ACC-1336,18187.21,2026-07-25,SETTLED
TXN-69473,ACC-1369,424815.16,2026-08-19,SETTLED
TXN-16613,ACC-1061,322018.74,2026-08-24,SETTLED
TXN-73518,ACC-1116,311298.96,2026-07-23,SETTLED
TXN-54006,ACC-1243,90673.21,2026-07-29,SETTLED
TXN-20797,ACC-1293,443189.86,2026-07-07,SETTLED
TXN-79160,ACC-1034,193095.49,2026-07-25,SETTLED
TXN-38612,ACC-1031,444096.72,2026-07-17,SETTLED
TXN-99758,ACC-1186,244214.23,2026-08-17,SETTLED
TXN-50949,ACC-1121,182677.89,2026-08-24,PROCESSING
TXN-90122,ACC-1385,341802.36,2026-08-02,SETTLED
TXN-50254,ACC-1328,272652.04,2026-07-11,SETTLED
TXN-63655,ACC-1007,21850.78,2026-07-09,SETTLED
TXN-97715,ACC-1057,58826.43,2026-07-28,SETTLED
TXN-79483,ACC-1369,114309.80,2026-08-13,SETTLED
TXN-71469,ACC-1120,324791.29,2026-07-31,SETTLED
TXN-31690,ACC-1385,323077.50,2026-08-20,SETTLED
TXN-11092,ACC-1062,493864.82,2026-07-14,SETTLED
TXN-88697,ACC-1218,135090.02,2026-08-26,SETTLED
TXN-69729,ACC-1021,222473.60,2026-07-25,SETTLED
TXN-24145,ACC-1336,418661.32,2026-08-28,PENDING
TXN-69396,ACC-1217,99976.24,2026-08-14,SETTLED
TXN-78338,ACC-1168,333690.28,2026-08-03,PENDING
TXN-85205,ACC-1247,307441.03,2026-08-03,SETTLED
TXN-99403,ACC-1086,10781.10,2026-08-01,SETTLED
TXN-24528,ACC-1089,41799.82,2026-08-17,PENDING
TXN-54694,ACC-1265,233378.12,2026-08-22,SETTLED
TXN-94198,ACC-1230,17638.54,2026-08-15,PROCESSING
TXN-29425,ACC-1234,478056.98,2026-08-22,PENDING
TXN-20688,ACC-1326,169528.12,2026-08-17,PENDING
TXN-90981,ACC-1154,253404.63,2026-08-01,SETTLED
TXN-90090,ACC-1103,157531.25,2026-07-08,PENDING
TXN-85590,ACC-1018,346057.26,2026-07-11,SETTLED
TXN-55682,ACC-1290,236149.41,2026-08-07,PENDING
TXN-20559,ACC-1233,317515.19,2026-08-16,PENDING
TXN-29528,ACC-1147,314356.06,2026-08-06,SETTLED
TXN-12843,ACC-1072,80611.32,2026-07-03,SETTLED
TXN-34213,ACC-1254,219927.28,2026-07-16,PENDING
TXN-16193,ACC-1167,7576.65,2026-07-12,SETTLED
TXN-73253,ACC-1377,235006.71,2026-08-12,PROCESSING
TXN-92786,ACC-1050,146265.17,2026-07-05,SETTLED
TXN-55226,ACC-1116,315600.43,2026-07-31,SETTLED
TXN-78445,ACC-1298,479741.18,2026-07-05,SETTLED
TXN-68536,ACC-1174,233837.44,2026-08-13,SETTLED
TXN-31251,ACC-1396,225689.96,2026-07-08,SETTLED
TXN-97425,ACC-1338,92847.93,2026-08-24,PENDING
TXN-40354,ACC-1177,146759.74,2026-08-10,SETTLED
TXN-54402,ACC-1302,279964.10,2026-08-13,SETTLED
TXN-70365,ACC-1263,73513.99,2026-08-22,PROCESSING
TXN-59693,ACC-1311,256925.42,2026-08-29,SETTLED
TXN-94715,ACC-1074,481248.35,2026-07-24,PROCESSING
TXN-41394,ACC-1376,52401.41,2026-07-25,PROCESSING
TXN-13289,ACC-1235,42654.86,2026-08-29,SETTLED
TXN-22822,ACC-1300,173364.17,2026-07-07,SETTLED
TXN-02894,ACC-1095,165665.90,2026-07-03,SETTLED
TXN-50370,ACC-1152,200429.78,2026-07-12,PROCESSING
TXN-78923,ACC-1298,353554.10,2026-07-17,SETTLED
TXN-25139,ACC-1317,397499.87,2026-08-14,SETTLED
TXN-03908,ACC-1224,241473.06,2026-07-16,SETTLED
TXN-63131,ACC-1267,47865.01,2026-08-28,PENDING
TXN-70460,ACC-1192,65936.59,2026-08-24,SETTLED
TXN-43167,ACC-1210,255349.39,2026-07-04,SETTLED
TXN-38197,ACC-1082,111533.71,2026-07-11,SETTLED
TXN-87702,ACC-1294,382638.70,2026-08-02,PENDING
TXN-95738,ACC-1021,27893.84,2026-07-02,PENDING
TXN-09176,ACC-1260,245406.51,2026-07-18,SETTLED
TXN-78664,ACC-1377,294697.08,2026-07-22,PENDING
TXN-49111,ACC-1157,433148.45,2026-07-02,SETTLED
TXN-91902,ACC-1050,57840.15,2026-08-20,PROCESSING
TXN-64781,ACC-1002,107197.20,2026-08-04,PROCESSING
TXN-09684,ACC-1141,7947.81,2026-07-08,SETTLED
TXN-93697,ACC-1158,65462.02,2026-07-01,PENDING
TXN-92683,ACC-1339,371787.41,2026-08-14,PROCESSING
TXN-93432,ACC-1225,435181.13,2026-07-11,SETTLED
TXN-31426,ACC-1063,441028.13,2026-07-30,PROCESSING
TXN-84319,ACC-1278,222231.21,2026-07-07,SETTLED
TXN-82318,ACC-1038,57033.04,2026-08-16,SETTLED
TXN-71594,ACC-1224,417449.64,2026-07-07,PENDING
TXN-88693,ACC-1180,315782.99,2026-07-17,SETTLED
TXN-75005,ACC-1038,21145.83,2026-08-02,SETTLED
TXN-86280,ACC-1208,45451.33,2026-07-05,SETTLED
TXN-41666,ACC-1196,77899.62,2026-08-28,PROCESSING
TXN-52661,ACC-1343,314314.77,2026-08-19,PENDING
TXN-72944,ACC-1194,495868.90,2026-08-28,SETTLED
TXN-78776,ACC-1345,204140.28,2026-07-13,SETTLED
TXN-18357,ACC-1150,467876.02,2026-07-05,PENDING
TXN-23541,ACC-1278,398625.03,2026-07-01,SETTLED
TXN-25985,ACC-1071,156334.78,2026-08-09,PROCESSING
TXN-35450,ACC-1028,217877.74,2026-07-12,SETTLED
TXN-70651,ACC-1108,10519.94,2026-08-26,PENDING
TXN-67781,ACC-1110,108087.58,2026-07-17,SETTLED
TXN-21151,ACC-1154,63300.27,2026-07-24,SETTLED
TXN-71367,ACC-1262,180639.31,2026-07-05,SETTLED
TXN-88359,ACC-1235,286156.47,2026-07-12,SETTLED
TXN-87417,ACC-1097,164299.69,2026-07-06,PROCESSING
TXN-86336,ACC-1054,381651.92,2026-07-04,PENDING
TXN-84952,ACC-1254,164508.59,2026-08-13,PENDING
TXN-71363,ACC-1006,424351.18,2026-08-13,SETTLED
TXN-22071,ACC-1395,170240.20,2026-08-16,SETTLED
TXN-81874,ACC-1202,35037.47,2026-07-18,SETTLED
TXN-68992,ACC-1210,239500.95,2026-07-02,SETTLED
TXN-58687,ACC-1109,7907.38,2026-08-04,SETTLED
TXN-71794,ACC-1176,213110.75,2026-07-07,SETTLED
TXN-05365,ACC-1047,74750.86,2026-08-23,SETTLED
TXN-86645,ACC-1238,46358.78,2026-08-10,SETTLED
TXN-16412,ACC-1126,82166.19,2026-07-09,SETTLED
TXN-27332,ACC-1287,229796.09,2026-07-13,PENDING
TXN-68948,ACC-1101,176719.32,2026-08-28,SETTLED
TXN-47262,ACC-1018,394333.16,2026-08-25,SETTLED
TXN-65600,ACC-1220,369853.89,2026-07-05,SETTLED
TXN-65564,ACC-1231,449509.27,2026-08-12,SETTLED
TXN-88102,ACC-1287,222194.98,2026-07-28,SETTLED
TXN-26109,ACC-1397,484513.26,2026-07-19,PENDING
TXN-32572,ACC-1143,278174.88,2026-07-14,SETTLED
TXN-73006,ACC-1047,145387.41,2026-07-08,SETTLED
TXN-39330,ACC-1002,63331.38,2026-08-13,SETTLED
TXN-55895,ACC-1186,246238.93,2026-08-06,SETTLED
TXN-27716,ACC-1038,400089.14,2026-07-19,SETTLED
TXN-08048,ACC-1005,331873.39,2026-08-24,SETTLED
TXN-80107,ACC-1388,36592.67,2026-08-27,SETTLED
TXN-22908,ACC-1170,254225.21,2026-07-27,SETTLED
TXN-59907,ACC-1071,227051.66,2026-07-31,PENDING
TXN-79313,ACC-1073,275333.83,2026-07-02,PROCESSING
TXN-55576,ACC-1290,246726.23,2026-07-12,SETTLED
TXN-93645,ACC-1256,314565.09,2026-08-06,SETTLED
TXN-55952,ACC-1048,365431.14,2026-07-14,PENDING
TXN-01019,ACC-1083,361245.11,2026-08-11,PROCESSING
TXN-01067,ACC-1142,467948.12,2026-07-16,PROCESSING
TXN-93252,ACC-1251,33849.55,2026-07-16,PROCESSING
TXN-36122,ACC-1109,144120.00,2026-08-01,SETTLED
TXN-14089,ACC-1327,367932.11,2026-07-06,PROCESSING
TXN-38671,ACC-1144,349998.01,2026-08-02,PROCESSING
TXN-05647,ACC-1003,299801.17,2026-07-19,SETTLED
TXN-08278,ACC-1340,125661.69,2026-07-01,SETTLED
TXN-41155,ACC-1088,35702.48,2026-08-01,PENDING
TXN-46049,ACC-1354,13474.16,2026-08-12,SETTLED
TXN-26545,ACC-1231,275329.83,2026-07-03,SETTLED
TXN-29767,ACC-1389,63181.36,2026-08-25,SETTLED
TXN-22279,ACC-1236,444481.48,2026-08-25,SETTLED
TXN-72431,ACC-1059,103109.31,2026-08-23,SETTLED
TXN-08983,ACC-1257,271302.41,2026-07-25,SETTLED
TXN-07399,ACC-1109,299978.37,2026-07-24,SETTLED
TXN-13966,ACC-1058,344461.62,2026-07-28,SETTLED
TXN-93915,ACC-1166,214602.23,2026-08-08,SETTLED
TXN-18609,ACC-1080,23075.73,2026-08-01,PENDING
TXN-94330,ACC-1044,317603.29,2026-07-10,SETTLED
TXN-39902,ACC-1387,27864.82,2026-07-01,SETTLED
TXN-13452,ACC-1117,126859.40,2026-08-18,SETTLED
TXN-79949,ACC-1058,409307.74,2026-08-09,SETTLED
TXN-19104,ACC-1289,215331.28,2026-08-23,PENDING
TXN-87970,ACC-1105,123801.90,2026-08-10,PROCESSING
TXN-17252,ACC-1386,186122.89,2026-07-17,SETTLED
TXN-72290,ACC-1200,264966.54,2026-07-24,SETTLED
TXN-97583,ACC-1298,270580.61,2026-07-09,SETTLED
TXN-88590,ACC-1218,239195.45,2026-07-24,SETTLED
TXN-94208,ACC-1231,46065.43,2026-07-24,PENDING
TXN-79480,ACC-1359,133749.62,2026-07-01,SETTLED
TXN-89318,ACC-1046,76696.64,2026-07-06,SETTLED
TXN-27527,ACC-1354,288473.08,2026-07-02,SETTLED
TXN-29518,ACC-1030,400807.65,2026-07-22,SETTLED
TXN-25647,ACC-1041,62014.05,2026-07-14,SETTLED
TXN-34617,ACC-1101,398512.43,2026-07-30,SETTLED
TXN-70931,ACC-1168,145352.48,2026-07-04,SETTLED
TXN-92315,ACC-1285,153981.59,2026-08-27,SETTLED
TXN-05066,ACC-1053,195893.77,2026-08-16,PENDING
TXN-07945,ACC-1094,355880.58,2026-07-13,PROCESSING
TXN-67759,ACC-1105,289607.55,2026-08-03,SETTLED
TXN-37828,ACC-1227,464676.30,2026-07-17,SETTLED
TXN-58519,ACC-1095,458224.37,2026-07-26,SETTLED
TXN-28118,ACC-1130,12852.19,2026-07-18,SETTLED
TXN-58971,ACC-1152,288831.84,2026-07-23,PENDING
TXN-36164,ACC-1040,279895.96,2026-07-17,SETTLED
TXN-92695,ACC-1222,83484.39,2026-08-06,SETTLED
TXN-16741,ACC-1307,393156.38,2026-07-27,PENDING
TXN-82840,ACC-1076,116432.05,2026-07-10,PENDING
TXN-35637,ACC-1051,159218.25,2026-08-25,PENDING
TXN-37420,ACC-1002,147643.46,2026-08-05,PROCESSING
TXN-09197,ACC-1229,58202.52,2026-08-07,SETTLED
TXN-25324,ACC-1046,75986.24,2026-08-29,SETTLED
TXN-17892,ACC-1219,360213.65,2026-08-01,SETTLED
TXN-72281,ACC-1164,186887.46,2026-08-06,SETTLED
TXN-50935,ACC-1174,12074.77,2026-07-18,SETTLED
TXN-04327,ACC-1226,194974.68,2026-07-08,SETTLED
TXN-12675,ACC-1018,175703.19,2026-08-02,SETTLED
TXN-65706,ACC-1175,352431.89,2026-08-21,SETTLED
TXN-20660,ACC-1193,321366.20,2026-07-30,SETTLED
TXN-15782,ACC-1284,124938.69,2026-07-21,SETTLED
TXN-80499,ACC-1288,10333.87,2026-07-08,SETTLED
TXN-93759,ACC-1246,44909.44,2026-08-10,PENDING
TXN-24787,ACC-1364,221541.39,2026-08-17,SETTLED
TXN-13670,ACC-1054,61914.00,2026-07-02,PENDING
TXN-51775,ACC-1391,258704.81,2026-07-19,PENDING
TXN-02242,ACC-1085,89518.50,2026-07-05,PROCESSING
TXN-18977,ACC-1281,158596.79,2026-08-08,PROCESSING
TXN-62941,ACC-1060,299327.54,2026-08-09,PENDING
TXN-55052,ACC-1092,439125.41,2026-07-31,SETTLED
TXN-12528,ACC-1038,432199.31,2026-08-25,SETTLED
TXN-48355,ACC-1062,362326.84,2026-08-02,SETTLED
TXN-59899,ACC-1256,474581.20,2026-08-20,SETTLED
TXN-14024,ACC-1396,181822.53,2026-08-25,SETTLED
TXN-69878,ACC-1182,103387.15,2026-07-31,SETTLED
TXN-44102,ACC-1302,73928.04,2026-08-07,SETTLED
TXN-98644,ACC-1340,310538.56,2026-08-11,SETTLED
TXN-83433,ACC-1114,254402.32,2026-07-21,PENDING
TXN-25079,ACC-1368,239840.64,2026-07-25,SETTLED
TXN-67090,ACC-1261,160273.30,2026-07-18,SETTLED
TXN-66428,ACC-1338,184583.87,2026-07-18,PROCESSING
TXN-82424,ACC-1285,159779.24,2026-07-28,SETTLED
TXN-98025,ACC-1270,193166.29,2026-08-05,SETTLED
TXN-33672,ACC-1329,233865.84,2026-07-20,PROCESSING
TXN-54844,ACC-1260,408294.44,2026-08-14,SETTLED
TXN-51670,ACC-1236,290223.70,2026-08-16,SETTLED
TXN-10209,ACC-1288,163899.16,2026-07-24,SETTLED
TXN-85995,ACC-1372,193545.82,2026-08-20,SETTLED
TXN-64884,ACC-1116,41769.83,2026-08-11,PROCESSING
TXN-27494,ACC-1021,268841.59,2026-08-25,SETTLED
TXN-43666,ACC-1091,72953.62,2026-08-06,PROCESSING
TXN-20272,ACC-1030,427628.60,2026-07-14,PROCESSING
TXN-36544,ACC-1365,247736.69,2026-07-30,PROCESSING
TXN-11897,ACC-1056,306979.48,2026-07-03,SETTLED
TXN-19729,ACC-1109,342664.41,2026-07-08,SETTLED
TXN-79712,ACC-1292,171828.36,2026-07-22,PENDING
TXN-92024,ACC-1046,235872.78,2026-07-30,PROCESSING
TXN-57865,ACC-1132,350765.02,2026-08-24,SETTLED
TXN-10246,ACC-1375,196206.69,2026-08-02,SETTLED
TXN-95871,ACC-1076,32719.38,2026-08-02,PENDING
TXN-08170,ACC-1369,109876.15,2026-08-04,SETTLED
TXN-12737,ACC-1206,451415.49,2026-08-27,SETTLED
TXN-02271,ACC-1242,173627.15,2026-07-01,SETTLED
TXN-53743,ACC-1372,476529.92,2026-08-07,SETTLED
TXN-74777,ACC-1072,178784.03,2026-07-14,SETTLED
TXN-32828,ACC-1327,494979.88,2026-07-14,SETTLED
TXN-69081,ACC-1297,428952.95,2026-08-28,SETTLED
TXN-67851,ACC-1126,22887.67,2026-07-04,PENDING
TXN-55094,ACC-1280,330476.49,2026-07-17,SETTLED
TXN-41992,ACC-1222,301415.31,2026-07-30,PENDING
TXN-83366,ACC-1280,226830.08,2026-08-16,SETTLED
TXN-40145,ACC-1234,453274.02,2026-08-10,SETTLED
TXN-59388,ACC-1336,335125.33,2026-07-28,SETTLED
TXN-60223,ACC-1024,345480.02,2026-08-07,SETTLED
TXN-52890,ACC-1348,72282.19,2026-08-28,SETTLED
TXN-57914,ACC-1096,459660.71,2026-08-01,SETTLED
TXN-20013,ACC-1231,332145.11,2026-08-24,SETTLED
TXN-72949,ACC-1307,97501.34,2026-07-27,SETTLED
TXN-44551,ACC-1192,300522.57,2026-07-07,SETTLED
TXN-32123,ACC-1246,170249.77,2026-07-04,PENDING
TXN-92125,ACC-1191,317456.21,2026-08-11,SETTLED
TXN-60739,ACC-1135,47303.13,2026-08-07,SETTLED
TXN-40271,ACC-1129,470322.73,2026-07-26,SETTLED
TXN-21383,ACC-1256,194829.12,2026-08-17,SETTLED
TXN-28113,ACC-1220,360111.00,2026-07-27,PENDING
TXN-26932,ACC-1385,303113.20,2026-08-06,PROCESSING
TXN-86804,ACC-1116,173573.39,2026-08-03,SETTLED
TXN-34929,ACC-1029,126847.04,2026-08-01,SETTLED
TXN-55591,ACC-1281,228009.77,2026-08-05,SETTLED
TXN-38507,ACC-1152,176901.83,2026-08-04,PENDING
TXN-05191,ACC-1314,19272.22,2026-08-20,SETTLED
TXN-86299,ACC-1020,397161.12,2026-08-16,SETTLED
TXN-09452,ACC-1059,476133.34,2026-08-11,SETTLED
TXN-83930,ACC-1354,30599.65,2026-07-10,SETTLED
TXN-14993,ACC-1292,447074.36,2026-08-05,SETTLED
TXN-46952,ACC-1263,283917.21,2026-08-11,PROCESSING
TXN-10597,ACC-1229,479893.43,2026-08-06,PENDING
TXN-97838,ACC-1040,284323.81,2026-07-15,SETTLED
TXN-52770,ACC-1244,140776.14,2026-07-22,PENDING
TXN-10926,ACC-1112,430634.98,2026-08-17,SETTLED
TXN-38468,ACC-1298,226628.50,2026-08-07,SETTLED
TXN-86368,ACC-1349,18731.27,2026-07-07,PROCESSING
TXN-59347,ACC-1132,242955.61,2026-07-03,SETTLED
TXN-49217,ACC-1291,225491.26,2026-07-15,SETTLED
TXN-51564,ACC-1012,151724.19,2026-08-20,SETTLED
TXN-94455,ACC-1343,81831.08,2026-07-13,SETTLED
TXN-74837,ACC-1316,190040.49,2026-07-16,SETTLED
TXN-38457,ACC-1118,368453.07,2026-08-11,PENDING
TXN-81105,ACC-1360,66084.55,2026-07-31,SETTLED
TXN-21424,ACC-1156,116139.07,2026-08-17,PENDING
TXN-77495,ACC-1088,499889.62,2026-07-25,SETTLED
TXN-09097,ACC-1372,134076.60,2026-07-05,SETTLED
TXN-43720,ACC-1264,143569.80,2026-07-25,SETTLED
TXN-23959,ACC-1362,449572.22,2026-08-18,SETTLED
TXN-09386,ACC-1102,462730.13,2026-07-23,SETTLED
TXN-89929,ACC-1013,175465.56,2026-08-16,PENDING
TXN-58248,ACC-1343,436119.33,2026-07-24,SETTLED
TXN-18693,ACC-1395,346386.34,2026-07-06,SETTLED
TXN-40839,ACC-1153,404706.52,2026-07-21,SETTLED
TXN-04942,ACC-1165,146793.45,2026-07-28,SETTLED
TXN-08960,ACC-1315,148196.09,2026-07-08,SETTLED
TXN-34221,ACC-1057,80709.25,2026-07-11,SETTLED
TXN-71239,ACC-1144,83115.88,2026-08-03,SETTLED
TXN-97177,ACC-1075,137392.02,2026-07-30,SETTLED
TXN-01924,ACC-1339,149102.97,2026-07-28,SETTLED
TXN-33123,ACC-1284,355270.49,2026-06-30,SETTLED
TXN-76702,ACC-1124,342338.33,2026-07-25,PROCESSING
TXN-21304,ACC-1082,293628.58,2026-08-23,SETTLED
TXN-74643,ACC-1398,128883.38,2026-07-08,SETTLED
TXN-20177,ACC-1035,369639.58,2026-08-29,SETTLED
TXN-44446,ACC-1169,74379.09,2026-07-14,SETTLED
TXN-72377,ACC-1354,34027.02,2026-08-27,PENDING
TXN-67031,ACC-1025,364428.59,2026-07-20,SETTLED
TXN-46894,ACC-1199,414814.10,2026-07-16,SETTLED
TXN-65429,ACC-1254,425306.60,2026-07-10,SETTLED
TXN-38639,ACC-1343,104122.44,2026-07-26,SETTLED
TXN-50318,ACC-1306,307599.16,2026-08-11,PENDING
TXN-58304,ACC-1353,175100.00,2026-07-16,SETTLED
TXN-46576,ACC-1241,319750.78,2026-07-05,PENDING
TXN-41239,ACC-1194,266649.95,2026-08-25,PENDING
TXN-93742,ACC-1050,451822.11,2026-08-11,SETTLED
TXN-27964,ACC-1129,174058.63,2026-08-25,SETTLED
TXN-98693,ACC-1156,295142.31,2026-08-03,SETTLED
TXN-46333,ACC-1399,332001.47,2026-08-17,SETTLED
TXN-71401,ACC-1375,418967.70,2026-07-14,SETTLED
TXN-61433,ACC-1042,146598.91,2026-07-16,SETTLED
TXN-58468,ACC-1048,301818.09,2026-07-27,SETTLED
TXN-51522,ACC-1287,456329.45,2026-08-16,PROCESSING
TXN-77315,ACC-1124,36896.57,2026-07-19,PROCESSING
TXN-21818,ACC-1296,161143.86,2026-07-01,SETTLED
TXN-64844,ACC-1040,341521.29,2026-07-19,PROCESSING
TXN-77138,ACC-1356,155813.59,2026-08-03,SETTLED
TXN-43896,ACC-1167,114408.38,2026-08-14,SETTLED
TXN-73954,ACC-1227,473489.11,2026-08-17,SETTLED
TXN-90628,ACC-1307,64788.05,2026-08-29,SETTLED
TXN-18036,ACC-1175,414093.57,2026-07-20,SETTLED
TXN-10704,ACC-1374,334926.55,2026-08-20,SETTLED
TXN-01367,ACC-1202,185554.62,2026-07-26,PENDING
TXN-63514,ACC-1399,89131.97,2026-08-04,SETTLED
TXN-20811,ACC-1279,55844.65,2026-07-18,SETTLED
TXN-25026,ACC-1079,417814.93,2026-08-13,SETTLED
TXN-08551,ACC-1007,377592.94,2026-07-20,SETTLED
TXN-69815,ACC-1295,351682.43,2026-08-05,PROCESSING
TXN-52165,ACC-1160,219002.20,2026-07-17,SETTLED
TXN-60492,ACC-1322,144454.45,2026-07-15,SETTLED
TXN-13283,ACC-1361,97959.44,2026-07-08,SETTLED
TXN-99946,ACC-1371,481565.59,2026-07-04,SETTLED
TXN-87407,ACC-1036,24385.33,2026-07-11,SETTLED
TXN-75313,ACC-1075,179398.62,2026-08-07,PROCESSING
TXN-63060,ACC-1298,468818.92,2026-07-26,SETTLED
TXN-11779,ACC-1398,253895.83,2026-07-27,PENDING
TXN-70724,ACC-1059,422963.80,2026-08-07,PROCESSING
TXN-04766,ACC-1031,415776.59,2026-07-14,SETTLED
TXN-89718,ACC-1296,69321.09,2026-07-14,SETTLED
TXN-25008,ACC-1386,90499.06,2026-08-13,SETTLED
TXN-39789,ACC-1203,157065.45,2026-08-12,PENDING
TXN-73365,ACC-1236,345353.78,2026-08-03,SETTLED
TXN-61588,ACC-1034,235468.41,2026-08-14,SETTLED
TXN-50745,ACC-1138,53331.40,2026-08-26,PROCESSING
TXN-43552,ACC-1320,265667.65,2026-07-19,SETTLED
TXN-03010,ACC-1275,115141.59,2026-08-10,SETTLED
TXN-28407,ACC-1050,279001.93,2026-08-10,SETTLED
TXN-87717,ACC-1093,129430.30,2026-08-11,PENDING
TXN-84311,ACC-1346,161097.43,2026-08-20,SETTLED
TXN-25587,ACC-1116,494042.28,2026-08-04,PROCESSING
TXN-43836,ACC-1002,44716.45,2026-07-03,SETTLED
TXN-54978,ACC-1282,106976.79,2026-07-31,PROCESSING
TXN-50193,ACC-1240,377779.26,2026-08-27,SETTLED
TXN-62678,ACC-1352,9423.23,2026-08-08,SETTLED
TXN-64964,ACC-1092,61595.71,2026-07-30,SETTLED
TXN-54894,ACC-1236,181982.08,2026-08-11,PENDING
TXN-41222,ACC-1206,309540.78,2026-08-12,SETTLED
TXN-26038,ACC-1006,250536.64,2026-07-19,PENDING
TXN-75684,ACC-1272,76055.12,2026-08-23,PENDING
TXN-30021,ACC-1149,388066.76,2026-08-01,SETTLED
TXN-13778,ACC-1060,474972.14,2026-08-26,SETTLED
TXN-03516,ACC-1095,180691.13,2026-08-11,SETTLED
TXN-32349,ACC-1207,143176.80,2026-08-10,SETTLED
TXN-83933,ACC-1115,423661.81,2026-08-19,SETTLED
TXN-03763,ACC-1309,229008.44,2026-08-25,SETTLED
TXN-98679,ACC-1336,335621.15,2026-07-05,SETTLED
TXN-77252,ACC-1088,459255.53,2026-07-11,SETTLED
TXN-05566,ACC-1262,205841.88,2026-08-18,SETTLED
TXN-67733,ACC-1034,326081.10,2026-07-08,SETTLED
TXN-65527,ACC-1018,59729.30,2026-07-19,SETTLED
TXN-76774,ACC-1309,443544.25,2026-08-15,SETTLED
TXN-28609,ACC-1207,454285.65,2026-08-23,SETTLED
TXN-30959,ACC-1064,334008.13,2026-07-30,SETTLED
TXN-85258,ACC-1229,106756.23,2026-07-22,PROCESSING
TXN-86379,ACC-1247,147451.81,2026-08-04,SETTLED
TXN-25342,ACC-1052,177874.09,2026-07-17,SETTLED
TXN-74734,ACC-1125,376514.80,2026-07-04,PROCESSING
TXN-90912,ACC-1044,273030.81,2026-08-06,SETTLED
TXN-03819,ACC-1206,283978.17,2026-07-12,SETTLED
TXN-85799,ACC-1189,227420.84,2026-08-23,SETTLED
TXN-88447,ACC-1184,89041.52,2026-08-24,SETTLED
TXN-88390,ACC-1080,484288.11,2026-08-27,SETTLED
TXN-85491,ACC-1306,253506.15,2026-08-18,SETTLED
TXN-66304,ACC-1113,21435.58,2026-07-05,SETTLED
TXN-39377,ACC-1075,359419.31,2026-07-31,SETTLED
TXN-43808,ACC-1182,104025.43,2026-07-10,SETTLED
TXN-14659,ACC-1002,393548.19,2026-08-20,SETTLED
TXN-81769,ACC-1116,144698.63,2026-07-21,SETTLED
TXN-49925,ACC-1021,247151.43,2026-07-07,PENDING
TXN-06313,ACC-1265,398287.89,2026-08-08,SETTLED
TXN-89051,ACC-1301,475335.53,2026-07-20,SETTLED
TXN-81997,ACC-1085,48007.72,2026-08-27,SETTLED
TXN-75664,ACC-1062,160721.98,2026-08-16,PROCESSING
TXN-79098,ACC-1097,59637.64,2026-08-22,SETTLED
TXN-23399,ACC-1123,385155.68,2026-07-24,SETTLED
TXN-46925,ACC-1265,105003.65,2026-07-02,SETTLED
TXN-47767,ACC-1082,107618.84,2026-07-11,PENDING
TXN-19292,ACC-1245,303946.96,2026-08-10,SETTLED
TXN-93625,ACC-1103,313261.70,2026-07-20,SETTLED
TXN-57666,ACC-1089,7953.08,2026-07-23,PENDING
TXN-83471,ACC-1330,485300.21,2026-08-21,SETTLED
TXN-05894,ACC-1344,227604.78,2026-07-10,SETTLED
TXN-29025,ACC-1248,417588.22,2026-08-15,SETTLED
TXN-29482,ACC-1144,259857.51,2026-07-30,SETTLED
TXN-35160,ACC-1297,314184.82,2026-08-14,SETTLED
TXN-56054,ACC-1317,201624.31,2026-08-13,SETTLED
TXN-64182,ACC-1245,194656.01,2026-08-25,SETTLED
TXN-90676,ACC-1347,24793.51,2026-06-30,SETTLED
TXN-52947,ACC-1388,365512.91,2026-07-01,SETTLED
TXN-96944,ACC-1268,184775.54,2026-08-18,PROCESSING
TXN-20175,ACC-1214,294956.77,2026-08-13,SETTLED
TXN-92091,ACC-1106,451652.60,2026-07-16,PENDING
TXN-76420,ACC-1247,17534.31,2026-08-14,PROCESSING
TXN-60274,ACC-1053,221948.02,2026-07-25,SETTLED
TXN-83394,ACC-1019,447971.92,2026-08-21,SETTLED
TXN-13351,ACC-1386,408458.69,2026-08-22,SETTLED
TXN-78864,ACC-1319,106723.44,2026-07-07,SETTLED
TXN-58353,ACC-1273,280575.38,2026-08-24,SETTLED
TXN-30497,ACC-1361,288211.88,2026-08-06,SETTLED
TXN-89045,ACC-1161,345499.23,2026-08-17,SETTLED
TXN-39667,ACC-1298,246376.56,2026-07-23,SETTLED
TXN-91750,ACC-1350,40197.25,2026-08-18,PENDING
TXN-81284,ACC-1097,450296.21,2026-07-04,PROCESSING
TXN-40097,ACC-1302,429232.00,2026-07-21,SETTLED
TXN-02848,ACC-1332,490058.17,2026-08-02,PROCESSING
TXN-97707,ACC-1384,260890.75,2026-08-04,SETTLED
TXN-78759,ACC-1249,375983.84,2026-07-20,SETTLED
TXN-52571,ACC-1330,300492.89,2026-07-22,SETTLED
TXN-84123,ACC-1143,378992.83,2026-07-04,PROCESSING
TXN-34159,ACC-1380,86497.36,2026-08-14,SETTLED
TXN-39391,ACC-1395,421111.36,2026-06-30,SETTLED
TXN-20487,ACC-1046,251265.06,2026-07-06,SETTLED
TXN-68227,ACC-1124,135216.47,2026-07-08,SETTLED
TXN-21026,ACC-1395,109314.87,2026-07-26,PENDING
TXN-30326,ACC-1007,137546.23,2026-07-23,SETTLED
TXN-63552,ACC-1229,344537.39,2026-08-20,PROCESSING
TXN-03286,ACC-1393,409127.40,2026-08-16,SETTLED
TXN-58196,ACC-1373,77847.03,2026-08-20,PROCESSING
TXN-73629,ACC-1391,194939.09,2026-08-16,SETTLED
TXN-24620,ACC-1046,398509.70,2026-07-08,SETTLED
TXN-64606,ACC-1330,130725.60,2026-07-13,PENDING
TXN-68745,ACC-1081,187865.95,2026-08-14,SETTLED
TXN-92500,ACC-1154,99795.24,2026-08-25,SETTLED
TXN-95558,ACC-1061,353359.30,2026-08-02,PENDING
TXN-72434,ACC-1299,18060.42,2026-08-26,SETTLED
TXN-33510,ACC-1299,102285.68,2026-07-18,SETTLED
TXN-26247,ACC-1288,485838.94,2026-07-04,PENDING
TXN-89154,ACC-1015,443093.54,2026-07-16,PENDING
TXN-35522,ACC-1278,333156.63,2026-08-20,PROCESSING
TXN-54775,ACC-1235,417273.30,2026-08-28,PENDING
TXN-03342,ACC-1246,199795.35,2026-08-08,PROCESSING
TXN-81976,ACC-1312,460982.78,2026-08-03,SETTLED
TXN-92943,ACC-1055,143506.40,2026-08-18,SETTLED
TXN-71297,ACC-1040,430987.94,2026-08-11,SETTLED
TXN-58867,ACC-1182,36867.93,2026-08-11,PENDING
TXN-91258,ACC-1261,208922.47,2026-07-29,SETTLED
TXN-88566,ACC-1195,498128.47,2026-07-17,PROCESSING
TXN-73848,ACC-1109,201635.79,2026-07-06,SETTLED
TXN-13715,ACC-1127,495120.07,2026-07-22,PENDING
TXN-06691,ACC-1350,128293.95,2026-08-14,PROCESSING
TXN-68769,ACC-1089,393472.76,2026-07-18,SETTLED
TXN-45040,ACC-1194,195654.59,2026-07-04,PROCESSING
TXN-12081,ACC-1369,100201.73,2026-07-03,SETTLED
TXN-26017,ACC-1399,481810.26,2026-07-05,PROCESSING
TXN-41046,ACC-1083,486051.07,2026-08-26,PENDING
TXN-10413,ACC-1058,162309.55,2026-08-07,PENDING
TXN-34417,ACC-1025,221290.37,2026-08-07,PENDING
TXN-59533,ACC-1085,14558.16,2026-08-22,PENDING
TXN-40370,ACC-1269,211328.73,2026-08-14,PENDING
TXN-47498,ACC-1073,61281.25,2026-08-10,PENDING
TXN-93087,ACC-1205,162862.45,2026-08-11,PROCESSING
TXN-09222,ACC-1307,483995.47,2026-07-15,SETTLED
TXN-36376,ACC-1303,21577.29,2026-08-04,SETTLED
TXN-78187,ACC-1085,88011.89,2026-08-19,SETTLED
TXN-81524,ACC-1155,126917.63,2026-07-27,PENDING
TXN-19856,ACC-1039,479143.04,2026-08-24,SETTLED
TXN-07266,ACC-1033,142378.82,2026-08-06,SETTLED
TXN-94171,ACC-1215,211332.65,2026-08-12,PENDING
TXN-11610,ACC-1185,240436.87,2026-07-31,SETTLED
TXN-73701,ACC-1024,6734.63,2026-08-28,SETTLED
TXN-39529,ACC-1009,481079.68,2026-07-28,SETTLED
TXN-39339,ACC-1133,181092.67,2026-07-21,SETTLED
TXN-46115,ACC-1141,80708.80,2026-08-08,SETTLED
TXN-09257,ACC-1109,50918.20,2026-07-26,PROCESSING
TXN-17158,ACC-1311,262746.05,2026-07-17,SETTLED
TXN-25648,ACC-1073,153656.37,2026-08-19,PROCESSING
TXN-66996,ACC-1132,298849.47,2026-08-16,PROCESSING
TXN-74756,ACC-1199,212392.84,2026-08-25,SETTLED
TXN-32818,ACC-1393,20194.38,2026-07-06,SETTLED
TXN-98797,ACC-1239,312016.66,2026-07-17,PENDING
TXN-21825,ACC-1176,479055.95,2026-07-21,PENDING
TXN-29540,ACC-1279,418667.80,2026-08-13,PROCESSING
TXN-19050,ACC-1300,49017.30,2026-07-03,SETTLED
TXN-35327,ACC-1314,367560.20,2026-08-04,SETTLED
TXN-39095,ACC-1291,498847.10,2026-08-09,SETTLED
TXN-12397,ACC-1094,58147.53,2026-07-16,SETTLED
TXN-21396,ACC-1265,494586.23,2026-07-22,SETTLED
TXN-87638,ACC-1002,388338.53,2026-07-15,SETTLED
TXN-48160,ACC-1354,202915.13,2026-07-11,SETTLED
TXN-45938,ACC-1350,205153.04,2026-08-12,SETTLED
TXN-88616,ACC-1268,255367.83,2026-08-17,PROCESSING
TXN-97982,ACC-1019,164634.14,2026-07-06,SETTLED
TXN-16400,ACC-1134,110526.95,2026-08-05,SETTLED
TXN-30175,ACC-1331,425743.27,2026-07-25,SETTLED
TXN-15135,ACC-1242,207147.45,2026-07-26,SETTLED
TXN-71937,ACC-1179,11338.15,2026-07-20,PROCESSING
TXN-34651,ACC-1256,498873.95,2026-08-26,SETTLED
TXN-70826,ACC-1085,406640.20,2026-07-21,PROCESSING
TXN-76868,ACC-1027,445643.79,2026-08-01,SETTLED
TXN-93076,ACC-1181,460188.87,2026-08-21,PROCESSING
TXN-16233,ACC-1026,322117.96,2026-07-13,SETTLED
TXN-27576,ACC-1255,124510.59,2026-07-26,SETTLED
TXN-82659,ACC-1226,152703.66,2026-07-27,SETTLED
TXN-40694,ACC-1368,454803.60,2026-07-07,PROCESSING
TXN-92550,ACC-1269,220221.23,2026-08-23,SETTLED
TXN-19911,ACC-1016,423396.18,2026-08-17,SETTLED
TXN-39066,ACC-1290,392121.93,2026-07-20,SETTLED
TXN-61290,ACC-1240,45922.93,2026-07-06,SETTLED
TXN-28065,ACC-1273,123149.85,2026-07-22,SETTLED
TXN-39884,ACC-1022,14897.56,2026-07-29,SETTLED
TXN-05549,ACC-1370,442534.77,2026-07-07,SETTLED
TXN-73223,ACC-1235,319466.97,2026-07-01,SETTLED
TXN-69385,ACC-1175,345363.25,2026-07-12,PROCESSING
TXN-71823,ACC-1145,450152.75,2026-07-17,SETTLED
TXN-19576,ACC-1132,123792.25,2026-08-20,SETTLED
TXN-30432,ACC-1305,255410.54,2026-07-23,SETTLED
TXN-26608,ACC-1397,348801.58,2026-06-30,PROCESSING
TXN-86969,ACC-1071,71369.24,2026-07-28,PROCESSING
TXN-04294,ACC-1072,384312.39,2026-07-18,SETTLED
TXN-09096,ACC-1377,427304.50,2026-06-30,SETTLED
TXN-36734,ACC-1245,461905.75,2026-07-14,PENDING
TXN-93013,ACC-1304,406975.32,2026-08-26,SETTLED
TXN-83172,ACC-1360,371741.27,2026-08-04,SETTLED
TXN-98354,ACC-1397,263951.52,2026-07-31,SETTLED
TXN-46378,ACC-1116,311134.39,2026-07-10,PROCESSING
TXN-77405,ACC-1197,358843.39,2026-07-29,PENDING
TXN-68612,ACC-1212,468995.15,2026-06-30,SETTLED
TXN-02005,ACC-1050,91307.26,2026-08-17,SETTLED
TXN-80749,ACC-1115,288747.53,2026-07-02,SETTLED
TXN-93402,ACC-1018,108554.42,2026-08-26,SETTLED
TXN-31772,ACC-1190,16534.70,2026-07-19,SETTLED
TXN-36135,ACC-1369,240819.56,2026-08-21,SETTLED
TXN-22283,ACC-1218,25094.85,2026-07-04,PROCESSING
TXN-59338,ACC-1018,476459.07,2026-07-21,PROCESSING
TXN-55718,ACC-1020,233134.54,2026-07-04,SETTLED
TXN-62534,ACC-1082,479768.41,2026-07-05,PENDING
TXN-71939,ACC-1040,202638.24,2026-07-06,SETTLED
TXN-22326,ACC-1365,293809.13,2026-08-22,PROCESSING
TXN-57449,ACC-1332,383017.76,2026-07-04,SETTLED
TXN-16516,ACC-1392,212069.27,2026-08-08,SETTLED
TXN-01744,ACC-1018,119080.10,2026-07-21,PROCESSING
TXN-84501,ACC-1033,184298.12,2026-07-26,SETTLED
TXN-63478,ACC-1158,106845.78,2026-07-01,SETTLED
TXN-43557,ACC-1051,406186.85,2026-08-22,SETTLED
TXN-32166,ACC-1161,328213.28,2026-08-17,PROCESSING
TXN-41154,ACC-1180,433986.87,2026-07-22,SETTLED
TXN-46524,ACC-1252,499925.93,2026-07-10,SETTLED
TXN-67715,ACC-1196,276245.91,2026-08-02,SETTLED
TXN-62607,ACC-1002,81617.35,2026-07-27,PROCESSING
TXN-51204,ACC-1361,111801.69,2026-07-07,SETTLED
TXN-17012,ACC-1179,243408.03,2026-08-24,SETTLED
TXN-97933,ACC-1010,205240.18,2026-08-19,SETTLED
TXN-26788,ACC-1253,64512.04,2026-08-20,SETTLED
TXN-92676,ACC-1173,52954.56,2026-08-15,SETTLED
TXN-21040,ACC-1293,168044.73,2026-07-09,SETTLED
TXN-07885,ACC-1158,380440.61,2026-07-01,SETTLED
TXN-34816,ACC-1387,303491.20,2026-08-17,SETTLED
TXN-34831,ACC-1198,324550.99,2026-08-17,SETTLED
TXN-94077,ACC-1369,105149.95,2026-08-26,PROCESSING
TXN-23568,ACC-1189,321017.20,2026-08-02,SETTLED
TXN-04865,ACC-1159,488275.99,2026-07-23,SETTLED
TXN-83986,ACC-1252,200876.18,2026-08-11,PENDING
TXN-39409,ACC-1331,312679.03,2026-08-25,SETTLED
TXN-38034,ACC-1241,222618.94,2026-07-26,SETTLED
TXN-32899,ACC-1118,55201.56,2026-08-08,PROCESSING
TXN-26635,ACC-1214,138526.69,2026-07-01,SETTLED
TXN-09004,ACC-1091,217170.29,2026-08-24,SETTLED
TXN-77033,ACC-1280,26977.82,2026-08-13,SETTLED
TXN-23331,ACC-1136,103502.55,2026-07-23,PENDING
TXN-58681,ACC-1147,424834.21,2026-08-05,PROCESSING
TXN-72857,ACC-1030,184211.82,2026-07-12,PENDING
TXN-22897,ACC-1344,202623.54,2026-08-08,PENDING
TXN-14039,ACC-1140,392559.29,2026-08-09,SETTLED
TXN-65863,ACC-1023,159879.46,2026-07-18,PROCESSING
TXN-79746,ACC-1220,124826.39,2026-07-30,SETTLED
TXN-69373,ACC-1084,190423.68,2026-07-13,PROCESSING
TXN-53033,ACC-1329,422329.03,2026-07-15,PROCESSING
TXN-55826,ACC-1033,337070.80,2026-08-02,PROCESSING
TXN-06534,ACC-1217,265086.11,2026-08-25,SETTLED
TXN-01653,ACC-1206,387958.67,2026-08-15,PROCESSING
TXN-60265,ACC-1008,366558.72,2026-07-06,PENDING
TXN-78129,ACC-1220,296360.16,2026-07-19,SETTLED
TXN-85695,ACC-1341,118765.52,2026-07-27,SETTLED
TXN-32433,ACC-1249,129581.18,2026-07-15,SETTLED
TXN-28816,ACC-1186,345596.37,2026-08-18,PROCESSING
TXN-62687,ACC-1138,353992.23,2026-07-18,SETTLED
TXN-30303,ACC-1113,490674.19,2026-08-06,SETTLED
TXN-60185,ACC-1072,136807.68,2026-08-11,SETTLED
TXN-46232,ACC-1224,207738.71,2026-07-26,PENDING
TXN-70559,ACC-1126,108817.30,2026-08-24,SETTLED
TXN-35724,ACC-1203,24064.03,2026-07-30,SETTLED
TXN-12713,ACC-1267,216833.43,2026-07-03,SETTLED
TXN-33555,ACC-1098,399051.91,2026-07-28,PROCESSING
TXN-10703,ACC-1209,359791.11,2026-07-26,PENDING
TXN-18821,ACC-1197,228374.19,2026-07-22,PENDING
TXN-62323,ACC-1233,476118.15,2026-07-14,SETTLED
TXN-25392,ACC-1094,10862.71,2026-07-19,SETTLED
TXN-43238,ACC-1118,387315.46,2026-07-10,SETTLED
TXN-16697,ACC-1367,208823.98,2026-07-07,SETTLED
TXN-41066,ACC-1088,85013.91,2026-07-17,SETTLED
TXN-49116,ACC-1254,78416.10,2026-08-19,SETTLED
TXN-07850,ACC-1085,424884.12,2026-07-06,PENDING
TXN-29368,ACC-1003,233229.90,2026-07-17,PENDING
TXN-25588,ACC-1221,266917.14,2026-07-25,PROCESSING
TXN-88423,ACC-1391,40500.25,2026-08-07,SETTLED
TXN-79132,ACC-1241,225584.25,2026-07-05,SETTLED
TXN-28858,ACC-1226,195641.27,2026-07-22,SETTLED
TXN-67814,ACC-1051,372728.54,2026-08-27,SETTLED
TXN-89207,ACC-1213,306059.86,2026-07-05,SETTLED
TXN-39548,ACC-1012,307556.49,2026-07-26,SETTLED
TXN-16804,ACC-1370,470541.57,2026-08-26,PROCESSING
TXN-79192,ACC-1073,148380.08,2026-06-30,SETTLED
TXN-74173,ACC-1023,461404.46,2026-08-10,PROCESSING
TXN-21544,ACC-1205,268372.37,2026-07-05,PENDING
TXN-42508,ACC-1376,30490.29,2026-07-24,SETTLED
TXN-79961,ACC-1222,345974.41,2026-08-04,SETTLED
TXN-81564,ACC-1083,86464.96,2026-07-05,PENDING
TXN-95301,ACC-1027,27450.90,2026-08-18,SETTLED
TXN-82800,ACC-1047,219216.81,2026-07-24,SETTLED
TXN-41623,ACC-1109,382271.10,2026-08-15,SETTLED
TXN-27579,ACC-1318,173216.93,2026-07-15,SETTLED
TXN-30254,ACC-1336,133382.44,2026-08-28,SETTLED
TXN-18820,ACC-1046,436603.17,2026-07-09,SETTLED
TXN-71524,ACC-1060,202189.55,2026-08-29,SETTLED
TXN-97620,ACC-1091,271614.15,2026-07-24,PENDING
TXN-27944,ACC-1274,437811.53,2026-08-05,SETTLED
TXN-90361,ACC-1262,411173.80,2026-08-26,PROCESSING
TXN-88147,ACC-1263,442261.85,2026-07-01,SETTLED
TXN-62851,ACC-1215,328888.03,2026-07-04,PENDING
TXN-41208,ACC-1047,423127.46,2026-08-06,SETTLED
TXN-34575,ACC-1242,360530.24,2026-08-05,SETTLED
TXN-60646,ACC-1200,242980.88,2026-08-14,PROCESSING
TXN-80959,ACC-1397,178757.40,2026-08-06,SETTLED
TXN-35696,ACC-1228,49230.52,2026-08-11,SETTLED
TXN-59140,ACC-1087,88035.19,2026-08-25,SETTLED
TXN-27891,ACC-1382,335101.23,2026-08-22,PENDING
TXN-15504,ACC-1369,32595.34,2026-07-24,SETTLED
TXN-88903,ACC-1321,165115.49,2026-08-16,PROCESSING
TXN-83810,ACC-1011,145352.97,2026-08-26,SETTLED
TXN-75021,ACC-1373,148651.17,2026-08-23,PROCESSING
TXN-93719,ACC-1058,393063.69,2026-07-31,SETTLED
TXN-17267,ACC-1288,118954.04,2026-08-26,PROCESSING
TXN-20656,ACC-1393,113098.29,2026-07-30,PENDING
TXN-89620,ACC-1016,29149.26,2026-08-04,SETTLED
TXN-48532,ACC-1262,214632.43,2026-07-28,PENDING
TXN-83065,ACC-1330,415868.97,2026-08-18,SETTLED
TXN-03947,ACC-1375,412309.31,2026-07-05,SETTLED
TXN-79930,ACC-1248,303734.36,2026-08-28,SETTLED
TXN-86821,ACC-1102,271235.17,2026-07-30,SETTLED
TXN-29140,ACC-1299,207560.79,2026-07-01,SETTLED
TXN-89852,ACC-1079,300837.44,2026-07-04,SETTLED
TXN-94880,ACC-1192,138810.73,2026-07-17,PENDING
TXN-79449,ACC-1397,282110.09,2026-07-18,SETTLED
TXN-55850,ACC-1079,262096.09,2026-08-14,PROCESSING
TXN-73690,ACC-1218,119917.50,2026-08-22,SETTLED
TXN-18184,ACC-1367,442020.69,2026-07-04,PROCESSING
TXN-52647,ACC-1260,426743.65,2026-07-28,PENDING
TXN-21433,ACC-1263,223967.27,2026-08-09,SETTLED
TXN-99926,ACC-1244,202105.37,2026-08-17,SETTLED
TXN-15371,ACC-1320,126464.82,2026-08-08,SETTLED
TXN-53203,ACC-1264,485212.93,2026-07-19,SETTLED
TXN-13814,ACC-1206,496289.52,2026-07-24,SETTLED
TXN-96132,ACC-1145,392299.23,2026-08-09,SETTLED
TXN-05318,ACC-1157,75563.66,2026-07-19,SETTLED
TXN-53067,ACC-1176,340069.37,2026-07-23,SETTLED
TXN-58466,ACC-1353,415929.07,2026-07-27,SETTLED
TXN-56439,ACC-1345,122305.52,2026-07-06,PENDING
TXN-99632,ACC-1285,447309.27,2026-08-04,SETTLED
TXN-94734,ACC-1325,445303.28,2026-08-06,PROCESSING
TXN-20634,ACC-1072,132616.41,2026-07-25,SETTLED
TXN-89416,ACC-1135,53071.00,2026-07-28,PENDING
TXN-08976,ACC-1175,283363.50,2026-07-23,SETTLED
TXN-17096,ACC-1199,203845.60,2026-08-08,SETTLED
TXN-95106,ACC-1339,318491.66,2026-08-01,PENDING
TXN-72703,ACC-1262,84193.29,2026-07-09,PROCESSING
TXN-96182,ACC-1052,451534.13,2026-07-24,SETTLED
TXN-43021,ACC-1008,429760.86,2026-07-13,SETTLED
TXN-61350,ACC-1217,67064.18,2026-07-28,SETTLED
TXN-49489,ACC-1148,245979.34,2026-08-20,PROCESSING
TXN-07363,ACC-1021,189067.79,2026-07-07,PROCESSING
TXN-98281,ACC-1297,181807.43,2026-07-27,PENDING
TXN-43937,ACC-1374,409789.44,2026-08-20,PROCESSING
TXN-35182,ACC-1168,454334.83,2026-08-11,PROCESSING
TXN-18582,ACC-1211,405329.94,2026-08-19,SETTLED
TXN-47270,ACC-1299,194715.37,2026-07-22,PENDING
TXN-05264,ACC-1051,415002.51,2026-08-17,PROCESSING
TXN-30394,ACC-1006,169832.16,2026-07-27,PENDING
TXN-62056,ACC-1360,128427.20,2026-08-09,SETTLED
TXN-58995,ACC-1159,87338.79,2026-07-27,PENDING
TXN-33551,ACC-1182,350321.32,2026-08-16,PENDING
TXN-33903,ACC-1338,278694.33,2026-08-04,PROCESSING
TXN-01687,ACC-1098,491611.88,2026-08-22,SETTLED
TXN-35861,ACC-1316,33651.56,2026-08-16,PENDING
TXN-21720,ACC-1181,404916.25,2026-07-06,PROCESSING
TXN-60315,ACC-1100,225885.89,2026-07-08,PENDING
TXN-73286,ACC-1185,203725.65,2026-07-28,PROCESSING
TXN-39108,ACC-1177,474760.64,2026-07-26,SETTLED
TXN-11213,ACC-1123,341226.87,2026-07-08,PENDING
TXN-23437,ACC-1309,346526.16,2026-08-14,SETTLED
TXN-96792,ACC-1181,327426.50,2026-07-19,SETTLED
TXN-87311,ACC-1378,406724.75,2026-07-21,SETTLED
TXN-85207,ACC-1242,485276.10,2026-07-02,PENDING
TXN-47942,ACC-1232,269307.55,2026-08-17,SETTLED
TXN-96427,ACC-1283,39566.57,2026-07-01,SETTLED
TXN-49021,ACC-1040,139384.94,2026-08-10,SETTLED
TXN-85998,ACC-1001,128814.77,2026-07-09,SETTLED
TXN-11401,ACC-1315,379834.79,2026-07-06,SETTLED
TXN-94420,ACC-1374,306013.49,2026-07-06,SETTLED
TXN-36594,ACC-1269,133948.99,2026-07-18,PENDING
TXN-66116,ACC-1264,129266.19,2026-08-28,SETTLED
TXN-98878,ACC-1007,191028.07,2026-07-04,SETTLED
TXN-56580,ACC-1323,424138.51,2026-08-20,PENDING
TXN-95786,ACC-1094,306671.93,2026-07-01,SETTLED
TXN-68180,ACC-1297,281606.86,2026-08-16,SETTLED
TXN-49942,ACC-1354,415045.73,2026-07-11,PENDING
TXN-42747,ACC-1157,165405.43,2026-07-16,SETTLED
TXN-06055,ACC-1079,164349.30,2026-07-07,PROCESSING
TXN-80298,ACC-1088,318452.51,2026-06-30,SETTLED
TXN-40453,ACC-1052,318017.94,2026-08-10,PENDING
TXN-28725,ACC-1195,363974.99,2026-07-03,SETTLED
TXN-37453,ACC-1114,325833.84,2026-08-24,PROCESSING
TXN-68532,ACC-1096,271741.01,2026-08-10,PENDING
TXN-66926,ACC-1131,18279.33,2026-07-01,SETTLED
TXN-09590,ACC-1228,355870.25,2026-07-14,SETTLED
TXN-51184,ACC-1363,492542.19,2026-08-07,SETTLED
TXN-24079,ACC-1184,88711.71,2026-08-09,SETTLED
TXN-51634,ACC-1196,94411.39,2026-07-27,SETTLED
TXN-05412,ACC-1078,182751.49,2026-08-15,SETTLED
TXN-46689,ACC-1090,440525.86,2026-08-03,SETTLED
TXN-67847,ACC-1099,495583.07,2026-07-05,SETTLED
TXN-81316,ACC-1155,444149.13,2026-08-03,SETTLED
TXN-06160,ACC-1377,239289.64,2026-07-26,PENDING
TXN-95887,ACC-1125,306182.09,2026-08-24,PROCESSING
TXN-80977,ACC-1106,351972.99,2026-07-27,SETTLED
TXN-86831,ACC-1380,143674.11,2026-08-15,PENDING
TXN-38570,ACC-1319,32456.90,2026-08-26,SETTLED
TXN-25152,ACC-1320,151900.84,2026-08-26,SETTLED
TXN-73284,ACC-1091,396146.94,2026-08-08,SETTLED
TXN-01388,ACC-1306,32312.39,2026-08-04,SETTLED
TXN-18418,ACC-1269,280506.13,2026-07-01,SETTLED
TXN-38258,ACC-1071,67361.46,2026-07-20,PENDING
TXN-74144,ACC-1181,328680.23,2026-07-13,SETTLED
TXN-38888,ACC-1114,114332.98,2026-07-30,PROCESSING
TXN-08783,ACC-1280,125889.61,2026-07-28,PENDING
TXN-91540,ACC-1290,470812.06,2026-08-05,SETTLED
TXN-91900,ACC-1386,45397.19,2026-08-05,PENDING
TXN-42125,ACC-1267,405811.92,2026-08-22,PENDING
TXN-68801,ACC-1382,268453.58,2026-07-19,SETTLED
TXN-92968,ACC-1294,349765.23,2026-08-17,PENDING
TXN-71996,ACC-1077,277185.39,2026-07-04,PENDING
TXN-82397,ACC-1108,84055.66,2026-08-09,SETTLED
TXN-69127,ACC-1333,455277.39,2026-08-11,SETTLED
TXN-61916,ACC-1171,316338.82,2026-07-23,SETTLED
TXN-42239,ACC-1189,269954.74,2026-08-06,SETTLED
TXN-75360,ACC-1039,34931.89,2026-08-17,SETTLED
TXN-76926,ACC-1375,220880.08,2026-07-25,PROCESSING
TXN-35600,ACC-1232,426558.87,2026-07-22,SETTLED
TXN-95433,ACC-1360,213167.87,2026-08-22,SETTLED
TXN-53417,ACC-1001,53720.54,2026-08-13,SETTLED
TXN-31982,ACC-1153,148217.03,2026-07-04,SETTLED
TXN-60615,ACC-1157,467595.94,2026-07-04,PENDING
TXN-91383,ACC-1213,267900.78,2026-07-01,SETTLED
TXN-33201,ACC-1218,114862.33,2026-07-06,SETTLED
TXN-22080,ACC-1202,39432.67,2026-08-13,SETTLED
TXN-51029,ACC-1357,431412.19,2026-07-23,SETTLED
TXN-93735,ACC-1199,161487.94,2026-08-15,SETTLED
TXN-30531,ACC-1318,116869.08,2026-08-29,SETTLED
TXN-49652,ACC-1108,443437.61,2026-07-09,PENDING
TXN-06157,ACC-1347,55168.95,2026-08-08,PENDING
TXN-26935,ACC-1235,58660.79,2026-07-12,PROCESSING
TXN-38061,ACC-1372,304774.65,2026-08-15,PROCESSING
TXN-51030,ACC-1044,356004.97,2026-07-10,PENDING
TXN-45664,ACC-1167,443762.42,2026-07-12,SETTLED
TXN-27674,ACC-1287,220417.42,2026-07-30,SETTLED
TXN-46906,ACC-1333,275627.35,2026-08-11,SETTLED
TXN-73662,ACC-1169,262034.66,2026-07-14,SETTLED
TXN-48385,ACC-1384,51299.03,2026-07-29,SETTLED
TXN-25163,ACC-1145,344381.06,2026-08-28,PENDING
TXN-05249,ACC-1220,377688.25,2026-07-29,SETTLED
TXN-27491,ACC-1363,79738.06,2026-08-20,SETTLED
TXN-28454,ACC-1171,279886.85,2026-08-20,SETTLED
TXN-02072,ACC-1253,390185.78,2026-07-08,SETTLED
TXN-52094,ACC-1006,326440.21,2026-07-02,PROCESSING
TXN-72526,ACC-1384,237722.22,2026-08-23,PROCESSING
TXN-83523,ACC-1335,375097.01,2026-08-22,SETTLED
TXN-10827,ACC-1339,189712.72,2026-07-02,SETTLED
TXN-12045,ACC-1097,150038.05,2026-07-01,SETTLED
TXN-62414,ACC-1086,102487.31,2026-07-14,PENDING
TXN-29761,ACC-1032,182737.83,2026-07-17,SETTLED
TXN-79077,ACC-1126,239526.41,2026-07-19,SETTLED
TXN-78900,ACC-1247,333784.60,2026-07-07,SETTLED
TXN-13526,ACC-1374,397994.96,2026-07-04,SETTLED
TXN-93256,ACC-1222,239309.52,2026-08-14,PENDING
TXN-91365,ACC-1265,305321.88,2026-07-14,SETTLED
TXN-75641,ACC-1004,28688.14,2026-07-11,SETTLED
TXN-81990,ACC-1016,190857.12,2026-07-03,SETTLED
TXN-05336,ACC-1038,405256.01,2026-07-20,PENDING
TXN-46058,ACC-1243,401861.22,2026-07-31,SETTLED
TXN-06255,ACC-1351,70638.49,2026-08-20,PROCESSING
TXN-62187,ACC-1025,152031.20,2026-08-11,SETTLED
TXN-58720,ACC-1143,422383.50,2026-08-22,SETTLED
TXN-82475,ACC-1215,427158.19,2026-07-10,SETTLED
TXN-46976,ACC-1384,469038.65,2026-07-29,SETTLED
TXN-57896,ACC-1305,416952.01,2026-07-21,PROCESSING
TXN-24502,ACC-1301,179801.18,2026-08-17,SETTLED
TXN-51518,ACC-1168,246889.09,2026-08-04,PROCESSING
TXN-72354,ACC-1115,151384.45,2026-07-27,SETTLED
TXN-94863,ACC-1331,75604.62,2026-07-30,PROCESSING
TXN-09464,ACC-1306,104194.33,2026-07-04,PROCESSING
TXN-85779,ACC-1128,321025.17,2026-08-17,SETTLED
TXN-41818,ACC-1099,204234.83,2026-06-30,SETTLED
TXN-57748,ACC-1394,256652.16,2026-07-24,SETTLED
TXN-57471,ACC-1002,14868.57,2026-08-23,PROCESSING
TXN-51616,ACC-1014,290426.29,2026-08-16,PROCESSING
TXN-10716,ACC-1242,405201.30,2026-08-03,PENDING
TXN-64980,ACC-1337,326940.13,2026-07-20,PENDING
TXN-19801,ACC-1386,158391.36,2026-08-17,SETTLED
TXN-14539,ACC-1093,497646.33,2026-07-16,SETTLED
TXN-87474,ACC-1031,336272.77,2026-07-13,PENDING
TXN-26090,ACC-1102,320291.44,2026-07-01,PROCESSING
TXN-82991,ACC-1312,190134.29,2026-08-15,SETTLED
TXN-88534,ACC-1053,8470.46,2026-07-10,PENDING
TXN-88353,ACC-1382,133103.74,2026-07-05,SETTLED
TXN-87692,ACC-1178,477961.35,2026-07-14,SETTLED
TXN-13714,ACC-1028,57943.19,2026-07-01,SETTLED
TXN-46301,ACC-1104,32957.96,2026-07-09,SETTLED
TXN-67280,ACC-1339,376574.47,2026-07-20,SETTLED
TXN-10922,ACC-1385,30503.98,2026-08-18,SETTLED
TXN-97207,ACC-1303,6712.09,2026-07-18,SETTLED
TXN-63232,ACC-1225,125016.20,2026-07-18,PENDING
TXN-43993,ACC-1221,167283.28,2026-08-06,SETTLED
TXN-44485,ACC-1388,147630.61,2026-08-10,PENDING
TXN-31032,ACC-1201,383214.70,2026-08-18,SETTLED
TXN-12199,ACC-1389,340833.81,2026-08-04,PROCESSING
TXN-23839,ACC-1307,470934.23,2026-08-08,SETTLED
TXN-16019,ACC-1366,176623.49,2026-07-07,PROCESSING
TXN-51983,ACC-1022,463547.83,2026-08-18,PROCESSING
TXN-38859,ACC-1299,432563.11,2026-07-23,SETTLED
TXN-83866,ACC-1369,395074.23,2026-07-15,SETTLED
TXN-67942,ACC-1324,15644.29,2026-07-27,SETTLED
TXN-41866,ACC-1082,40276.57,2026-08-18,PENDING
TXN-44883,ACC-1206,140712.34,2026-08-29,SETTLED
TXN-35876,ACC-1371,57726.56,2026-07-01,SETTLED
TXN-61679,ACC-1071,259327.04,2026-07-11,SETTLED
TXN-92843,ACC-1226,288339.37,2026-07-17,SETTLED
TXN-63646,ACC-1363,35928.01,2026-07-26,SETTLED
TXN-38462,ACC-1346,181940.57,2026-08-09,SETTLED
TXN-47791,ACC-1016,236849.43,2026-06-30,SETTLED
TXN-38018,ACC-1049,395051.62,2026-08-14,PENDING
TXN-23188,ACC-1024,267429.48,2026-07-28,PENDING
TXN-76684,ACC-1383,372299.36,2026-08-28,PENDING
TXN-67661,ACC-1027,62085.84,2026-07-04,SETTLED
TXN-16669,ACC-1218,466301.98,2026-07-24,SETTLED
TXN-77529,ACC-1016,348981.43,2026-07-23,PROCESSING
TXN-21353,ACC-1383,27099.36,2026-08-19,SETTLED
TXN-24333,ACC-1279,461294.98,2026-07-03,PROCESSING
TXN-85085,ACC-1375,11298.30,2026-07-19,PROCESSING
TXN-27202,ACC-1185,438052.47,2026-08-08,PROCESSING
TXN-96380,ACC-1147,208268.38,2026-08-27,PENDING
TXN-03271,ACC-1271,445200.49,2026-08-02,SETTLED
TXN-37855,ACC-1223,288637.11,2026-08-18,SETTLED
TXN-66983,ACC-1096,383558.40,2026-08-22,SETTLED
TXN-20376,ACC-1135,312434.61,2026-07-24,PROCESSING
TXN-69570,ACC-1382,76949.17,2026-08-08,SETTLED
TXN-94873,ACC-1149,295042.73,2026-07-24,SETTLED
TXN-53790,ACC-1090,283178.64,2026-07-21,SETTLED
TXN-29555,ACC-1046,217738.49,2026-07-29,SETTLED
TXN-42247,ACC-1066,440554.60,2026-07-13,SETTLED
TXN-26013,ACC-1155,20350.18,2026-07-10,PROCESSING
TXN-03546,ACC-1234,296608.98,2026-08-06,SETTLED
TXN-95295,ACC-1097,215324.99,2026-08-14,PENDING
TXN-30636,ACC-1233,159965.12,2026-07-24,SETTLED
TXN-05432,ACC-1112,71136.04,2026-07-12,PENDING
TXN-66290,ACC-1195,195280.78,2026-07-23,SETTLED
TXN-56244,ACC-1252,193541.14,2026-07-12,SETTLED
TXN-98714,ACC-1110,206305.97,2026-07-31,SETTLED
TXN-57745,ACC-1208,384511.04,2026-07-24,PENDING
TXN-91544,ACC-1209,171845.79,2026-08-26,PENDING
TXN-57855,ACC-1102,164230.11,2026-07-12,PROCESSING
TXN-20682,ACC-1234,376593.09,2026-07-15,SETTLED
TXN-85908,ACC-1315,482271.51,2026-08-21,PROCESSING
TXN-71920,ACC-1365,384238.46,2026-08-28,SETTLED
TXN-91861,ACC-1101,47699.11,2026-07-17,PENDING
TXN-87093,ACC-1118,21281.48,2026-08-24,SETTLED
TXN-73919,ACC-1395,40573.80,2026-07-04,SETTLED
TXN-45155,ACC-1186,461867.19,2026-08-27,SETTLED
TXN-07606,ACC-1242,317876.59,2026-07-24,SETTLED
TXN-37041,ACC-1070,166022.92,2026-07-11,PENDING
TXN-34111,ACC-1219,209951.86,2026-08-12,SETTLED
TXN-18740,ACC-1269,241809.13,2026-07-03,SETTLED
TXN-56216,ACC-1077,303691.89,2026-07-15,PROCESSING
TXN-07178,ACC-1280,420315.76,2026-08-05,SETTLED
TXN-29956,ACC-1326,383002.66,2026-07-17,SETTLED
TXN-39753,ACC-1201,262026.55,2026-08-09,PROCESSING
TXN-73359,ACC-1004,442371.15,2026-07-20,SETTLED
TXN-56929,ACC-1354,300057.18,2026-07-25,SETTLED
TXN-64546,ACC-1121,456191.81,2026-07-20,PROCESSING
TXN-70667,ACC-1185,303205.46,2026-07-30,PROCESSING
TXN-30649,ACC-1181,260640.29,2026-08-19,PENDING
TXN-61457,ACC-1123,79350.69,2026-08-10,SETTLED
TXN-43340,ACC-1035,50827.53,2026-08-12,SETTLED
TXN-96477,ACC-1064,317309.45,2026-07-07,SETTLED
TXN-09241,ACC-1242,76486.26,2026-06-30,SETTLED
TXN-29202,ACC-1279,338543.60,2026-07-31,PENDING
TXN-23284,ACC-1302,405248.81,2026-07-26,SETTLED
TXN-56472,ACC-1163,488902.80,2026-08-17,PROCESSING
TXN-83971,ACC-1040,12265.12,2026-08-02,SETTLED
TXN-24542,ACC-1044,92789.98,2026-07-10,SETTLED
TXN-45067,ACC-1194,141604.71,2026-08-15,SETTLED
TXN-06945,ACC-1355,450976.64,2026-07-24,PENDING
TXN-37805,ACC-1348,406372.15,2026-08-16,PENDING
TXN-01447,ACC-1398,163403.88,2026-07-08,PENDING
TXN-88725,ACC-1390,230831.91,2026-07-11,PROCESSING
TXN-23813,ACC-1078,417097.86,2026-08-20,PROCESSING
TXN-25174,ACC-1168,309222.96,2026-08-02,SETTLED
TXN-51825,ACC-1119,418617.60,2026-07-24,PROCESSING
TXN-26490,ACC-1280,407895.49,2026-07-18,PROCESSING
TXN-77928,ACC-1304,426829.73,2026-08-06,PENDING
TXN-17646,ACC-1084,55007.29,2026-08-21,SETTLED
TXN-31813,ACC-1370,438796.64,2026-07-04,SETTLED
TXN-99748,ACC-1057,307915.36,2026-08-20,PROCESSING
TXN-55981,ACC-1041,160311.67,2026-07-10,SETTLED
TXN-17532,ACC-1320,219733.19,2026-07-21,SETTLED
TXN-36442,ACC-1304,398293.31,2026-07-07,SETTLED
TXN-40299,ACC-1269,231233.94,2026-07-03,SETTLED
TXN-03517,ACC-1285,70529.56,2026-07-09,SETTLED
TXN-24119,ACC-1099,170641.31,2026-08-03,SETTLED
TXN-95753,ACC-1104,90850.61,2026-08-22,SETTLED
TXN-06926,ACC-1005,94934.12,2026-07-06,SETTLED
TXN-04458,ACC-1102,65110.35,2026-07-04,SETTLED
TXN-95421,ACC-1386,153727.66,2026-08-19,SETTLED
TXN-51565,ACC-1390,354701.69,2026-08-26,PENDING
TXN-39235,ACC-1056,339025.13,2026-08-24,SETTLED
TXN-35285,ACC-1307,379109.67,2026-07-11,SETTLED
TXN-78835,ACC-1186,107375.83,2026-07-03,SETTLED
TXN-71617,ACC-1024,402570.05,2026-07-18,PENDING
TXN-16602,ACC-1289,257172.94,2026-08-05,PENDING
TXN-87262,ACC-1336,64357.19,2026-07-30,SETTLED
TXN-10168,ACC-1367,303321.73,2026-07-02,PROCESSING
TXN-74577,ACC-1264,110866.87,2026-08-21,PENDING
TXN-82351,ACC-1296,491693.47,2026-07-27,SETTLED
TXN-62544,ACC-1388,246824.45,2026-08-03,SETTLED
TXN-52320,ACC-1088,88988.62,2026-07-31,SETTLED
TXN-09343,ACC-1231,106374.25,2026-07-01,PROCESSING
TXN-83735,ACC-1250,36971.71,2026-08-09,PENDING
TXN-63665,ACC-1238,201439.25,2026-07-28,SETTLED
TXN-16502,ACC-1224,304014.65,2026-08-05,SETTLED
TXN-12148,ACC-1184,461512.64,2026-08-05,SETTLED
TXN-99267,ACC-1112,352140.47,2026-08-04,SETTLED
TXN-93710,ACC-1376,429441.63,2026-08-01,SETTLED
TXN-42146,ACC-1399,101432.79,2026-07-09,SETTLED
TXN-24700,ACC-1129,454628.16,2026-08-20,PENDING
TXN-77269,ACC-1142,20136.42,2026-07-27,PROCESSING
TXN-66150,ACC-1034,183630.27,2026-07-15,PROCESSING
TXN-10478,ACC-1050,9265.58,2026-07-25,PENDING
TXN-04827,ACC-1172,210799.07,2026-07-13,PENDING
TXN-21727,ACC-1273,388854.27,2026-08-05,SETTLED
TXN-37293,ACC-1168,418465.36,2026-08-06,SETTLED
TXN-28421,ACC-1098,161424.66,2026-08-25,PENDING
TXN-79784,ACC-1121,165146.70,2026-07-14,PROCESSING
TXN-96219,ACC-1083,437810.35,2026-08-26,SETTLED
TXN-59650,ACC-1202,210091.46,2026-07-22,PROCESSING
TXN-34485,ACC-1355,263228.41,2026-07-03,PROCESSING
TXN-67336,ACC-1208,256457.62,2026-08-21,SETTLED
TXN-46863,ACC-1168,375449.09,2026-07-25,SETTLED
TXN-25543,ACC-1345,317438.68,2026-07-11,SETTLED
TXN-87961,ACC-1324,68115.78,2026-08-10,SETTLED
TXN-44270,ACC-1306,200386.92,2026-07-03,SETTLED
TXN-07969,ACC-1068,232790.85,2026-07-30,SETTLED
TXN-15702,ACC-1042,387403.46,2026-07-16,SETTLED
TXN-06400,ACC-1003,178675.16,2026-08-28,PROCESSING
TXN-62830,ACC-1061,35164.91,2026-08-25,SETTLED
TXN-15388,ACC-1155,395713.94,2026-07-09,SETTLED
TXN-94983,ACC-1073,294550.91,2026-08-03,SETTLED
TXN-26009,ACC-1108,51621.81,2026-08-22,PROCESSING
TXN-84118,ACC-1327,274166.60,2026-08-22,PROCESSING
TXN-58521,ACC-1077,48029.98,2026-07-18,SETTLED
TXN-93343,ACC-1135,384382.12,2026-08-26,SETTLED
TXN-89361,ACC-1026,304379.75,2026-08-29,PROCESSING
TXN-90566,ACC-1275,225756.86,2026-07-17,PROCESSING
TXN-83490,ACC-1194,399035.20,2026-08-01,SETTLED
TXN-12465,ACC-1275,400968.96,2026-07-21,PROCESSING
TXN-12358,ACC-1188,228377.31,2026-07-27,PENDING
TXN-45581,ACC-1058,389881.75,2026-07-09,SETTLED
TXN-20153,ACC-1050,437601.44,2026-08-14,SETTLED
TXN-74049,ACC-1127,446726.42,2026-08-13,PROCESSING
TXN-09743,ACC-1132,242634.35,2026-07-23,SETTLED
TXN-67096,ACC-1363,98995.33,2026-07-30,SETTLED
TXN-17444,ACC-1207,149446.86,2026-07-21,PENDING
TXN-32967,ACC-1315,9450.38,2026-07-29,SETTLED
TXN-94963,ACC-1072,353016.34,2026-08-20,SETTLED
TXN-48374,ACC-1184,22880.04,2026-07-24,SETTLED
TXN-37120,ACC-1099,315922.33,2026-08-15,PENDING
TXN-30777,ACC-1349,35924.19,2026-07-09,SETTLED
TXN-64745,ACC-1296,84463.95,2026-07-08,PROCESSING
TXN-25790,ACC-1035,152104.69,2026-08-02,SETTLED
TXN-04146,ACC-1120,457341.24,2026-08-24,SETTLED
TXN-89822,ACC-1206,16080.83,2026-07-08,PROCESSING
TXN-40944,ACC-1203,82210.46,2026-08-06,PROCESSING
TXN-34938,ACC-1334,321990.79,2026-07-12,PROCESSING
TXN-80260,ACC-1017,163734.32,2026-08-02,PENDING
TXN-91881,ACC-1351,453353.78,2026-08-23,PENDING
TXN-20955,ACC-1315,164293.68,2026-08-14,PROCESSING
TXN-79791,ACC-1390,400720.74,2026-08-17,PENDING
TXN-55990,ACC-1257,329732.57,2026-08-08,SETTLED
TXN-71188,ACC-1200,22189.81,2026-07-07,PROCESSING
TXN-49641,ACC-1322,204861.85,2026-07-12,SETTLED
TXN-33390,ACC-1082,308255.07,2026-08-02,SETTLED
TXN-30471,ACC-1357,271653.80,2026-07-26,SETTLED
TXN-09497,ACC-1057,53868.62,2026-08-15,SETTLED
TXN-22440,ACC-1319,65570.78,2026-08-04,SETTLED
TXN-95395,ACC-1099,205524.18,2026-07-11,SETTLED
TXN-57797,ACC-1250,12616.86,2026-08-09,PROCESSING
TXN-63922,ACC-1148,349433.85,2026-08-19,PENDING
TXN-28966,ACC-1306,87356.40,2026-07-27,SETTLED
TXN-28274,ACC-1232,277463.42,2026-08-08,SETTLED
TXN-02107,ACC-1053,206920.01,2026-07-23,SETTLED
TXN-75831,ACC-1308,338578.09,2026-08-14,SETTLED
TXN-92831,ACC-1331,218361.28,2026-08-09,PROCESSING
TXN-60801,ACC-1023,476306.80,2026-07-31,SETTLED
TXN-20661,ACC-1223,493041.04,2026-07-03,PENDING
TXN-32589,ACC-1331,356660.60,2026-07-18,PENDING
TXN-46910,ACC-1368,241985.84,2026-08-03,SETTLED
TXN-16975,ACC-1343,420537.85,2026-08-05,SETTLED
TXN-41958,ACC-1193,437653.73,2026-07-13,SETTLED
TXN-79081,ACC-1245,461139.78,2026-07-05,SETTLED
TXN-22504,ACC-1197,187545.50,2026-07-10,SETTLED
TXN-30624,ACC-1191,400890.53,2026-07-28,SETTLED
TXN-36471,ACC-1074,253902.53,2026-08-21,SETTLED
TXN-28610,ACC-1023,366247.90,2026-07-20,SETTLED
TXN-90723,ACC-1351,367498.58,2026-08-27,SETTLED
TXN-85758,ACC-1303,385890.21,2026-08-18,SETTLED
TXN-05489,ACC-1371,235418.46,2026-08-20,SETTLED
TXN-06462,ACC-1200,288312.36,2026-08-23,PROCESSING
TXN-90813,ACC-1059,185797.96,2026-08-19,SETTLED
TXN-31179,ACC-1174,83435.42,2026-07-18,PENDING
TXN-47354,ACC-1368,395114.59,2026-08-23,PENDING
TXN-59938,ACC-1106,220566.38,2026-07-17,PENDING
TXN-37311,ACC-1081,369151.36,2026-08-16,PROCESSING
TXN-44251,ACC-1152,106412.14,2026-07-10,SETTLED
TXN-86502,ACC-1218,483247.31,2026-07-26,PENDING
TXN-37566,ACC-1129,354929.39,2026-08-27,SETTLED
TXN-82353,ACC-1391,354288.86,2026-07-11,SETTLED
TXN-74274,ACC-1361,271802.45,2026-08-25,SETTLED
TXN-28908,ACC-1259,128932.97,2026-08-15,SETTLED
TXN-69967,ACC-1286,410044.05,2026-07-17,SETTLED
TXN-08125,ACC-1157,460284.31,2026-07-21,SETTLED
TXN-28997,ACC-1348,254460.45,2026-07-27,PENDING
TXN-88272,ACC-1073,150674.67,2026-07-02,SETTLED
TXN-67051,ACC-1377,425377.85,2026-07-05,SETTLED
TXN-04907,ACC-1181,346698.52,2026-07-17,PROCESSING
TXN-74067,ACC-1017,26728.27,2026-08-05,SETTLED
TXN-67484,ACC-1080,87424.04,2026-07-29,SETTLED
TXN-99539,ACC-1353,81769.75,2026-08-29,SETTLED
TXN-19710,ACC-1024,325966.65,2026-08-10,SETTLED
TXN-28031,ACC-1360,67625.93,2026-08-24,SETTLED
TXN-16258,ACC-1175,219429.67,2026-07-15,SETTLED
TXN-34285,ACC-1060,390329.07,2026-08-23,SETTLED
TXN-24816,ACC-1136,188035.91,2026-08-11,SETTLED
TXN-28928,ACC-1048,356652.18,2026-07-12,SETTLED
TXN-99084,ACC-1036,226766.49,2026-07-10,PENDING
TXN-67243,ACC-1394,260731.02,2026-08-12,SETTLED
TXN-81718,ACC-1330,247899.34,2026-08-28,PENDING
TXN-24376,ACC-1095,488799.12,2026-08-20,SETTLED
TXN-30475,ACC-1278,115807.72,2026-08-23,SETTLED
TXN-07952,ACC-1199,289408.51,2026-08-20,SETTLED
TXN-08286,ACC-1186,367563.40,2026-07-22,PENDING
TXN-58347,ACC-1363,101095.53,2026-08-19,PENDING
TXN-78100,ACC-1087,32243.59,2026-08-26,SETTLED
TXN-35213,ACC-1082,424710.67,2026-08-26,PENDING
TXN-59185,ACC-1014,228818.90,2026-07-17,PENDING
TXN-93342,ACC-1055,70751.20,2026-07-27,SETTLED
TXN-97862,ACC-1281,495242.74,2026-07-15,SETTLED
TXN-40690,ACC-1149,324529.01,2026-07-30,SETTLED
TXN-26626,ACC-1089,15774.45,2026-07-03,SETTLED
TXN-94612,ACC-1166,174277.77,2026-08-13,PENDING
TXN-24117,ACC-1217,102505.20,2026-07-21,PROCESSING
TXN-88559,ACC-1010,383012.31,2026-08-11,SETTLED
TXN-73037,ACC-1368,117048.71,2026-07-17,SETTLED
TXN-42016,ACC-1285,76850.68,2026-07-31,SETTLED
TXN-03749,ACC-1267,187413.99,2026-07-09,SETTLED
TXN-07372,ACC-1170,128092.77,2026-07-13,SETTLED
TXN-47313,ACC-1200,323030.81,2026-07-08,SETTLED
TXN-88319,ACC-1153,420810.62,2026-07-02,PROCESSING
TXN-59609,ACC-1084,353973.80,2026-08-23,SETTLED
TXN-52037,ACC-1112,285321.36,2026-07-18,SETTLED
TXN-12544,ACC-1173,20932.23,2026-08-22,SETTLED
TXN-56168,ACC-1184,122108.72,2026-08-24,SETTLED
TXN-44455,ACC-1290,239465.01,2026-07-21,SETTLED
TXN-91896,ACC-1284,320925.57,2026-07-10,PENDING
TXN-32208,ACC-1326,210504.99,2026-08-11,SETTLED
TXN-41692,ACC-1313,57103.27,2026-08-18,SETTLED
TXN-84106,ACC-1036,147418.04,2026-08-08,SETTLED
TXN-18569,ACC-1307,89999.53,2026-08-12,SETTLED
TXN-23809,ACC-1269,467018.85,2026-08-10,SETTLED
TXN-79319,ACC-1038,77999.13,2026-08-23,PENDING
TXN-94851,ACC-1318,492947.55,2026-07-06,PROCESSING
TXN-06142,ACC-1327,238776.46,2026-07-22,SETTLED
TXN-58293,ACC-1088,218401.58,2026-08-05,PENDING
TXN-90924,ACC-1094,224240.60,2026-08-18,SETTLED
TXN-80201,ACC-1165,283323.51,2026-08-16,PROCESSING
TXN-73405,ACC-1213,124427.46,2026-08-08,SETTLED
TXN-52525,ACC-1079,499922.00,2026-07-24,PROCESSING
TXN-13101,ACC-1110,341931.53,2026-07-18,SETTLED
TXN-05388,ACC-1168,242489.19,2026-08-29,PENDING
TXN-48902,ACC-1270,444581.79,2026-08-01,SETTLED
TXN-12545,ACC-1231,208960.48,2026-08-09,SETTLED
TXN-35193,ACC-1268,202326.34,2026-08-16,PENDING
TXN-69408,ACC-1279,439482.12,2026-08-17,SETTLED
TXN-43767,ACC-1140,241947.92,2026-07-19,SETTLED
TXN-23200,ACC-1046,459792.07,2026-08-10,SETTLED
TXN-05214,ACC-1134,114453.94,2026-08-15,SETTLED
TXN-28875,ACC-1190,18007.45,2026-07-27,PROCESSING
TXN-54292,ACC-1245,339075.32,2026-08-12,SETTLED
TXN-71006,ACC-1344,130147.91,2026-07-07,PROCESSING
TXN-06903,ACC-1342,385309.27,2026-08-22,SETTLED
TXN-69450,ACC-1141,304964.04,2026-07-21,PENDING
TXN-76998,ACC-1166,428472.39,2026-08-19,PROCESSING
TXN-57579,ACC-1394,273909.64,2026-08-01,SETTLED
TXN-85228,ACC-1250,451807.73,2026-07-21,SETTLED
TXN-85422,ACC-1360,184304.02,2026-08-18,SETTLED
TXN-66892,ACC-1224,321743.91,2026-07-23,SETTLED
TXN-79837,ACC-1055,249584.27,2026-07-30,PENDING
TXN-55531,ACC-1279,206444.61,2026-07-06,PENDING
TXN-73650,ACC-1147,303577.62,2026-07-16,PENDING
TXN-45887,ACC-1201,158716.34,2026-08-05,PENDING
TXN-72954,ACC-1166,263391.65,2026-07-28,PROCESSING
TXN-05595,ACC-1369,154615.69,2026-08-20,SETTLED
TXN-68770,ACC-1344,159413.71,2026-08-06,PROCESSING
TXN-05827,ACC-1164,224822.40,2026-07-09,PENDING
TXN-63948,ACC-1128,19268.86,2026-07-11,PROCESSING
TXN-43969,ACC-1341,371868.13,2026-07-04,PENDING
TXN-97093,ACC-1081,201250.80,2026-07-20,SETTLED
TXN-54361,ACC-1203,310371.67,2026-08-27,SETTLED
TXN-77517,ACC-1366,188711.73,2026-07-10,PROCESSING
TXN-76911,ACC-1160,389878.72,2026-07-04,SETTLED
TXN-91851,ACC-1179,35978.96,2026-08-03,SETTLED
TXN-32651,ACC-1073,410716.31,2026-07-07,SETTLED
TXN-17446,ACC-1144,18902.80,2026-08-01,PROCESSING
TXN-01512,ACC-1360,187861.64,2026-07-02,PROCESSING
TXN-29259,ACC-1266,413608.64,2026-07-13,PROCESSING
TXN-31560,ACC-1287,123513.14,2026-08-17,SETTLED
TXN-57384,ACC-1022,89511.14,2026-07-05,SETTLED
TXN-68118,ACC-1022,178586.07,2026-07-28,SETTLED
TXN-84173,ACC-1186,308494.36,2026-07-14,SETTLED
TXN-92891,ACC-1103,34327.23,2026-07-02,SETTLED
TXN-32631,ACC-1225,473825.66,2026-08-22,SETTLED
TXN-59457,ACC-1089,495788.18,2026-07-30,SETTLED
TXN-83146,ACC-1128,426577.03,2026-07-30,SETTLED
TXN-47436,ACC-1281,19294.61,2026-08-04,SETTLED
TXN-97450,ACC-1095,350490.45,2026-07-11,SETTLED
TXN-88214,ACC-1038,181298.89,2026-08-23,SETTLED
TXN-49171,ACC-1323,260309.58,2026-07-30,SETTLED
TXN-13179,ACC-1150,225815.96,2026-07-24,PENDING
TXN-45098,ACC-1346,99581.40,2026-08-28,PENDING
TXN-95378,ACC-1008,426441.00,2026-07-14,SETTLED
TXN-68546,ACC-1079,216257.54,2026-07-10,PENDING
TXN-16943,ACC-1105,460865.05,2026-08-14,SETTLED
TXN-65967,ACC-1203,40378.41,2026-07-27,SETTLED
TXN-82476,ACC-1235,221001.63,2026-07-10,SETTLED
TXN-58141,ACC-1195,299788.65,2026-07-18,SETTLED
TXN-59071,ACC-1254,55673.05,2026-07-14,PENDING
TXN-46460,ACC-1086,55852.72,2026-08-15,SETTLED
TXN-20822,ACC-1372,386027.96,2026-08-16,PROCESSING
TXN-48657,ACC-1142,61561.12,2026-08-01,SETTLED
TXN-58467,ACC-1062,18088.81,2026-07-13,SETTLED
TXN-25469,ACC-1287,489911.36,2026-08-23,SETTLED
TXN-91307,ACC-1063,261303.93,2026-08-29,PENDING
TXN-24184,ACC-1394,414095.65,2026-07-23,PENDING
TXN-64029,ACC-1220,111753.61,2026-07-30,SETTLED
TXN-47070,ACC-1341,88328.02,2026-08-26,SETTLED
TXN-76713,ACC-1323,91465.48,2026-07-11,SETTLED
TXN-97627,ACC-1014,331957.02,2026-07-12,SETTLED
TXN-89550,ACC-1281,19953.51,2026-07-22,PROCESSING
TXN-45398,ACC-1372,471545.42,2026-08-05,PENDING
TXN-23892,ACC-1083,216869.79,2026-07-12,SETTLED
TXN-67565,ACC-1212,422368.67,2026-08-27,SETTLED
TXN-71537,ACC-1074,274662.65,2026-08-29,SETTLED
TXN-96585,ACC-1272,273444.02,2026-08-06,SETTLED
TXN-47209,ACC-1222,238517.79,2026-07-10,SETTLED
TXN-77815,ACC-1233,197853.36,2026-08-16,SETTLED
TXN-69699,ACC-1243,117859.92,2026-08-14,SETTLED
TXN-93045,ACC-1090,329437.07,2026-07-12,SETTLED
TXN-23924,ACC-1325,38088.93,2026-07-27,PENDING
TXN-41865,ACC-1016,397908.06,2026-07-08,SETTLED
TXN-15911,ACC-1354,397114.48,2026-08-23,PROCESSING
TXN-57798,ACC-1276,118452.65,2026-07-04,SETTLED
TXN-25974,ACC-1362,345957.46,2026-08-27,SETTLED
TXN-53362,ACC-1040,391440.84,2026-07-07,SETTLED
TXN-33056,ACC-1237,134074.84,2026-08-27,PENDING
TXN-48554,ACC-1160,148398.13,2026-07-18,PROCESSING
TXN-89180,ACC-1269,166502.56,2026-07-14,SETTLED
TXN-90461,ACC-1234,24467.20,2026-07-13,SETTLED
TXN-84900,ACC-1043,189266.86,2026-08-13,SETTLED
TXN-14545,ACC-1374,457676.19,2026-07-06,SETTLED
TXN-40922,ACC-1310,382440.14,2026-07-31,SETTLED
TXN-94538,ACC-1054,274805.32,2026-07-30,PENDING
TXN-47046,ACC-1149,124724.89,2026-07-03,SETTLED
TXN-63567,ACC-1209,469490.83,2026-08-07,SETTLED
TXN-76107,ACC-1087,382928.90,2026-07-28,SETTLED
TXN-03176,ACC-1390,164820.49,2026-07-26,PENDING
TXN-81926,ACC-1387,45908.28,2026-08-08,SETTLED
TXN-07456,ACC-1263,38293.98,2026-08-18,SETTLED
TXN-59229,ACC-1125,282922.99,2026-07-01,SETTLED
TXN-64257,ACC-1044,410834.00,2026-08-12,SETTLED
TXN-24314,ACC-1001,25958.90,2026-07-16,SETTLED
TXN-34800,ACC-1238,267460.97,2026-07-14,PROCESSING
TXN-94730,ACC-1136,374418.53,2026-08-24,PENDING
TXN-75058,ACC-1389,416593.49,2026-07-21,PROCESSING
TXN-29066,ACC-1240,205799.09,2026-07-16,SETTLED
TXN-85237,ACC-1026,330294.79,2026-08-13,PROCESSING
TXN-68578,ACC-1083,230004.67,2026-08-21,SETTLED
TXN-33233,ACC-1172,177671.61,2026-07-12,SETTLED
TXN-30859,ACC-1302,320669.83,2026-07-16,PROCESSING
TXN-17467,ACC-1364,18453.60,2026-08-25,SETTLED
TXN-57092,ACC-1284,77722.85,2026-07-26,SETTLED
TXN-40282,ACC-1130,22954.90,2026-08-05,PENDING
TXN-31661,ACC-1131,286508.13,2026-07-14,SETTLED
TXN-02410,ACC-1020,228441.18,2026-07-10,SETTLED
TXN-06692,ACC-1337,317771.40,2026-08-04,SETTLED
TXN-14598,ACC-1019,69934.79,2026-07-19,SETTLED
TXN-58416,ACC-1299,129703.35,2026-08-11,SETTLED
TXN-66798,ACC-1049,100809.05,2026-08-25,PROCESSING
TXN-74451,ACC-1277,405989.51,2026-08-12,PENDING
TXN-03912,ACC-1326,332308.45,2026-07-12,SETTLED
TXN-28167,ACC-1386,442641.69,2026-07-30,PENDING
TXN-26656,ACC-1357,340458.17,2026-07-04,PENDING
TXN-52547,ACC-1021,354943.74,2026-08-25,PENDING
TXN-24395,ACC-1253,124079.54,2026-08-28,PENDING
TXN-65230,ACC-1093,47535.11,2026-08-04,PENDING
TXN-44413,ACC-1015,495511.80,2026-08-16,PENDING
TXN-96024,ACC-1300,297154.47,2026-07-04,PENDING
TXN-47359,ACC-1241,205146.11,2026-07-21,PROCESSING
TXN-05126,ACC-1142,178410.99,2026-08-04,SETTLED
TXN-48954,ACC-1034,352911.70,2026-08-27,PENDING
TXN-98808,ACC-1161,83543.52,2026-08-28,SETTLED
TXN-83795,ACC-1274,64540.91,2026-08-29,PENDING
TXN-55906,ACC-1214,296853.07,2026-08-03,SETTLED
TXN-13146,ACC-1099,277281.36,2026-08-01,SETTLED
TXN-24986,ACC-1346,449006.14,2026-07-19,SETTLED
TXN-44309,ACC-1115,165146.94,2026-07-30,SETTLED
TXN-47793,ACC-1356,50940.71,2026-07-05,SETTLED
TXN-07160,ACC-1367,66886.53,2026-08-15,SETTLED
TXN-73484,ACC-1224,231638.31,2026-08-26,SETTLED
TXN-29949,ACC-1240,362233.76,2026-07-18,PROCESSING
TXN-53167,ACC-1025,399529.43,2026-08-17,PROCESSING
TXN-49462,ACC-1277,416074.01,2026-08-23,PENDING
TXN-22126,ACC-1110,285455.77,2026-07-15,SETTLED
TXN-89171,ACC-1228,71162.56,2026-07-22,PROCESSING
TXN-97639,ACC-1059,281059.15,2026-08-04,SETTLED
TXN-45213,ACC-1085,433179.65,2026-07-03,PENDING
TXN-78237,ACC-1051,428849.10,2026-07-27,PENDING
TXN-44140,ACC-1044,429760.73,2026-07-14,SETTLED
TXN-09388,ACC-1134,27204.87,2026-07-22,SETTLED
TXN-90076,ACC-1011,209314.73,2026-07-10,PROCESSING
TXN-78537,ACC-1351,139648.13,2026-08-18,SETTLED
TXN-68042,ACC-1389,69068.16,2026-08-24,SETTLED
TXN-41836,ACC-1259,147111.41,2026-08-14,SETTLED
TXN-65356,ACC-1203,91716.22,2026-07-10,SETTLED
TXN-91683,ACC-1046,131111.18,2026-08-19,SETTLED
TXN-57631,ACC-1154,451819.58,2026-07-11,SETTLED
TXN-83648,ACC-1348,424106.01,2026-07-06,SETTLED
TXN-48314,ACC-1118,30369.12,2026-08-21,SETTLED
TXN-39227,ACC-1335,110363.34,2026-08-25,SETTLED
TXN-88050,ACC-1379,394893.36,2026-08-02,PROCESSING
TXN-96351,ACC-1398,197909.73,2026-08-23,PENDING
TXN-71777,ACC-1146,475452.66,2026-07-03,PROCESSING
TXN-63521,ACC-1182,198439.02,2026-08-13,SETTLED
TXN-92033,ACC-1347,199270.70,2026-08-03,PENDING
TXN-76596,ACC-1374,318383.42,2026-08-26,SETTLED
TXN-32021,ACC-1117,98218.08,2026-07-24,SETTLED
TXN-71964,ACC-1369,9218.82,2026-08-15,PENDING
TXN-01879,ACC-1002,12841.61,2026-07-26,PROCESSING
TXN-45338,ACC-1399,270408.06,2026-08-16,PROCESSING
TXN-79024,ACC-1207,398953.36,2026-07-02,SETTLED
TXN-59845,ACC-1248,158759.10,2026-08-15,PENDING
TXN-60624,ACC-1134,67793.33,2026-07-27,SETTLED
TXN-73038,ACC-1330,415054.31,2026-08-22,PROCESSING
TXN-61680,ACC-1157,438850.20,2026-07-08,PENDING
TXN-68315,ACC-1349,94175.43,2026-07-28,PENDING
TXN-02188,ACC-1373,328749.60,2026-08-29,SETTLED
TXN-62996,ACC-1025,438514.49,2026-08-21,SETTLED
TXN-87304,ACC-1337,270430.01,2026-08-22,PENDING
TXN-02318,ACC-1396,44452.04,2026-08-03,SETTLED
TXN-29957,ACC-1271,260368.80,2026-07-12,SETTLED
TXN-64612,ACC-1281,341220.74,2026-07-26,SETTLED
TXN-75567,ACC-1115,324707.54,2026-08-15,SETTLED
TXN-29946,ACC-1015,404983.91,2026-08-07,SETTLED
TXN-26142,ACC-1169,119388.29,2026-06-30,SETTLED
TXN-29144,ACC-1161,376327.88,2026-07-02,SETTLED
TXN-04618,ACC-1003,91020.30,2026-07-31,PROCESSING
TXN-17910,ACC-1210,412331.30,2026-08-08,PENDING
TXN-20998,ACC-1391,211070.14,2026-07-29,SETTLED
TXN-70060,ACC-1037,211967.81,2026-07-05,PROCESSING
TXN-40945,ACC-1043,318177.29,2026-08-15,SETTLED
TXN-45095,ACC-1209,283853.76,2026-08-12,SETTLED
TXN-81004,ACC-1317,490996.55,2026-07-07,PROCESSING
TXN-22133,ACC-1172,187056.36,2026-08-17,PROCESSING
TXN-57166,ACC-1293,118302.14,2026-08-23,PENDING
TXN-27436,ACC-1332,246932.72,2026-06-30,PENDING
TXN-27158,ACC-1028,317046.92,2026-08-29,PENDING
TXN-30784,ACC-1297,170377.28,2026-07-20,SETTLED
TXN-03249,ACC-1132,281699.00,2026-07-26,SETTLED
TXN-28242,ACC-1339,41939.33,2026-08-16,PROCESSING
TXN-06174,ACC-1140,105436.51,2026-07-22,SETTLED
TXN-86962,ACC-1271,372809.11,2026-07-30,SETTLED
TXN-92432,ACC-1119,377103.37,2026-08-10,SETTLED
TXN-86018,ACC-1289,62585.83,2026-07-18,PROCESSING
TXN-23139,ACC-1108,325642.19,2026-08-03,SETTLED
TXN-65194,ACC-1180,120608.73,2026-07-21,SETTLED
TXN-53553,ACC-1223,156065.37,2026-07-30,SETTLED
TXN-66861,ACC-1093,353240.23,2026-07-14,SETTLED
TXN-89395,ACC-1397,64481.87,2026-07-12,PENDING
TXN-54069,ACC-1323,101541.66,2026-08-16,PROCESSING
TXN-29349,ACC-1342,415667.37,2026-07-12,PROCESSING
TXN-05713,ACC-1206,8562.77,2026-08-29,SETTLED
TXN-50138,ACC-1059,164912.16,2026-07-19,PROCESSING
TXN-65311,ACC-1127,379988.95,2026-08-22,PENDING
TXN-97818,ACC-1307,428693.35,2026-07-16,SETTLED
TXN-56226,ACC-1151,402738.86,2026-08-02,SETTLED
TXN-68519,ACC-1063,96186.26,2026-07-13,SETTLED
TXN-18089,ACC-1273,128079.99,2026-07-07,SETTLED
TXN-21110,ACC-1371,496176.17,2026-08-29,PENDING
TXN-27259,ACC-1313,492894.61,2026-08-26,PENDING
TXN-92561,ACC-1202,400144.10,2026-07-23,SETTLED
TXN-25495,ACC-1300,160558.72,2026-08-22,SETTLED
TXN-54339,ACC-1326,138520.03,2026-07-19,PROCESSING
TXN-99851,ACC-1006,298483.34,2026-07-20,PENDING
TXN-68795,ACC-1034,263626.20,2026-07-22,SETTLED
TXN-54863,ACC-1031,334961.70,2026-07-23,SETTLED
TXN-93419,ACC-1125,387130.13,2026-08-06,SETTLED
TXN-38983,ACC-1037,401863.69,2026-08-20,PROCESSING
TXN-61184,ACC-1369,29196.07,2026-08-13,SETTLED
TXN-70649,ACC-1352,88858.97,2026-07-11,SETTLED
TXN-84323,ACC-1371,11376.09,2026-08-14,PENDING
TXN-64055,ACC-1334,472790.93,2026-08-23,PROCESSING
TXN-06864,ACC-1183,41306.29,2026-07-05,SETTLED
TXN-69074,ACC-1186,335823.96,2026-08-28,SETTLED
TXN-90404,ACC-1123,426600.40,2026-08-15,SETTLED
TXN-19957,ACC-1206,171423.33,2026-08-09,SETTLED
TXN-49759,ACC-1185,375316.68,2026-07-12,SETTLED
TXN-58371,ACC-1144,120406.63,2026-08-02,SETTLED
TXN-29792,ACC-1157,55579.94,2026-07-08,SETTLED
TXN-67119,ACC-1125,223918.56,2026-07-18,SETTLED
TXN-12475,ACC-1021,283315.35,2026-07-11,SETTLED
TXN-37736,ACC-1392,431283.07,2026-08-11,PENDING
TXN-51290,ACC-1166,65969.81,2026-06-30,SETTLED
TXN-45047,ACC-1362,214018.15,2026-07-22,SETTLED
TXN-65111,ACC-1284,355299.36,2026-08-10,PENDING
TXN-56578,ACC-1113,243874.09,2026-08-05,SETTLED
TXN-51832,ACC-1018,292526.06,2026-08-20,SETTLED
TXN-88204,ACC-1398,285880.18,2026-08-11,SETTLED
TXN-17099,ACC-1080,268757.05,2026-08-01,PROCESSING
TXN-76148,ACC-1345,321332.14,2026-08-23,SETTLED
TXN-10493,ACC-1267,261146.57,2026-07-18,PENDING
TXN-65114,ACC-1376,108056.29,2026-07-10,SETTLED
TXN-21895,ACC-1191,246008.95,2026-07-23,SETTLED
TXN-85927,ACC-1313,436381.67,2026-07-23,SETTLED
TXN-52604,ACC-1089,214455.32,2026-08-12,SETTLED
TXN-37443,ACC-1358,59432.62,2026-07-20,SETTLED
TXN-02528,ACC-1053,41458.24,2026-08-27,SETTLED
TXN-36709,ACC-1314,282795.82,2026-08-25,PROCESSING
TXN-85385,ACC-1091,383984.93,2026-07-02,PENDING
TXN-23819,ACC-1053,270936.64,2026-08-12,SETTLED
TXN-97150,ACC-1297,395363.31,2026-08-02,PROCESSING
TXN-39959,ACC-1080,317717.61,2026-07-09,SETTLED
TXN-11519,ACC-1228,220684.30,2026-08-17,SETTLED
TXN-88736,ACC-1111,60589.15,2026-07-30,SETTLED
TXN-58922,ACC-1072,116189.85,2026-08-27,SETTLED
TXN-26552,ACC-1372,461920.45,2026-07-18,SETTLED
TXN-02029,ACC-1213,349485.38,2026-08-18,SETTLED
TXN-36137,ACC-1257,218235.52,2026-08-05,SETTLED
TXN-23693,ACC-1122,332040.93,2026-07-03,SETTLED
TXN-50233,ACC-1100,379144.95,2026-07-11,PENDING
TXN-40267,ACC-1214,75646.10,2026-08-18,PENDING
TXN-29558,ACC-1383,47775.30,2026-07-27,SETTLED
TXN-41008,ACC-1147,460813.55,2026-08-23,PROCESSING
TXN-59322,ACC-1225,168023.45,2026-08-16,SETTLED
TXN-64903,ACC-1285,392501.24,2026-06-30,SETTLED
TXN-45305,ACC-1016,294850.36,2026-08-15,PROCESSING
TXN-33659,ACC-1371,132372.46,2026-07-10,SETTLED
TXN-58705,ACC-1186,411286.15,2026-08-16,SETTLED
TXN-17715,ACC-1096,213948.00,2026-07-04,SETTLED
TXN-23416,ACC-1140,49454.15,2026-07-05,SETTLED
TXN-98275,ACC-1196,483475.31,2026-08-16,SETTLED
TXN-20748,ACC-1304,86784.98,2026-08-27,SETTLED
TXN-26416,ACC-1261,449412.58,2026-07-07,PENDING
TXN-55056,ACC-1334,197105.93,2026-07-22,SETTLED
TXN-97260,ACC-1022,389880.24,2026-08-29,PROCESSING
TXN-95043,ACC-1237,84232.24,2026-07-12,SETTLED
TXN-88776,ACC-1131,392471.79,2026-07-23,PROCESSING
TXN-73702,ACC-1298,358598.40,2026-07-04,SETTLED
TXN-86768,ACC-1102,364333.38,2026-07-09,PROCESSING
TXN-68325,ACC-1214,247147.53,2026-08-15,PROCESSING
TXN-30453,ACC-1090,394292.72,2026-08-15,PENDING
TXN-15793,ACC-1093,321871.18,2026-08-22,SETTLED
TXN-11584,ACC-1085,210376.73,2026-07-28,PENDING
TXN-45690,ACC-1109,124091.64,2026-08-24,SETTLED
TXN-36809,ACC-1358,144593.75,2026-08-27,SETTLED
TXN-23828,ACC-1249,41082.87,2026-07-05,PROCESSING
TXN-61719,ACC-1305,430527.62,2026-08-25,SETTLED
TXN-17956,ACC-1208,164474.62,2026-07-13,PENDING
TXN-10509,ACC-1240,366342.58,2026-08-10,SETTLED
TXN-59714,ACC-1283,24931.59,2026-07-10,PROCESSING
TXN-10630,ACC-1240,153440.36,2026-07-03,SETTLED
TXN-71867,ACC-1216,145354.83,2026-07-21,SETTLED
TXN-72901,ACC-1229,117278.27,2026-08-08,SETTLED
TXN-92991,ACC-1299,108985.77,2026-08-22,PROCESSING
TXN-08359,ACC-1146,492389.31,2026-07-02,SETTLED
TXN-29733,ACC-1028,318331.69,2026-08-23,PROCESSING
TXN-16751,ACC-1048,364291.19,2026-07-23,PROCESSING
TXN-08613,ACC-1186,328834.39,2026-07-05,PROCESSING
TXN-34147,ACC-1181,277277.69,2026-07-02,SETTLED
TXN-97309,ACC-1018,343121.43,2026-08-03,SETTLED
TXN-02993,ACC-1287,12892.47,2026-07-08,SETTLED
TXN-87676,ACC-1104,305880.64,2026-06-30,SETTLED
TXN-46113,ACC-1324,379446.52,2026-08-15,PROCESSING
TXN-35717,ACC-1049,390768.20,2026-07-30,PENDING
TXN-29732,ACC-1253,273399.92,2026-07-10,SETTLED
TXN-53749,ACC-1057,481219.85,2026-07-11,PENDING
TXN-64226,ACC-1286,474837.14,2026-07-16,PROCESSING
TXN-03672,ACC-1247,449274.82,2026-07-17,SETTLED
TXN-06779,ACC-1158,271180.43,2026-08-05,SETTLED
TXN-34109,ACC-1112,197329.42,2026-08-19,SETTLED
TXN-19906,ACC-1090,283049.78,2026-08-17,SETTLED
TXN-44031,ACC-1144,271838.27,2026-08-04,SETTLED
TXN-84573,ACC-1044,284801.14,2026-07-17,PROCESSING
TXN-28883,ACC-1067,387688.07,2026-08-24,PENDING
TXN-74667,ACC-1077,54445.89,2026-07-07,PROCESSING
TXN-59296,ACC-1172,296649.36,2026-08-29,PENDING
TXN-58834,ACC-1358,54298.25,2026-07-06,SETTLED
TXN-63063,ACC-1339,10432.79,2026-08-09,SETTLED
TXN-76608,ACC-1080,399140.83,2026-07-25,SETTLED
TXN-24759,ACC-1008,178378.38,2026-07-12,PROCESSING
TXN-75393,ACC-1061,131349.10,2026-07-04,SETTLED
TXN-91869,ACC-1303,471164.60,2026-08-20,PENDING
TXN-59545,ACC-1203,465371.83,2026-08-26,SETTLED
TXN-05156,ACC-1141,385975.25,2026-07-08,SETTLED
TXN-67963,ACC-1102,338681.83,2026-07-22,SETTLED
TXN-06561,ACC-1048,479894.17,2026-07-16,SETTLED
TXN-69924,ACC-1190,248578.58,2026-08-18,SETTLED
TXN-22393,ACC-1377,476600.65,2026-07-16,PROCESSING
TXN-38136,ACC-1099,84619.90,2026-08-11,SETTLED
TXN-53399,ACC-1038,50196.83,2026-07-11,PENDING
TXN-75588,ACC-1210,266815.32,2026-08-05,PENDING
TXN-98223,ACC-1313,487458.48,2026-07-14,PROCESSING
TXN-30686,ACC-1013,284803.28,2026-07-05,PROCESSING
TXN-52885,ACC-1178,398093.28,2026-07-15,SETTLED
TXN-18254,ACC-1221,257386.99,2026-08-26,SETTLED
TXN-80529,ACC-1011,175273.19,2026-07-15,PROCESSING
TXN-72721,ACC-1085,355789.62,2026-07-29,SETTLED
TXN-18697,ACC-1086,269543.06,2026-08-02,SETTLED
TXN-27908,ACC-1397,146439.37,2026-07-03,PENDING
TXN-51862,ACC-1117,469189.40,2026-08-29,SETTLED
TXN-10158,ACC-1252,27657.34,2026-07-10,SETTLED
TXN-37384,ACC-1365,287421.44,2026-07-16,SETTLED
TXN-26371,ACC-1194,154521.76,2026-07-14,SETTLED
TXN-21743,ACC-1133,475506.32,2026-08-15,SETTLED
TXN-63119,ACC-1281,412862.13,2026-08-10,SETTLED
TXN-87450,ACC-1154,218268.94,2026-07-13,SETTLED
TXN-61417,ACC-1281,451499.47,2026-07-15,SETTLED
TXN-40011,ACC-1006,140957.45,2026-07-29,SETTLED
TXN-10916,ACC-1247,39237.13,2026-08-21,SETTLED
TXN-04936,ACC-1203,429055.50,2026-07-24,PENDING
TXN-35010,ACC-1279,46639.01,2026-08-29,PENDING
TXN-13435,ACC-1128,237494.85,2026-08-11,PROCESSING
TXN-04434,ACC-1173,432963.06,2026-08-14,SETTLED
TXN-49172,ACC-1261,447776.17,2026-08-10,PENDING
TXN-05574,ACC-1212,397835.24,2026-07-08,SETTLED
TXN-12616,ACC-1030,55412.78,2026-07-28,PROCESSING
TXN-20496,ACC-1050,119571.87,2026-07-09,SETTLED
TXN-69176,ACC-1321,135658.10,2026-08-21,SETTLED
TXN-81403,ACC-1273,426553.90,2026-08-25,SETTLED
TXN-89637,ACC-1215,148872.43,2026-08-07,SETTLED
TXN-77695,ACC-1233,308218.85,2026-08-03,SETTLED
TXN-40245,ACC-1391,480348.00,2026-06-30,SETTLED
TXN-95197,ACC-1324,319430.35,2026-08-02,PROCESSING
TXN-72893,ACC-1396,476284.30,2026-07-07,PENDING
TXN-42459,ACC-1091,27939.43,2026-08-15,SETTLED
TXN-92100,ACC-1260,111821.75,2026-08-19,SETTLED
TXN-01251,ACC-1292,256568.96,2026-07-02,SETTLED
TXN-13684,ACC-1348,300827.81,2026-08-23,PROCESSING
TXN-36640,ACC-1334,164479.65,2026-07-04,PENDING
TXN-29006,ACC-1087,169566.27,2026-08-06,PROCESSING
TXN-92272,ACC-1225,74522.58,2026-08-23,SETTLED
TXN-53637,ACC-1220,68248.12,2026-08-20,SETTLED
TXN-23969,ACC-1217,236025.17,2026-08-19,SETTLED
TXN-05956,ACC-1365,289579.22,2026-07-18,SETTLED
TXN-71951,ACC-1131,40929.12,2026-08-16,SETTLED
TXN-87525,ACC-1059,222524.79,2026-07-13,SETTLED
TXN-98614,ACC-1382,217459.71,2026-08-14,PROCESSING
TXN-60723,ACC-1123,343515.21,2026-07-20,SETTLED
TXN-48839,ACC-1209,291059.64,2026-08-29,SETTLED
TXN-41323,ACC-1000,245402.74,2026-08-25,SETTLED
TXN-95804,ACC-1139,370778.54,2026-08-20,SETTLED
TXN-11454,ACC-1149,222322.72,2026-08-04,SETTLED
TXN-36314,ACC-1304,168165.65,2026-08-13,SETTLED
TXN-11825,ACC-1323,326489.51,2026-08-17,PENDING
TXN-44812,ACC-1073,46942.23,2026-08-05,SETTLED
TXN-49986,ACC-1106,460955.57,2026-08-29,PROCESSING
TXN-39984,ACC-1000,225777.04,2026-07-09,SETTLED
TXN-23206,ACC-1328,333479.08,2026-08-09,SETTLED
TXN-97595,ACC-1043,475357.48,2026-08-16,SETTLED
TXN-20311,ACC-1081,232541.88,2026-08-12,SETTLED
TXN-40188,ACC-1309,237750.79,2026-08-06,SETTLED
TXN-90838,ACC-1061,453849.57,2026-07-27,SETTLED
TXN-24928,ACC-1385,50013.97,2026-07-28,PROCESSING
TXN-87066,ACC-1020,349577.39,2026-07-10,PROCESSING
TXN-10144,ACC-1225,308061.16,2026-07-20,SETTLED
TXN-82566,ACC-1138,424352.37,2026-07-05,SETTLED
TXN-22275,ACC-1127,483461.04,2026-07-11,SETTLED
TXN-57877,ACC-1231,138402.52,2026-08-29,PENDING
TXN-12392,ACC-1051,459587.09,2026-08-20,SETTLED
TXN-16837,ACC-1115,489011.71,2026-07-10,PENDING
TXN-28561,ACC-1024,17864.68,2026-08-25,PROCESSING
TXN-85623,ACC-1396,464491.79,2026-08-19,PROCESSING
TXN-21300,ACC-1379,452063.78,2026-07-25,PROCESSING
TXN-53922,ACC-1021,313425.37,2026-08-20,PROCESSING
TXN-11113,ACC-1262,346920.11,2026-07-07,SETTLED
TXN-25132,ACC-1018,24462.76,2026-08-07,SETTLED
TXN-23321,ACC-1012,273984.36,2026-08-04,PROCESSING
TXN-57137,ACC-1046,252903.09,2026-07-08,PENDING
TXN-98881,ACC-1346,187040.70,2026-07-21,PENDING
TXN-33064,ACC-1135,192192.06,2026-08-03,SETTLED
TXN-14211,ACC-1110,87474.96,2026-08-23,SETTLED
TXN-90108,ACC-1270,94833.35,2026-08-29,PENDING
TXN-12889,ACC-1287,45545.06,2026-08-18,SETTLED
TXN-55069,ACC-1241,123871.53,2026-08-28,SETTLED
TXN-82519,ACC-1081,229627.85,2026-07-08,SETTLED
TXN-20824,ACC-1146,482379.59,2026-07-05,SETTLED
TXN-74271,ACC-1065,367592.44,2026-08-14,PROCESSING
TXN-76586,ACC-1141,147127.08,2026-08-02,SETTLED
TXN-74835,ACC-1169,426081.55,2026-07-13,SETTLED
TXN-85550,ACC-1130,57495.64,2026-07-12,SETTLED
TXN-58673,ACC-1205,440760.27,2026-08-28,SETTLED
TXN-23358,ACC-1126,414286.68,2026-07-20,SETTLED
TXN-63901,ACC-1387,194065.24,2026-07-21,SETTLED
TXN-88413,ACC-1022,13788.90,2026-07-25,SETTLED
TXN-67620,ACC-1087,359664.16,2026-08-16,PENDING
TXN-46213,ACC-1289,451022.65,2026-08-23,SETTLED
TXN-23294,ACC-1274,353992.28,2026-07-25,SETTLED
TXN-64836,ACC-1376,37055.23,2026-07-06,SETTLED
TXN-10900,ACC-1039,495640.35,2026-07-10,PENDING
TXN-94127,ACC-1077,72425.38,2026-07-05,PROCESSING
TXN-03110,ACC-1256,59650.75,2026-07-25,SETTLED
TXN-42298,ACC-1398,201375.10,2026-08-11,PENDING
TXN-12893,ACC-1064,178511.57,2026-08-20,SETTLED
TXN-24808,ACC-1076,143735.37,2026-07-18,PROCESSING
TXN-42256,ACC-1200,99406.41,2026-07-20,PROCESSING
TXN-12004,ACC-1363,358077.39,2026-07-30,PENDING
TXN-03169,ACC-1049,161109.66,2026-08-08,SETTLED
TXN-18876,ACC-1031,382119.41,2026-08-27,SETTLED
TXN-81000,ACC-1267,6731.15,2026-07-14,SETTLED
TXN-61462,ACC-1160,217693.44,2026-07-16,PENDING
TXN-84489,ACC-1378,78906.66,2026-08-08,SETTLED
TXN-02842,ACC-1142,16224.20,2026-07-03,SETTLED
TXN-48132,ACC-1361,269818.54,2026-07-06,SETTLED
TXN-74071,ACC-1068,251504.59,2026-08-09,SETTLED
TXN-52194,ACC-1041,228276.30,2026-07-18,SETTLED
TXN-11380,ACC-1293,416754.58,2026-07-02,PENDING
TXN-05828,ACC-1314,348007.12,2026-07-29,SETTLED
TXN-95002,ACC-1386,234626.40,2026-08-29,SETTLED
TXN-55663,ACC-1040,449056.14,2026-07-04,SETTLED
TXN-03661,ACC-1205,81839.68,2026-08-13,PROCESSING
TXN-80487,ACC-1392,228248.28,2026-07-27,SETTLED
TXN-36285,ACC-1304,304856.60,2026-08-17,SETTLED
TXN-53881,ACC-1399,239923.71,2026-08-19,SETTLED
TXN-15722,ACC-1211,331785.14,2026-07-29,SETTLED
TXN-90923,ACC-1022,256246.61,2026-08-09,SETTLED
TXN-82494,ACC-1081,101606.41,2026-07-10,SETTLED
TXN-97336,ACC-1383,499519.74,2026-08-04,SETTLED
TXN-97161,ACC-1217,365016.70,2026-07-19,SETTLED
TXN-60685,ACC-1218,178828.91,2026-07-14,SETTLED
TXN-77411,ACC-1346,262607.80,2026-08-12,SETTLED
TXN-01889,ACC-1236,225797.78,2026-08-14,PENDING
TXN-08260,ACC-1197,85193.12,2026-08-16,SETTLED
TXN-69876,ACC-1091,314688.51,2026-07-04,PENDING
TXN-26825,ACC-1394,79101.91,2026-07-22,SETTLED
TXN-74332,ACC-1217,370905.06,2026-08-04,SETTLED
TXN-36111,ACC-1230,366504.02,2026-07-01,SETTLED
TXN-55528,ACC-1079,176326.10,2026-08-07,SETTLED
TXN-95233,ACC-1104,280266.58,2026-08-11,SETTLED
TXN-97113,ACC-1230,297162.12,2026-07-16,SETTLED
TXN-03878,ACC-1192,169526.52,2026-07-12,PROCESSING
TXN-61829,ACC-1305,447216.02,2026-07-28,PROCESSING
TXN-82142,ACC-1359,184444.51,2026-07-02,PENDING
TXN-48157,ACC-1167,24902.40,2026-08-06,PROCESSING
TXN-01081,ACC-1082,341814.68,2026-08-27,SETTLED
TXN-13134,ACC-1367,460985.58,2026-08-14,SETTLED
TXN-38844,ACC-1030,196564.07,2026-07-01,SETTLED
TXN-12896,ACC-1316,411458.75,2026-08-28,SETTLED
TXN-85064,ACC-1069,281999.46,2026-08-09,SETTLED
TXN-79268,ACC-1248,310375.81,2026-07-25,SETTLED
TXN-63452,ACC-1102,360620.30,2026-08-20,SETTLED
TXN-83457,ACC-1365,423089.65,2026-08-20,PROCESSING
TXN-04686,ACC-1091,110176.61,2026-07-10,PROCESSING
TXN-10910,ACC-1272,335014.00,2026-07-03,PENDING
TXN-03706,ACC-1118,186379.48,2026-07-21,PROCESSING
TXN-68371,ACC-1285,226310.21,2026-08-13,SETTLED
TXN-29434,ACC-1063,308927.40,2026-08-15,PENDING
TXN-55001,ACC-1384,215996.02,2026-08-05,SETTLED
TXN-27637,ACC-1204,33754.89,2026-07-16,SETTLED
TXN-28436,ACC-1283,300055.97,2026-08-08,SETTLED
TXN-97145,ACC-1077,274981.43,2026-07-14,PENDING
TXN-92176,ACC-1115,185901.87,2026-07-09,PROCESSING
TXN-66265,ACC-1358,266175.30,2026-07-31,PENDING
TXN-73414,ACC-1057,189298.19,2026-07-12,SETTLED
TXN-77086,ACC-1057,183159.50,2026-07-29,SETTLED
TXN-80671,ACC-1332,179520.55,2026-07-05,SETTLED
TXN-71993,ACC-1397,47116.40,2026-08-15,SETTLED
TXN-54211,ACC-1179,117908.74,2026-08-10,PENDING
TXN-97726,ACC-1182,325231.68,2026-08-14,PENDING
TXN-71701,ACC-1161,492672.92,2026-08-02,SETTLED
TXN-36354,ACC-1362,187382.92,2026-07-31,SETTLED
TXN-22727,ACC-1218,398065.72,2026-08-18,SETTLED
TXN-39312,ACC-1390,209285.37,2026-08-04,SETTLED
TXN-34329,ACC-1275,169667.88,2026-07-06,SETTLED
TXN-57318,ACC-1075,331787.75,2026-08-08,SETTLED
TXN-42964,ACC-1337,27059.95,2026-08-24,SETTLED
TXN-87247,ACC-1287,164514.12,2026-07-08,PROCESSING
TXN-86019,ACC-1257,29447.02,2026-08-10,SETTLED
TXN-81050,ACC-1301,253579.00,2026-07-28,PROCESSING
TXN-17479,ACC-1101,141103.89,2026-07-22,PROCESSING
TXN-62891,ACC-1202,421918.50,2026-08-01,PENDING
TXN-68749,ACC-1210,147680.05,2026-08-12,SETTLED
TXN-81187,ACC-1066,304874.07,2026-07-30,SETTLED
TXN-60665,ACC-1165,282361.27,2026-08-13,PENDING
TXN-47033,ACC-1146,369047.00,2026-07-23,PROCESSING
TXN-02621,ACC-1248,451239.48,2026-07-10,PENDING
TXN-43530,ACC-1137,285906.02,2026-07-25,SETTLED
TXN-44024,ACC-1131,375452.96,2026-08-07,SETTLED
TXN-91445,ACC-1204,483732.33,2026-07-18,PROCESSING
TXN-05722,ACC-1034,132475.19,2026-08-02,SETTLED
TXN-48171,ACC-1347,294024.01,2026-07-02,SETTLED
TXN-33338,ACC-1329,179181.77,2026-07-23,PROCESSING
TXN-74535,ACC-1077,134848.51,2026-07-19,SETTLED
TXN-99898,ACC-1304,376346.69,2026-07-15,PENDING
TXN-69317,ACC-1340,65305.74,2026-08-27,SETTLED
TXN-89113,ACC-1042,479931.87,2026-07-18,SETTLED
TXN-74496,ACC-1143,114181.24,2026-08-04,SETTLED
TXN-12065,ACC-1243,425149.25,2026-07-18,SETTLED
TXN-18267,ACC-1282,367963.90,2026-07-27,SETTLED
TXN-29985,ACC-1024,344275.03,2026-08-01,PROCESSING
TXN-57309,ACC-1037,14525.82,2026-07-10,PROCESSING
TXN-91260,ACC-1129,411716.24,2026-07-28,SETTLED
TXN-44062,ACC-1154,58309.59,2026-07-24,SETTLED
TXN-59230,ACC-1192,342537.52,2026-08-06,SETTLED
TXN-66634,ACC-1092,178947.49,2026-08-04,SETTLED
TXN-55049,ACC-1312,185750.16,2026-06-30,PENDING
TXN-06749,ACC-1106,378495.96,2026-07-16,SETTLED
TXN-30248,ACC-1112,452555.81,2026-08-07,SETTLED
TXN-43973,ACC-1119,92035.02,2026-08-29,PROCESSING
TXN-35673,ACC-1250,414745.54,2026-08-09,PENDING
TXN-61094,ACC-1350,154393.22,2026-08-04,SETTLED
TXN-65570,ACC-1079,86778.86,2026-08-27,PROCESSING
TXN-27325,ACC-1263,197344.36,2026-08-22,SETTLED
TXN-75585,ACC-1265,475383.36,2026-07-10,PROCESSING
TXN-58346,ACC-1082,168920.72,2026-07-30,SETTLED
TXN-61638,ACC-1096,98083.69,2026-07-22,SETTLED
TXN-55567,ACC-1307,343793.37,2026-08-09,SETTLED
TXN-84114,ACC-1110,423549.93,2026-08-06,SETTLED
TXN-61349,ACC-1296,195072.96,2026-07-23,SETTLED
TXN-26724,ACC-1041,156440.67,2026-08-24,PENDING
TXN-31684,ACC-1235,31571.27,2026-07-30,SETTLED
TXN-55814,ACC-1331,236644.57,2026-08-12,SETTLED
TXN-74397,ACC-1316,113551.09,2026-07-04,PENDING
TXN-67111,ACC-1001,94765.77,2026-08-20,SETTLED
TXN-85646,ACC-1038,48125.32,2026-08-01,PENDING
TXN-96580,ACC-1016,71625.26,2026-07-12,SETTLED
TXN-77056,ACC-1072,112637.73,2026-08-10,SETTLED
TXN-61233,ACC-1209,370352.26,2026-08-16,PROCESSING
TXN-65009,ACC-1210,472884.45,2026-08-02,SETTLED
TXN-25771,ACC-1190,243889.87,2026-07-30,SETTLED
TXN-98691,ACC-1392,407962.70,2026-08-03,SETTLED
TXN-10147,ACC-1025,127662.60,2026-08-27,SETTLED
TXN-66346,ACC-1359,167901.53,2026-08-22,SETTLED
TXN-45844,ACC-1341,90031.17,2026-07-14,SETTLED
TXN-66739,ACC-1222,384122.74,2026-08-17,PROCESSING
TXN-76834,ACC-1207,388469.19,2026-08-20,PROCESSING
TXN-81911,ACC-1114,320068.37,2026-07-19,PENDING
TXN-14595,ACC-1102,341550.69,2026-07-18,SETTLED
TXN-23109,ACC-1283,448755.11,2026-08-08,SETTLED
TXN-75894,ACC-1275,354396.25,2026-07-10,SETTLED
TXN-75543,ACC-1259,136515.10,2026-07-02,PENDING
TXN-90242,ACC-1167,359452.78,2026-08-27,SETTLED
TXN-51419,ACC-1221,128183.59,2026-07-06,PENDING
TXN-96454,ACC-1115,407542.11,2026-07-16,SETTLED
TXN-06673,ACC-1226,263882.92,2026-08-15,PROCESSING
TXN-20060,ACC-1150,41017.51,2026-08-28,PENDING
TXN-41161,ACC-1224,104109.73,2026-08-10,SETTLED
TXN-33572,ACC-1303,140592.18,2026-08-05,SETTLED
TXN-46970,ACC-1384,43403.05,2026-08-24,SETTLED
TXN-60820,ACC-1058,424124.72,2026-07-24,SETTLED
TXN-13017,ACC-1278,198466.20,2026-07-04,SETTLED
TXN-79231,ACC-1395,254091.27,2026-07-17,SETTLED
TXN-76419,ACC-1257,72382.45,2026-07-09,SETTLED
TXN-77643,ACC-1295,76091.40,2026-07-27,SETTLED
TXN-60102,ACC-1267,63227.30,2026-08-20,PROCESSING
TXN-19055,ACC-1033,217515.38,2026-08-22,PENDING
TXN-77738,ACC-1272,86648.99,2026-07-18,SETTLED
TXN-43532,ACC-1105,391170.71,2026-07-24,SETTLED
TXN-81794,ACC-1336,61391.28,2026-07-03,SETTLED
TXN-27613,ACC-1197,418836.68,2026-07-16,SETTLED
TXN-76996,ACC-1244,279175.73,2026-08-08,SETTLED
TXN-31092,ACC-1267,379807.88,2026-07-05,SETTLED
TXN-37766,ACC-1167,360494.71,2026-07-14,SETTLED
TXN-25425,ACC-1184,21961.85,2026-08-12,SETTLED
TXN-97454,ACC-1055,311107.82,2026-08-09,SETTLED
TXN-45908,ACC-1254,262557.46,2026-08-22,SETTLED
TXN-76263,ACC-1202,302840.64,2026-08-21,PENDING
TXN-43085,ACC-1101,290444.15,2026-08-02,SETTLED
TXN-20067,ACC-1279,471189.59,2026-07-18,SETTLED
TXN-24008,ACC-1297,108849.04,2026-08-14,SETTLED
TXN-03177,ACC-1373,439575.19,2026-07-30,PROCESSING
TXN-16173,ACC-1223,471811.23,2026-08-26,PROCESSING
TXN-82087,ACC-1336,255890.15,2026-07-16,PROCESSING
TXN-98474,ACC-1286,68157.71,2026-08-16,PROCESSING
TXN-51310,ACC-1028,363847.54,2026-07-02,SETTLED
TXN-21211,ACC-1074,82582.76,2026-07-28,PROCESSING
TXN-05560,ACC-1081,450894.20,2026-08-25,PENDING
TXN-71067,ACC-1082,321107.86,2026-07-09,SETTLED
TXN-50900,ACC-1099,232579.02,2026-07-30,SETTLED
TXN-56338,ACC-1072,219401.56,2026-08-25,PROCESSING
TXN-74270,ACC-1153,362912.64,2026-07-13,PENDING
TXN-81168,ACC-1255,415456.77,2026-08-26,PROCESSING
TXN-60678,ACC-1373,249104.86,2026-08-17,SETTLED
TXN-20756,ACC-1034,52714.79,2026-08-25,SETTLED
TXN-47474,ACC-1131,63972.34,2026-08-06,PENDING
TXN-63117,ACC-1331,81718.10,2026-08-29,SETTLED
TXN-23620,ACC-1270,436249.72,2026-07-30,PROCESSING
TXN-79124,ACC-1004,429110.04,2026-08-16,SETTLED
TXN-59780,ACC-1144,8430.32,2026-06-30,PROCESSING
TXN-93404,ACC-1247,453270.64,2026-08-23,SETTLED
TXN-23015,ACC-1095,267295.04,2026-08-12,SETTLED
TXN-99867,ACC-1173,159181.68,2026-08-28,SETTLED
TXN-31679,ACC-1075,306717.79,2026-08-12,SETTLED
TXN-04554,ACC-1254,86595.25,2026-08-29,PROCESSING
TXN-94137,ACC-1284,213455.47,2026-08-25,SETTLED
TXN-44520,ACC-1012,242074.09,2026-08-21,SETTLED
TXN-26650,ACC-1106,259092.09,2026-07-07,PROCESSING
TXN-10909,ACC-1228,23196.55,2026-06-30,PROCESSING
TXN-36170,ACC-1373,391785.69,2026-08-20,PENDING
TXN-20171,ACC-1020,314949.99,2026-07-17,PROCESSING
TXN-56574,ACC-1361,258403.23,2026-08-23,PENDING
TXN-97461,ACC-1059,451239.23,2026-07-11,SETTLED
TXN-06133,ACC-1317,491376.25,2026-07-05,PENDING
TXN-31335,ACC-1023,455607.93,2026-08-24,PENDING
TXN-64043,ACC-1281,227263.86,2026-08-24,SETTLED
TXN-44723,ACC-1309,61743.21,2026-07-20,SETTLED
TXN-24377,ACC-1374,326674.75,2026-08-04,SETTLED
TXN-56043,ACC-1278,62562.33,2026-08-19,PROCESSING
TXN-51626,ACC-1355,346045.44,2026-07-18,SETTLED
TXN-51898,ACC-1007,348990.00,2026-08-23,PROCESSING
TXN-68485,ACC-1105,300479.47,2026-07-25,PENDING
TXN-48149,ACC-1332,41602.81,2026-07-06,PENDING
TXN-15902,ACC-1123,163712.76,2026-07-30,SETTLED
TXN-80473,ACC-1058,95686.61,2026-08-25,SETTLED
TXN-30357,ACC-1337,250976.81,2026-08-29,SETTLED
TXN-27773,ACC-1115,120959.04,2026-08-29,SETTLED
TXN-57483,ACC-1324,311161.52,2026-07-25,SETTLED
TXN-08931,ACC-1323,323191.90,2026-07-21,SETTLED
TXN-21874,ACC-1126,488045.18,2026-07-14,SETTLED
TXN-41096,ACC-1112,441247.15,2026-08-05,SETTLED
TXN-73274,ACC-1012,317951.17,2026-07-26,SETTLED
TXN-87142,ACC-1378,32010.66,2026-08-02,SETTLED
TXN-17472,ACC-1020,368739.84,2026-07-16,PENDING
TXN-78698,ACC-1304,315461.69,2026-08-04,SETTLED
TXN-20210,ACC-1340,161040.99,2026-07-09,PROCESSING
TXN-29991,ACC-1174,216992.21,2026-08-17,SETTLED
TXN-08606,ACC-1133,410103.42,2026-08-01,PROCESSING
TXN-32090,ACC-1275,166144.33,2026-08-03,PENDING
TXN-62593,ACC-1055,349479.43,2026-07-26,PROCESSING
TXN-79457,ACC-1127,398423.27,2026-06-30,PROCESSING
TXN-58766,ACC-1079,294592.75,2026-08-24,PROCESSING
TXN-53449,ACC-1355,257069.95,2026-08-02,PENDING
TXN-46768,ACC-1107,25268.86,2026-08-08,PROCESSING
TXN-09955,ACC-1291,448810.96,2026-07-17,SETTLED
TXN-53998,ACC-1351,58647.89,2026-08-15,SETTLED
TXN-47717,ACC-1049,405140.45,2026-08-04,SETTLED
TXN-88965,ACC-1104,114013.26,2026-07-24,SETTLED
TXN-65957,ACC-1345,291233.80,2026-07-17,SETTLED
TXN-98964,ACC-1393,351080.39,2026-08-09,PENDING
TXN-41136,ACC-1270,252951.10,2026-08-24,SETTLED
TXN-49340,ACC-1214,353072.84,2026-07-09,SETTLED
TXN-56462,ACC-1102,326721.31,2026-08-21,SETTLED
TXN-65773,ACC-1151,42913.41,2026-07-29,SETTLED
TXN-81984,ACC-1173,424590.19,2026-07-05,SETTLED
TXN-52160,ACC-1057,131843.73,2026-07-06,PENDING
TXN-91978,ACC-1328,351156.17,2026-08-22,SETTLED
TXN-44921,ACC-1288,423084.36,2026-07-24,SETTLED
TXN-73168,ACC-1019,418073.79,2026-07-06,SETTLED
TXN-79042,ACC-1390,249237.48,2026-08-24,SETTLED
TXN-23891,ACC-1101,90680.88,2026-08-19,SETTLED
TXN-08358,ACC-1184,317160.34,2026-08-27,PROCESSING
TXN-82347,ACC-1388,356405.51,2026-07-08,SETTLED
TXN-77804,ACC-1139,422632.43,2026-07-28,SETTLED
TXN-20404,ACC-1328,343087.17,2026-07-18,SETTLED
TXN-60294,ACC-1247,96568.02,2026-08-20,SETTLED
TXN-60333,ACC-1242,323979.93,2026-07-19,SETTLED
TXN-99883,ACC-1166,184836.02,2026-08-27,SETTLED
TXN-44414,ACC-1348,164498.73,2026-07-12,SETTLED
TXN-58010,ACC-1216,325725.09,2026-08-15,SETTLED
TXN-69884,ACC-1376,350844.41,2026-08-23,SETTLED
TXN-15319,ACC-1224,247179.67,2026-07-08,SETTLED
TXN-47821,ACC-1364,351236.47,2026-08-28,PENDING
TXN-71501,ACC-1257,7099.13,2026-08-05,SETTLED
TXN-86131,ACC-1295,85939.49,2026-07-02,SETTLED
TXN-66872,ACC-1049,193451.35,2026-08-20,PENDING
TXN-02357,ACC-1310,212194.19,2026-08-22,SETTLED
TXN-42073,ACC-1389,196238.60,2026-07-24,SETTLED
TXN-91564,ACC-1323,108550.00,2026-08-16,SETTLED
TXN-38519,ACC-1309,96036.36,2026-08-29,SETTLED
TXN-61157,ACC-1241,302177.85,2026-08-03,SETTLED
TXN-51302,ACC-1109,104096.49,2026-08-05,SETTLED
TXN-60348,ACC-1038,321073.21,2026-07-01,PROCESSING
TXN-97028,ACC-1389,461082.88,2026-07-03,SETTLED
TXN-10087,ACC-1201,477201.75,2026-08-22,SETTLED
TXN-35284,ACC-1123,370416.65,2026-08-21,SETTLED
TXN-04483,ACC-1076,263760.11,2026-08-22,PENDING
TXN-18168,ACC-1346,261901.80,2026-07-14,SETTLED
TXN-41260,ACC-1276,365168.53,2026-07-15,SETTLED
TXN-57447,ACC-1095,193108.76,2026-07-21,SETTLED
TXN-67753,ACC-1330,358486.36,2026-07-14,SETTLED
TXN-22556,ACC-1342,129738.27,2026-07-13,SETTLED
TXN-99124,ACC-1359,181296.40,2026-08-13,SETTLED
TXN-66009,ACC-1195,42770.61,2026-07-11,SETTLED
TXN-89664,ACC-1388,125287.95,2026-07-29,SETTLED
TXN-29945,ACC-1120,286831.30,2026-07-10,SETTLED
TXN-61318,ACC-1247,346203.76,2026-08-09,PENDING
TXN-61001,ACC-1035,396010.27,2026-08-12,PROCESSING
TXN-39583,ACC-1039,121384.82,2026-07-13,PENDING
TXN-36577,ACC-1221,234231.44,2026-07-03,SETTLED
TXN-48937,ACC-1107,129229.02,2026-07-05,SETTLED
TXN-70897,ACC-1215,272999.67,2026-08-01,PROCESSING
TXN-67373,ACC-1327,296986.94,2026-08-20,SETTLED
TXN-68192,ACC-1184,147128.38,2026-07-22,SETTLED
TXN-37405,ACC-1081,247929.59,2026-07-23,SETTLED
TXN-62818,ACC-1057,342990.82,2026-07-14,SETTLED
TXN-94176,ACC-1088,20009.27,2026-08-17,SETTLED
TXN-47222,ACC-1114,453643.15,2026-08-22,SETTLED
TXN-64911,ACC-1125,109352.31,2026-08-14,PENDING
TXN-52450,ACC-1379,119986.80,2026-08-05,SETTLED
TXN-57089,ACC-1300,43318.34,2026-08-16,SETTLED
TXN-59602,ACC-1348,120132.19,2026-08-02,PROCESSING
TXN-96688,ACC-1059,360609.89,2026-07-09,SETTLED
TXN-63897,ACC-1097,294990.80,2026-07-26,PROCESSING
TXN-51049,ACC-1121,87324.15,2026-08-09,SETTLED
TXN-22701,ACC-1051,42381.01,2026-07-11,PENDING
TXN-42667,ACC-1188,81278.98,2026-07-31,SETTLED
TXN-64521,ACC-1199,337631.74,2026-07-28,SETTLED
TXN-54459,ACC-1169,104824.48,2026-07-11,SETTLED
TXN-81259,ACC-1240,388142.41,2026-07-17,PENDING
TXN-60986,ACC-1378,215606.76,2026-08-23,SETTLED
TXN-04481,ACC-1086,445288.06,2026-07-14,PROCESSING
TXN-17288,ACC-1139,120363.02,2026-08-24,PENDING
TXN-67305,ACC-1140,299558.90,2026-08-29,SETTLED
TXN-59976,ACC-1022,138011.64,2026-07-31,PROCESSING
TXN-27021,ACC-1125,91308.25,2026-07-02,SETTLED
TXN-36912,ACC-1210,238649.53,2026-08-06,SETTLED
TXN-51046,ACC-1213,358561.14,2026-08-23,PENDING
TXN-13100,ACC-1009,171274.72,2026-07-19,PENDING
TXN-74118,ACC-1188,50986.20,2026-07-02,SETTLED
TXN-57188,ACC-1133,310048.63,2026-08-26,SETTLED
TXN-37236,ACC-1367,76670.77,2026-07-02,SETTLED
TXN-79843,ACC-1180,169752.92,2026-08-24,SETTLED
TXN-87903,ACC-1197,321410.93,2026-07-07,SETTLED
TXN-24604,ACC-1373,411833.08,2026-08-24,SETTLED
TXN-10434,ACC-1341,386217.26,2026-07-01,SETTLED
TXN-52529,ACC-1098,362927.05,2026-07-09,PROCESSING
TXN-90487,ACC-1201,450101.96,2026-08-17,SETTLED
TXN-26211,ACC-1050,230359.63,2026-08-18,SETTLED
TXN-93215,ACC-1103,105692.95,2026-07-29,PENDING
TXN-73010,ACC-1058,283480.45,2026-07-08,SETTLED
TXN-81381,ACC-1077,499795.24,2026-07-16,SETTLED
TXN-37702,ACC-1333,111920.79,2026-08-17,SETTLED
TXN-02436,ACC-1279,135331.98,2026-08-02,SETTLED
TXN-32936,ACC-1031,469036.88,2026-08-27,SETTLED
TXN-55296,ACC-1000,393713.49,2026-08-29,PROCESSING
TXN-39439,ACC-1198,497028.05,2026-07-28,SETTLED
TXN-51628,ACC-1133,295879.71,2026-07-21,PROCESSING
TXN-29596,ACC-1393,88755.55,2026-07-21,SETTLED
TXN-77264,ACC-1135,70217.95,2026-07-27,PENDING
TXN-97582,ACC-1311,350622.25,2026-07-25,SETTLED
TXN-72931,ACC-1256,188646.18,2026-07-17,SETTLED
TXN-45256,ACC-1026,304114.13,2026-07-01,SETTLED
TXN-29562,ACC-1349,273936.66,2026-07-22,SETTLED
TXN-49961,ACC-1133,93934.90,2026-08-04,PROCESSING
TXN-36478,ACC-1070,320570.42,2026-08-06,SETTLED
TXN-32421,ACC-1186,68370.38,2026-08-23,PROCESSING
TXN-30373,ACC-1103,5254.01,2026-07-16,SETTLED
TXN-54960,ACC-1247,343531.88,2026-08-23,SETTLED
TXN-37217,ACC-1367,460233.38,2026-07-31,SETTLED
TXN-58358,ACC-1389,215666.75,2026-07-29,PROCESSING
TXN-02874,ACC-1366,286659.64,2026-08-12,SETTLED
TXN-70896,ACC-1086,80295.64,2026-08-29,PROCESSING
TXN-50413,ACC-1224,384653.91,2026-07-25,PROCESSING
TXN-23209,ACC-1128,258546.37,2026-08-23,PROCESSING
TXN-51946,ACC-1359,427079.89,2026-08-17,SETTLED
TXN-10271,ACC-1033,233905.97,2026-08-23,PROCESSING
TXN-16790,ACC-1372,25891.42,2026-07-05,PENDING
TXN-38042,ACC-1185,375281.96,2026-07-09,SETTLED
TXN-62904,ACC-1219,134421.29,2026-07-07,SETTLED
TXN-59211,ACC-1131,200335.42,2026-08-09,SETTLED
TXN-55550,ACC-1115,308638.91,2026-07-19,PENDING
TXN-66427,ACC-1303,40589.94,2026-08-04,SETTLED
TXN-21639,ACC-1108,422420.84,2026-07-19,PENDING
TXN-04900,ACC-1105,444599.53,2026-08-23,SETTLED
TXN-28006,ACC-1090,473627.62,2026-07-18,SETTLED
TXN-84997,ACC-1043,347347.12,2026-07-11,SETTLED
TXN-93873,ACC-1162,102308.12,2026-07-29,SETTLED
TXN-20410,ACC-1361,45198.84,2026-08-10,PROCESSING
TXN-94000,ACC-1066,20743.70,2026-07-06,PROCESSING
TXN-45423,ACC-1166,162944.84,2026-08-08,SETTLED
TXN-36535,ACC-1180,310308.10,2026-08-29,SETTLED
TXN-52104,ACC-1043,282488.72,2026-08-27,PENDING
TXN-44395,ACC-1343,472923.99,2026-07-08,SETTLED
TXN-08058,ACC-1141,396499.29,2026-07-26,PENDING
TXN-25349,ACC-1238,346756.63,2026-07-23,PROCESSING
TXN-35661,ACC-1336,102455.76,2026-07-29,PROCESSING
TXN-62771,ACC-1111,81939.77,2026-07-24,PROCESSING
TXN-01185,ACC-1009,15469.78,2026-08-15,SETTLED
TXN-10602,ACC-1114,256396.76,2026-07-05,PENDING
TXN-92283,ACC-1028,123005.44,2026-07-11,PROCESSING
TXN-26934,ACC-1338,120478.75,2026-08-22,SETTLED
TXN-54575,ACC-1093,246803.51,2026-08-27,SETTLED
TXN-66384,ACC-1356,343969.82,2026-08-19,SETTLED
TXN-68517,ACC-1173,341976.12,2026-08-16,PENDING
TXN-89895,ACC-1023,152098.07,2026-08-25,SETTLED
TXN-11466,ACC-1011,268299.09,2026-07-22,SETTLED
TXN-90632,ACC-1147,333825.83,2026-07-11,SETTLED
TXN-80103,ACC-1260,463991.72,2026-08-19,SETTLED
TXN-47265,ACC-1012,337144.16,2026-07-25,SETTLED
TXN-34140,ACC-1384,483494.08,2026-08-28,SETTLED
TXN-13495,ACC-1152,453413.69,2026-07-02,PENDING
TXN-16085,ACC-1076,225524.91,2026-08-20,SETTLED
TXN-03374,ACC-1295,142673.14,2026-08-18,SETTLED
TXN-55133,ACC-1148,458388.76,2026-08-18,SETTLED
TXN-20804,ACC-1012,441890.76,2026-07-09,PENDING
TXN-24084,ACC-1072,285008.07,2026-08-07,PENDING
TXN-54573,ACC-1338,398383.56,2026-07-06,PENDING
TXN-15162,ACC-1068,452036.26,2026-08-05,SETTLED
TXN-77111,ACC-1171,308147.46,2026-08-19,SETTLED
TXN-96319,ACC-1361,380754.23,2026-07-09,SETTLED
TXN-21213,ACC-1058,445871.46,2026-07-13,PENDING
TXN-07588,ACC-1399,207247.17,2026-08-09,PROCESSING
TXN-01982,ACC-1031,282369.55,2026-07-06,PENDING
TXN-18300,ACC-1267,306589.81,2026-07-30,SETTLED
TXN-04065,ACC-1261,201582.03,2026-08-12,SETTLED
TXN-96761,ACC-1177,44876.65,2026-07-27,SETTLED
TXN-42798,ACC-1145,340423.41,2026-07-16,SETTLED
TXN-20308,ACC-1100,123445.83,2026-07-11,PROCESSING
TXN-55361,ACC-1079,311642.53,2026-07-16,PENDING
TXN-08475,ACC-1320,43333.58,2026-07-30,SETTLED
TXN-71731,ACC-1031,227028.19,2026-08-26,SETTLED
TXN-15343,ACC-1174,331376.20,2026-08-10,SETTLED
TXN-51881,ACC-1324,438598.39,2026-08-14,PROCESSING
TXN-32175,ACC-1287,47516.86,2026-08-23,SETTLED
TXN-26131,ACC-1217,138603.32,2026-08-24,PENDING
TXN-77591,ACC-1098,306471.58,2026-07-11,SETTLED
TXN-86987,ACC-1071,430492.43,2026-08-07,PROCESSING
TXN-39087,ACC-1274,340781.19,2026-08-20,SETTLED
TXN-43581,ACC-1225,499834.59,2026-07-17,SETTLED
TXN-76694,ACC-1376,333931.93,2026-08-15,SETTLED
TXN-23334,ACC-1101,477386.89,2026-08-15,SETTLED
TXN-19088,ACC-1251,340783.92,2026-07-06,SETTLED
TXN-72386,ACC-1066,67413.24,2026-07-08,SETTLED
TXN-83821,ACC-1314,30166.10,2026-07-27,PENDING
TXN-65685,ACC-1236,193692.24,2026-08-01,SETTLED
TXN-15737,ACC-1167,144716.56,2026-07-17,PENDING
TXN-51988,ACC-1158,294693.77,2026-07-08,SETTLED
TXN-74149,ACC-1303,86725.51,2026-07-26,SETTLED
TXN-91292,ACC-1108,189961.60,2026-08-23,SETTLED
TXN-50056,ACC-1182,443959.24,2026-08-04,SETTLED
TXN-27392,ACC-1144,231951.79,2026-08-09,PENDING
TXN-76194,ACC-1235,133305.20,2026-07-21,SETTLED
TXN-02433,ACC-1057,211510.15,2026-08-05,SETTLED
TXN-08270,ACC-1361,221623.28,2026-07-31,SETTLED
TXN-66254,ACC-1320,215744.23,2026-07-02,SETTLED
TXN-07156,ACC-1142,197098.17,2026-08-21,SETTLED
TXN-06642,ACC-1226,375314.24,2026-08-06,SETTLED
TXN-46452,ACC-1005,136176.18,2026-08-13,PENDING
TXN-82082,ACC-1220,268665.55,2026-08-07,SETTLED
TXN-43674,ACC-1389,280566.14,2026-08-28,PENDING
TXN-11525,ACC-1341,5754.89,2026-08-10,SETTLED
TXN-48230,ACC-1231,132851.55,2026-07-24,PROCESSING
TXN-64420,ACC-1209,49876.93,2026-07-20,SETTLED
TXN-32286,ACC-1384,233843.46,2026-07-28,PROCESSING
TXN-02630,ACC-1353,406112.84,2026-08-13,PENDING
TXN-36931,ACC-1016,139975.44,2026-07-01,SETTLED
TXN-93271,ACC-1024,205692.51,2026-07-30,SETTLED
TXN-78142,ACC-1211,101953.33,2026-07-06,PENDING
TXN-59510,ACC-1344,398095.97,2026-07-15,SETTLED
TXN-61919,ACC-1007,108440.85,2026-08-05,SETTLED
TXN-22736,ACC-1057,135684.09,2026-08-20,SETTLED
TXN-50133,ACC-1035,371580.27,2026-07-02,SETTLED
TXN-21926,ACC-1330,469445.61,2026-07-30,SETTLED
TXN-28478,ACC-1091,399884.51,2026-07-16,SETTLED
TXN-11306,ACC-1250,375606.43,2026-08-01,PENDING
TXN-56991,ACC-1101,279571.73,2026-07-15,SETTLED
TXN-32226,ACC-1337,114060.40,2026-08-11,SETTLED
TXN-97870,ACC-1211,146930.29,2026-07-29,SETTLED
TXN-28539,ACC-1209,385072.59,2026-07-02,PENDING
TXN-44028,ACC-1245,414845.60,2026-07-21,SETTLED
TXN-48240,ACC-1323,85018.92,2026-07-26,PENDING
TXN-56857,ACC-1357,371593.74,2026-07-11,SETTLED
TXN-98775,ACC-1150,104207.83,2026-08-21,SETTLED
TXN-67290,ACC-1276,185209.06,2026-07-07,PROCESSING
TXN-38860,ACC-1193,259931.57,2026-08-25,SETTLED
TXN-12468,ACC-1141,274925.69,2026-07-29,SETTLED
TXN-90379,ACC-1353,435934.01,2026-07-11,SETTLED
TXN-26016,ACC-1397,33081.29,2026-08-11,PROCESSING
TXN-97294,ACC-1278,393273.89,2026-08-21,SETTLED
TXN-50791,ACC-1075,94869.52,2026-07-20,SETTLED
TXN-23191,ACC-1226,266470.76,2026-07-04,PENDING
TXN-84738,ACC-1304,167726.11,2026-08-07,SETTLED
TXN-86930,ACC-1272,403812.51,2026-08-06,SETTLED
TXN-56089,ACC-1213,192636.23,2026-07-17,SETTLED
TXN-66259,ACC-1129,332537.49,2026-08-06,SETTLED
TXN-58287,ACC-1132,101659.72,2026-07-17,SETTLED
TXN-85904,ACC-1036,246615.23,2026-08-29,SETTLED
TXN-49398,ACC-1092,454437.63,2026-07-29,SETTLED
TXN-78985,ACC-1394,13634.72,2026-07-01,SETTLED
TXN-01136,ACC-1369,195080.85,2026-08-19,SETTLED
TXN-92801,ACC-1073,144894.61,2026-07-19,SETTLED
TXN-94297,ACC-1339,373671.17,2026-08-28,PROCESSING
TXN-88066,ACC-1126,38589.79,2026-07-18,SETTLED
TXN-45646,ACC-1110,272203.77,2026-07-25,SETTLED
TXN-89897,ACC-1069,332161.67,2026-08-20,SETTLED
TXN-98682,ACC-1260,202513.79,2026-08-21,SETTLED
TXN-62598,ACC-1309,84443.70,2026-07-18,SETTLED
TXN-13187,ACC-1021,128124.82,2026-07-17,PENDING
TXN-71809,ACC-1048,306379.84,2026-08-29,SETTLED
TXN-35658,ACC-1217,492337.90,2026-07-03,SETTLED
TXN-94197,ACC-1145,66928.21,2026-08-10,SETTLED
TXN-92562,ACC-1253,416232.59,2026-07-11,SETTLED
TXN-23132,ACC-1053,194517.00,2026-07-19,SETTLED
TXN-95511,ACC-1245,78334.90,2026-07-21,SETTLED
TXN-87614,ACC-1126,312750.33,2026-07-25,PENDING
TXN-61551,ACC-1131,90793.10,2026-07-03,SETTLED
TXN-84673,ACC-1028,24020.60,2026-07-27,SETTLED
TXN-20926,ACC-1350,416977.82,2026-08-24,SETTLED
TXN-86910,ACC-1153,96789.42,2026-08-29,SETTLED
TXN-06024,ACC-1187,93787.74,2026-08-09,SETTLED
TXN-39315,ACC-1368,381513.92,2026-07-03,SETTLED
TXN-97284,ACC-1101,355461.10,2026-07-18,SETTLED
TXN-17258,ACC-1098,471762.78,2026-08-28,SETTLED
TXN-76455,ACC-1095,413571.90,2026-08-15,PENDING
TXN-82902,ACC-1354,473692.03,2026-08-26,PROCESSING
TXN-04088,ACC-1311,415732.33,2026-07-20,SETTLED
TXN-08908,ACC-1200,86093.16,2026-07-02,PROCESSING
TXN-23269,ACC-1002,210461.36,2026-07-18,SETTLED
TXN-22095,ACC-1390,243598.72,2026-08-29,SETTLED
TXN-19260,ACC-1339,368024.61,2026-08-14,SETTLED
TXN-25406,ACC-1119,390702.07,2026-08-19,SETTLED
TXN-23827,ACC-1341,436717.96,2026-07-30,SETTLED
TXN-36583,ACC-1141,95993.91,2026-08-02,SETTLED
TXN-97717,ACC-1397,299633.60,2026-08-17,PROCESSING
TXN-57382,ACC-1029,323359.80,2026-08-25,SETTLED
TXN-77601,ACC-1066,303175.70,2026-07-08,PENDING
TXN-06317,ACC-1246,172281.52,2026-07-15,SETTLED
TXN-74909,ACC-1375,373980.99,2026-08-08,SETTLED
TXN-34657,ACC-1107,340637.57,2026-07-07,SETTLED
TXN-75541,ACC-1024,190162.42,2026-07-05,SETTLED
TXN-80734,ACC-1274,403931.34,2026-07-16,SETTLED
TXN-71485,ACC-1024,192592.91,2026-08-10,SETTLED
TXN-36982,ACC-1106,178480.15,2026-08-27,PROCESSING
TXN-03558,ACC-1213,345173.19,2026-08-14,PENDING
TXN-13422,ACC-1275,478948.51,2026-07-25,SETTLED
TXN-39049,ACC-1051,83039.22,2026-07-22,PROCESSING
TXN-40317,ACC-1011,210209.66,2026-08-27,SETTLED
TXN-02663,ACC-1045,170577.65,2026-07-20,PROCESSING
TXN-57767,ACC-1170,280339.26,2026-08-19,PENDING
TXN-29838,ACC-1282,264284.15,2026-08-02,PENDING
TXN-88991,ACC-1030,301059.56,2026-07-01,SETTLED
TXN-80925,ACC-1088,179121.13,2026-07-01,PROCESSING
TXN-47419,ACC-1109,329122.29,2026-07-13,PROCESSING
TXN-41774,ACC-1393,310684.13,2026-08-06,SETTLED
TXN-70817,ACC-1214,498154.01,2026-08-03,SETTLED
TXN-14139,ACC-1246,90757.40,2026-08-15,PROCESSING
TXN-80630,ACC-1024,362753.34,2026-07-18,PENDING
TXN-74917,ACC-1256,22124.42,2026-07-03,SETTLED
TXN-10300,ACC-1228,209746.10,2026-08-06,PENDING
TXN-76544,ACC-1013,420967.74,2026-07-28,SETTLED
TXN-54979,ACC-1347,155847.13,2026-08-14,SETTLED
TXN-36871,ACC-1285,103342.57,2026-07-13,SETTLED
TXN-50621,ACC-1143,374812.14,2026-07-15,PROCESSING
TXN-51033,ACC-1110,5385.87,2026-08-01,SETTLED
TXN-55795,ACC-1086,170362.67,2026-07-16,PROCESSING
TXN-67720,ACC-1387,372536.62,2026-07-16,SETTLED
TXN-14184,ACC-1379,420780.45,2026-07-14,SETTLED
TXN-75663,ACC-1037,388564.16,2026-07-16,SETTLED
TXN-24011,ACC-1249,386106.04,2026-08-12,SETTLED
TXN-21029,ACC-1030,67702.55,2026-07-06,PENDING
TXN-71620,ACC-1398,273605.12,2026-07-28,SETTLED
TXN-76431,ACC-1320,453821.26,2026-08-27,PROCESSING
TXN-02490,ACC-1350,277953.03,2026-07-20,SETTLED
TXN-51348,ACC-1121,431271.57,2026-07-26,SETTLED
TXN-62319,ACC-1089,357846.32,2026-07-20,SETTLED
TXN-24911,ACC-1394,467085.43,2026-08-17,SETTLED
TXN-60339,ACC-1040,461611.41,2026-07-19,SETTLED
TXN-56395,ACC-1294,472763.11,2026-08-25,SETTLED
TXN-84883,ACC-1324,486019.80,2026-07-31,SETTLED
TXN-75959,ACC-1095,348676.67,2026-07-30,PROCESSING
TXN-41226,ACC-1316,377200.15,2026-08-20,PROCESSING
TXN-27985,ACC-1276,144762.77,2026-07-30,PROCESSING
TXN-64816,ACC-1348,65487.02,2026-07-06,SETTLED
TXN-29742,ACC-1269,297407.14,2026-08-04,PROCESSING
TXN-07343,ACC-1179,305185.86,2026-08-20,SETTLED
TXN-04791,ACC-1248,350851.84,2026-07-20,SETTLED
TXN-12366,ACC-1215,355343.16,2026-08-27,PROCESSING
TXN-65772,ACC-1080,53829.19,2026-07-20,SETTLED
TXN-14729,ACC-1311,46021.51,2026-07-05,PROCESSING
TXN-02462,ACC-1375,372603.11,2026-07-16,SETTLED
TXN-08085,ACC-1062,425174.57,2026-07-31,PROCESSING
TXN-38198,ACC-1147,207042.79,2026-07-16,PROCESSING
TXN-23582,ACC-1324,173909.50,2026-07-15,SETTLED
TXN-66078,ACC-1226,357081.88,2026-07-26,SETTLED
TXN-20775,ACC-1110,481574.20,2026-07-29,SETTLED
TXN-88403,ACC-1280,281081.88,2026-08-21,PENDING
TXN-83449,ACC-1241,493017.30,2026-07-15,PROCESSING
TXN-36631,ACC-1241,457374.34,2026-07-09,SETTLED
TXN-99201,ACC-1042,126598.55,2026-07-19,PENDING
TXN-98681,ACC-1224,118670.59,2026-08-25,PENDING
TXN-28386,ACC-1255,457475.37,2026-08-29,SETTLED
TXN-96134,ACC-1227,166394.45,2026-08-23,SETTLED
TXN-42199,ACC-1293,340115.52,2026-08-11,PENDING
TXN-36317,ACC-1261,160588.37,2026-08-11,SETTLED
TXN-98484,ACC-1339,71134.34,2026-08-25,SETTLED
TXN-84341,ACC-1316,414454.89,2026-08-12,SETTLED
TXN-17635,ACC-1177,137021.77,2026-08-26,SETTLED
TXN-32650,ACC-1081,354258.31,2026-07-20,PENDING
TXN-19731,ACC-1254,142813.29,2026-07-26,PROCESSING
TXN-43250,ACC-1046,299149.00,2026-07-09,PROCESSING
TXN-03964,ACC-1197,18537.54,2026-07-03,SETTLED
TXN-03710,ACC-1395,371771.07,2026-07-14,SETTLED
TXN-82679,ACC-1333,180707.60,2026-08-07,SETTLED
TXN-41985,ACC-1057,196559.01,2026-07-25,PENDING
TXN-11886,ACC-1342,361010.01,2026-07-13,SETTLED
TXN-68006,ACC-1127,38974.90,2026-07-20,SETTLED
TXN-84722,ACC-1389,446431.12,2026-07-04,PROCESSING
TXN-75914,ACC-1391,151893.83,2026-07-16,SETTLED
TXN-20426,ACC-1282,55984.46,2026-07-17,SETTLED
TXN-19533,ACC-1019,255497.19,2026-07-10,SETTLED
TXN-76222,ACC-1341,112866.54,2026-08-01,PENDING
TXN-93172,ACC-1277,492279.36,2026-07-28,SETTLED
TXN-39842,ACC-1393,88064.44,2026-07-05,SETTLED
TXN-74932,ACC-1104,348774.33,2026-07-16,SETTLED
TXN-76160,ACC-1082,175587.93,2026-07-07,SETTLED
TXN-22420,ACC-1277,390524.71,2026-07-24,PROCESSING
TXN-13331,ACC-1109,394948.58,2026-07-17,SETTLED
TXN-09186,ACC-1224,471316.72,2026-07-01,SETTLED
TXN-54255,ACC-1303,6977.01,2026-07-15,PROCESSING
TXN-16929,ACC-1381,41517.88,2026-07-07,SETTLED
TXN-83120,ACC-1222,273709.33,2026-07-05,SETTLED
TXN-04807,ACC-1026,341460.93,2026-08-03,PROCESSING
TXN-17024,ACC-1046,185205.63,2026-08-12,SETTLED
TXN-33095,ACC-1399,217198.15,2026-08-19,SETTLED
TXN-97196,ACC-1251,200850.70,2026-07-17,SETTLED
TXN-87451,ACC-1173,47826.11,2026-07-18,SETTLED
TXN-29772,ACC-1299,125347.78,2026-08-24,PENDING
TXN-80504,ACC-1024,140010.54,2026-07-09,SETTLED
TXN-14975,ACC-1234,141462.59,2026-08-09,PROCESSING
TXN-54446,ACC-1045,485556.62,2026-08-16,SETTLED
TXN-47395,ACC-1214,404088.54,2026-07-28,SETTLED
TXN-06589,ACC-1091,427284.52,2026-07-18,PROCESSING
TXN-81839,ACC-1208,481109.99,2026-07-11,SETTLED
TXN-28848,ACC-1300,270234.55,2026-07-23,SETTLED
TXN-77126,ACC-1155,278118.78,2026-07-27,SETTLED
TXN-28457,ACC-1133,180258.03,2026-07-09,SETTLED
TXN-86464,ACC-1393,288487.53,2026-07-25,PROCESSING
TXN-21444,ACC-1136,232886.51,2026-07-13,SETTLED
TXN-61421,ACC-1281,396954.61,2026-08-26,PENDING
TXN-54749,ACC-1393,95614.34,2026-08-10,SETTLED
TXN-06876,ACC-1138,14247.08,2026-08-03,PROCESSING
TXN-44880,ACC-1305,49736.36,2026-07-22,SETTLED
TXN-64072,ACC-1224,429520.82,2026-07-04,SETTLED
TXN-91469,ACC-1187,400185.69,2026-07-03,SETTLED
TXN-76988,ACC-1193,378615.65,2026-07-12,SETTLED
TXN-52038,ACC-1310,130246.68,2026-08-28,SETTLED
TXN-92109,ACC-1291,468516.47,2026-07-23,SETTLED
TXN-44162,ACC-1316,188345.92,2026-08-11,PENDING
TXN-70287,ACC-1148,129475.28,2026-07-08,SETTLED
TXN-31981,ACC-1184,218835.17,2026-08-06,PENDING
TXN-71027,ACC-1178,384309.09,2026-07-21,SETTLED
TXN-27327,ACC-1057,415175.40,2026-08-23,PROCESSING
TXN-90011,ACC-1391,72980.24,2026-07-13,SETTLED
TXN-84454,ACC-1099,336535.01,2026-08-27,SETTLED
TXN-02068,ACC-1272,433889.25,2026-07-13,SETTLED
TXN-26867,ACC-1358,74077.18,2026-08-01,PENDING
TXN-44838,ACC-1278,407782.27,2026-07-29,SETTLED
TXN-43603,ACC-1086,66936.74,2026-07-19,PENDING
TXN-51699,ACC-1376,469247.12,2026-07-19,SETTLED
TXN-80608,ACC-1142,33077.70,2026-08-21,SETTLED
TXN-85001,ACC-1241,460286.88,2026-08-15,SETTLED
TXN-24896,ACC-1260,349481.55,2026-07-14,SETTLED
TXN-05853,ACC-1359,75231.89,2026-07-18,SETTLED
TXN-21033,ACC-1054,282952.37,2026-07-01,PROCESSING
TXN-68096,ACC-1397,281282.98,2026-08-19,SETTLED
TXN-99671,ACC-1014,327747.47,2026-07-29,PROCESSING
TXN-70297,ACC-1216,483070.00,2026-07-17,SETTLED
TXN-73509,ACC-1283,394331.12,2026-07-19,SETTLED
TXN-61795,ACC-1214,157887.50,2026-07-26,PENDING
TXN-78826,ACC-1318,160447.86,2026-07-06,SETTLED
TXN-86820,ACC-1318,395435.69,2026-07-13,SETTLED
TXN-25821,ACC-1242,60266.15,2026-08-04,SETTLED
TXN-25326,ACC-1271,313811.47,2026-08-04,SETTLED
TXN-29860,ACC-1242,408362.57,2026-08-20,SETTLED
TXN-79948,ACC-1338,453796.99,2026-08-21,PENDING
TXN-38027,ACC-1362,45018.61,2026-08-15,SETTLED
TXN-36104,ACC-1358,493879.59,2026-08-08,SETTLED
TXN-74880,ACC-1353,285300.36,2026-08-19,SETTLED
TXN-95461,ACC-1387,495433.53,2026-08-01,PENDING
TXN-48564,ACC-1181,495285.03,2026-08-29,SETTLED
TXN-57184,ACC-1353,303646.07,2026-07-08,SETTLED
TXN-06431,ACC-1280,148509.02,2026-08-02,SETTLED
TXN-85489,ACC-1128,5335.27,2026-07-18,PROCESSING
TXN-27412,ACC-1375,309355.69,2026-07-20,SETTLED
TXN-79826,ACC-1183,121159.11,2026-07-06,SETTLED
TXN-01409,ACC-1176,285449.11,2026-07-02,PROCESSING
TXN-05469,ACC-1372,204540.21,2026-07-16,SETTLED
TXN-26810,ACC-1083,86377.50,2026-07-08,SETTLED
TXN-21590,ACC-1289,30301.92,2026-08-25,SETTLED
TXN-25037,ACC-1296,108746.05,2026-08-15,SETTLED
TXN-97459,ACC-1393,387503.20,2026-07-31,SETTLED
TXN-33762,ACC-1151,34641.74,2026-08-26,SETTLED
TXN-88927,ACC-1121,295122.42,2026-08-21,PENDING
TXN-15358,ACC-1260,87736.19,2026-07-26,SETTLED
TXN-33274,ACC-1206,219362.51,2026-07-06,SETTLED
TXN-89617,ACC-1206,82869.28,2026-07-09,SETTLED
TXN-51981,ACC-1317,393843.37,2026-07-20,PROCESSING
TXN-97970,ACC-1157,410522.83,2026-06-30,SETTLED
TXN-36445,ACC-1027,240164.66,2026-07-01,PROCESSING
TXN-72884,ACC-1134,332441.06,2026-07-09,PROCESSING
TXN-75200,ACC-1001,71674.89,2026-07-03,PROCESSING
TXN-08599,ACC-1207,184590.21,2026-08-24,SETTLED
TXN-60774,ACC-1215,44966.53,2026-08-21,SETTLED
TXN-28271,ACC-1153,109967.58,2026-08-29,SETTLED
TXN-79033,ACC-1257,369429.60,2026-08-16,PENDING
TXN-57006,ACC-1023,195121.69,2026-08-05,PENDING
TXN-08564,ACC-1265,209123.35,2026-08-19,PENDING
TXN-03211,ACC-1120,256219.52,2026-08-23,SETTLED
TXN-83090,ACC-1228,233671.62,2026-07-26,SETTLED
TXN-91746,ACC-1110,17577.92,2026-07-20,PROCESSING
TXN-71215,ACC-1267,90151.48,2026-07-10,SETTLED
TXN-04537,ACC-1057,141063.89,2026-07-10,SETTLED
TXN-66000,ACC-1117,215840.26,2026-07-22,PROCESSING
TXN-88103,ACC-1259,463837.62,2026-07-23,SETTLED
TXN-22145,ACC-1337,132521.77,2026-07-15,SETTLED
TXN-48296,ACC-1218,149229.00,2026-08-17,SETTLED
TXN-07806,ACC-1380,126429.64,2026-07-16,PENDING
TXN-50953,ACC-1355,452540.26,2026-08-04,SETTLED
TXN-09682,ACC-1144,249497.83,2026-07-06,SETTLED
TXN-05134,ACC-1083,250822.50,2026-07-26,SETTLED
TXN-83071,ACC-1365,167858.31,2026-08-24,SETTLED
TXN-48583,ACC-1194,356989.34,2026-08-20,PENDING
TXN-32512,ACC-1376,452206.23,2026-08-11,SETTLED
TXN-11881,ACC-1202,180762.09,2026-08-29,PROCESSING
TXN-72529,ACC-1220,275821.27,2026-08-22,SETTLED
TXN-56196,ACC-1320,357764.17,2026-08-17,SETTLED
TXN-35769,ACC-1081,398624.65,2026-08-05,SETTLED
TXN-46154,ACC-1076,445943.61,2026-07-21,SETTLED
TXN-30490,ACC-1170,457587.91,2026-07-18,SETTLED
TXN-15233,ACC-1102,101886.32,2026-07-30,SETTLED
TXN-47836,ACC-1275,372375.10,2026-08-28,PROCESSING
TXN-70648,ACC-1360,355065.69,2026-07-29,SETTLED
TXN-11845,ACC-1003,347966.54,2026-08-04,PROCESSING
TXN-91322,ACC-1037,336910.95,2026-08-12,SETTLED
TXN-19244,ACC-1150,409778.61,2026-07-09,SETTLED
TXN-24757,ACC-1251,288821.22,2026-07-12,SETTLED
TXN-24060,ACC-1291,208360.80,2026-07-29,SETTLED
TXN-40987,ACC-1367,70869.77,2026-08-25,PROCESSING
TXN-07686,ACC-1375,446342.13,2026-07-27,SETTLED
TXN-86512,ACC-1132,100820.18,2026-08-01,SETTLED
TXN-33564,ACC-1194,379343.78,2026-07-31,SETTLED
TXN-55164,ACC-1074,408711.17,2026-08-05,SETTLED
TXN-07406,ACC-1370,15621.47,2026-07-11,PROCESSING
TXN-26395,ACC-1108,414103.04,2026-08-19,SETTLED
TXN-45998,ACC-1157,311093.93,2026-08-20,SETTLED
TXN-32004,ACC-1258,494004.13,2026-07-10,SETTLED
TXN-35753,ACC-1073,83307.25,2026-07-09,SETTLED
TXN-55739,ACC-1055,478982.04,2026-07-17,PENDING
TXN-03117,ACC-1260,343905.18,2026-08-15,SETTLED
TXN-34845,ACC-1149,173429.47,2026-08-20,PENDING
TXN-75371,ACC-1199,171982.67,2026-07-09,SETTLED
TXN-52874,ACC-1270,156679.01,2026-07-27,PROCESSING
TXN-25539,ACC-1233,217150.34,2026-08-11,SETTLED
TXN-45114,ACC-1152,305092.19,2026-08-02,SETTLED
TXN-27288,ACC-1305,474836.84,2026-08-07,PROCESSING
TXN-32010,ACC-1382,108956.19,2026-08-26,SETTLED
TXN-13674,ACC-1309,264364.15,2026-07-14,SETTLED
TXN-39957,ACC-1286,371687.87,2026-07-14,SETTLED
TXN-19849,ACC-1061,428815.88,2026-08-16,PROCESSING
TXN-05325,ACC-1058,59135.45,2026-08-23,PROCESSING
TXN-82872,ACC-1149,142922.63,2026-07-22,PENDING
TXN-29620,ACC-1322,89905.58,2026-08-15,SETTLED
TXN-72276,ACC-1166,456625.32,2026-07-02,PENDING
TXN-74280,ACC-1018,258253.49,2026-07-01,SETTLED
TXN-02639,ACC-1127,129455.27,2026-08-22,SETTLED
TXN-77289,ACC-1016,363061.65,2026-08-04,SETTLED
TXN-42284,ACC-1087,168696.28,2026-07-02,SETTLED
TXN-23999,ACC-1115,318613.04,2026-08-17,SETTLED
TXN-47986,ACC-1363,264028.69,2026-08-17,SETTLED
TXN-05553,ACC-1165,453083.85,2026-07-13,SETTLED
TXN-24379,ACC-1372,214128.86,2026-08-16,PROCESSING
TXN-70652,ACC-1255,29647.72,2026-07-30,PENDING
TXN-88247,ACC-1003,111051.40,2026-08-02,PROCESSING
TXN-47617,ACC-1080,473277.43,2026-07-17,SETTLED
TXN-62765,ACC-1352,442185.23,2026-07-13,SETTLED
TXN-84763,ACC-1229,346977.66,2026-07-26,PENDING
TXN-96565,ACC-1195,185967.03,2026-08-29,SETTLED
TXN-96519,ACC-1332,261274.36,2026-08-08,SETTLED
TXN-47853,ACC-1189,127686.49,2026-08-12,SETTLED
TXN-37446,ACC-1087,184184.53,2026-08-16,SETTLED
TXN-25189,ACC-1090,455176.09,2026-07-15,SETTLED
TXN-69296,ACC-1287,19213.93,2026-08-16,SETTLED
TXN-60981,ACC-1186,472706.99,2026-08-13,SETTLED
TXN-80318,ACC-1005,162156.58,2026-07-27,PENDING
TXN-31849,ACC-1326,331365.66,2026-08-19,SETTLED
TXN-32798,ACC-1136,90675.40,2026-08-27,SETTLED
TXN-64960,ACC-1136,122781.08,2026-07-13,PENDING
TXN-76471,ACC-1264,366680.43,2026-07-09,PROCESSING
TXN-18629,ACC-1064,398747.84,2026-08-09,PENDING
TXN-71529,ACC-1195,90246.09,2026-08-17,SETTLED
TXN-75780,ACC-1298,104702.55,2026-07-21,SETTLED
TXN-60153,ACC-1382,5154.39,2026-08-08,PENDING
TXN-78992,ACC-1369,31586.65,2026-07-16,SETTLED
TXN-36856,ACC-1042,72315.43,2026-08-24,SETTLED
TXN-90364,ACC-1011,206187.93,2026-07-10,PROCESSING
TXN-80699,ACC-1145,373171.86,2026-07-25,SETTLED
TXN-40395,ACC-1355,396890.41,2026-07-10,PENDING
TXN-96990,ACC-1340,480021.07,2026-08-10,PROCESSING
TXN-41695,ACC-1381,189410.09,2026-07-08,SETTLED
TXN-91422,ACC-1303,495664.27,2026-07-05,PENDING
TXN-67214,ACC-1374,321975.00,2026-07-02,SETTLED
TXN-97891,ACC-1208,211148.34,2026-07-24,PENDING
TXN-03333,ACC-1332,59990.33,2026-07-07,PROCESSING
TXN-22684,ACC-1206,88238.90,2026-08-03,SETTLED
TXN-30541,ACC-1005,168920.89,2026-07-17,PROCESSING
TXN-65425,ACC-1069,259523.22,2026-08-03,SETTLED
TXN-40036,ACC-1160,372716.26,2026-08-27,PENDING
TXN-88700,ACC-1289,122425.51,2026-07-10,SETTLED
TXN-28493,ACC-1264,423346.84,2026-08-20,SETTLED
TXN-62933,ACC-1058,255779.29,2026-08-04,PENDING
TXN-38765,ACC-1253,32254.74,2026-07-29,PENDING
TXN-05315,ACC-1074,225528.79,2026-07-08,PROCESSING
TXN-76573,ACC-1399,363359.59,2026-08-10,PENDING
TXN-54496,ACC-1148,32636.88,2026-08-25,SETTLED
TXN-80474,ACC-1343,485907.58,2026-08-02,SETTLED
TXN-57119,ACC-1004,430304.77,2026-08-28,PENDING
TXN-33327,ACC-1221,174468.75,2026-07-26,PROCESSING
TXN-26235,ACC-1348,264664.64,2026-07-14,PENDING
TXN-02232,ACC-1142,461913.28,2026-07-13,SETTLED
TXN-60837,ACC-1293,419181.53,2026-07-10,SETTLED
TXN-96145,ACC-1079,362373.78,2026-08-25,PROCESSING
TXN-30630,ACC-1040,116353.73,2026-08-25,SETTLED
TXN-41867,ACC-1165,455729.48,2026-07-29,SETTLED
TXN-34581,ACC-1271,266502.35,2026-08-19,SETTLED
TXN-34328,ACC-1325,458474.41,2026-07-11,SETTLED
TXN-68477,ACC-1094,498820.10,2026-07-18,SETTLED
TXN-80255,ACC-1184,69175.30,2026-08-01,PENDING
TXN-99742,ACC-1388,219851.15,2026-08-28,SETTLED
TXN-77453,ACC-1332,167635.64,2026-08-28,PENDING
TXN-28680,ACC-1265,249042.04,2026-07-27,SETTLED
TXN-83681,ACC-1001,282945.13,2026-07-16,SETTLED
TXN-10369,ACC-1302,417464.16,2026-07-21,SETTLED
TXN-60608,ACC-1150,355002.84,2026-07-18,SETTLED
TXN-72551,ACC-1353,241618.96,2026-07-05,SETTLED
TXN-94870,ACC-1307,488218.56,2026-07-24,PROCESSING
TXN-05672,ACC-1077,103181.81,2026-07-04,SETTLED
TXN-29898,ACC-1101,195609.64,2026-08-13,SETTLED
TXN-16569,ACC-1266,421626.88,2026-08-24,SETTLED
TXN-94219,ACC-1361,124799.57,2026-07-07,SETTLED
TXN-25910,ACC-1166,207812.23,2026-08-11,PROCESSING
TXN-17163,ACC-1360,106303.03,2026-07-27,SETTLED
TXN-74608,ACC-1110,242325.31,2026-08-25,PENDING
TXN-37873,ACC-1219,147920.91,2026-08-04,PENDING
TXN-72182,ACC-1037,67400.50,2026-08-13,SETTLED
TXN-06809,ACC-1058,5112.51,2026-08-08,SETTLED
TXN-38564,ACC-1239,367165.08,2026-07-09,PENDING
TXN-66022,ACC-1392,443441.27,2026-07-29,SETTLED
TXN-61499,ACC-1072,405498.16,2026-08-07,SETTLED
TXN-17335,ACC-1169,220290.55,2026-07-20,SETTLED
TXN-46311,ACC-1033,264800.73,2026-08-20,SETTLED
TXN-65102,ACC-1344,272614.37,2026-08-29,SETTLED
TXN-80482,ACC-1112,99654.34,2026-07-29,SETTLED
TXN-32190,ACC-1370,118043.72,2026-07-22,SETTLED
TXN-85692,ACC-1069,92526.99,2026-07-09,SETTLED
TXN-08099,ACC-1154,194248.29,2026-08-19,SETTLED
TXN-26876,ACC-1060,377835.99,2026-08-22,SETTLED
TXN-79156,ACC-1000,33053.59,2026-07-10,PENDING
TXN-81064,ACC-1241,53674.80,2026-07-29,PROCESSING
TXN-32368,ACC-1045,232261.58,2026-07-30,PROCESSING
TXN-90529,ACC-1190,376058.40,2026-07-20,PENDING
TXN-80836,ACC-1357,118663.46,2026-08-02,PROCESSING
TXN-67122,ACC-1226,382982.07,2026-08-28,SETTLED
TXN-37470,ACC-1371,265239.42,2026-07-26,PROCESSING
TXN-04074,ACC-1248,234676.32,2026-07-22,SETTLED
TXN-07853,ACC-1326,204557.73,2026-08-06,SETTLED
TXN-30568,ACC-1364,169313.37,2026-06-30,SETTLED
TXN-77837,ACC-1164,350593.44,2026-07-20,PROCESSING
TXN-37303,ACC-1189,445243.54,2026-07-29,SETTLED
TXN-56402,ACC-1173,6484.52,2026-08-05,SETTLED
TXN-02192,ACC-1363,173996.44,2026-07-03,SETTLED
TXN-86092,ACC-1151,105504.96,2026-08-13,SETTLED
TXN-11999,ACC-1234,62867.38,2026-07-08,SETTLED
TXN-77340,ACC-1097,238287.63,2026-07-01,SETTLED
TXN-42305,ACC-1331,419518.99,2026-08-14,PROCESSING
TXN-93934,ACC-1178,129275.11,2026-07-06,PROCESSING
TXN-45511,ACC-1101,482778.78,2026-07-02,PENDING
TXN-52135,ACC-1159,287344.32,2026-08-20,SETTLED
TXN-67928,ACC-1217,226367.90,2026-06-30,SETTLED
TXN-41550,ACC-1272,84684.59,2026-08-25,SETTLED
TXN-31167,ACC-1225,78779.84,2026-08-16,PROCESSING
TXN-82803,ACC-1128,63742.95,2026-08-10,SETTLED
TXN-79082,ACC-1388,78236.70,2026-08-03,SETTLED
TXN-34456,ACC-1085,278510.90,2026-08-29,PENDING
TXN-83226,ACC-1155,102707.47,2026-07-13,SETTLED
TXN-55791,ACC-1201,369999.76,2026-07-11,SETTLED
TXN-32444,ACC-1260,449578.45,2026-07-29,SETTLED
TXN-53320,ACC-1277,36193.01,2026-07-03,SETTLED
TXN-39417,ACC-1105,342408.13,2026-06-30,SETTLED
TXN-32571,ACC-1131,484929.83,2026-07-12,SETTLED
TXN-55363,ACC-1256,321723.88,2026-06-30,SETTLED
TXN-60831,ACC-1218,273033.91,2026-07-30,PENDING
TXN-16361,ACC-1313,193038.76,2026-08-24,PENDING
TXN-81877,ACC-1117,67062.53,2026-07-16,SETTLED
TXN-14533,ACC-1205,87483.46,2026-07-21,SETTLED
TXN-35473,ACC-1355,265217.51,2026-07-10,SETTLED
TXN-60989,ACC-1122,332455.29,2026-08-25,PENDING
TXN-49135,ACC-1020,199701.35,2026-08-15,PROCESSING
TXN-61886,ACC-1329,423752.55,2026-07-01,SETTLED
TXN-81714,ACC-1305,85656.07,2026-07-10,SETTLED
TXN-26996,ACC-1283,111999.92,2026-07-08,PROCESSING
TXN-48589,ACC-1062,262888.33,2026-07-29,SETTLED
TXN-92900,ACC-1068,28278.73,2026-07-22,PROCESSING
TXN-75756,ACC-1287,448363.05,2026-07-19,PENDING
TXN-21452,ACC-1237,44949.48,2026-08-13,PROCESSING
TXN-02778,ACC-1272,480891.64,2026-07-03,PENDING
TXN-55923,ACC-1157,374595.38,2026-08-03,SETTLED
TXN-23068,ACC-1011,216110.54,2026-07-09,SETTLED
TXN-77171,ACC-1138,354466.01,2026-08-08,SETTLED
TXN-27049,ACC-1257,236119.14,2026-08-28,PROCESSING
TXN-63635,ACC-1130,237922.32,2026-08-19,SETTLED
TXN-17440,ACC-1340,7737.04,2026-07-02,SETTLED
TXN-45653,ACC-1131,421314.50,2026-07-17,PENDING
TXN-58066,ACC-1211,113489.47,2026-07-13,PROCESSING
TXN-53801,ACC-1192,11656.59,2026-07-17,PROCESSING
TXN-03658,ACC-1243,291062.62,2026-08-20,PENDING
TXN-08793,ACC-1185,447581.50,2026-08-18,SETTLED
TXN-26308,ACC-1159,429580.04,2026-07-13,SETTLED
TXN-58797,ACC-1260,495895.10,2026-08-06,SETTLED
TXN-37835,ACC-1079,160947.78,2026-08-29,SETTLED
TXN-89085,ACC-1374,242347.71,2026-08-22,SETTLED
TXN-70098,ACC-1305,318377.60,2026-08-19,PROCESSING
TXN-89879,ACC-1131,44653.82,2026-08-15,SETTLED
TXN-09770,ACC-1075,436772.06,2026-07-06,SETTLED
TXN-91886,ACC-1173,110648.07,2026-07-03,PENDING
TXN-80537,ACC-1381,75298.94,2026-08-17,PROCESSING
TXN-03295,ACC-1021,30454.69,2026-08-04,PENDING
TXN-84333,ACC-1004,241382.98,2026-07-20,SETTLED
TXN-39427,ACC-1051,298671.60,2026-07-15,PROCESSING
TXN-26205,ACC-1213,59434.57,2026-07-04,SETTLED
TXN-18755,ACC-1362,227213.84,2026-08-12,SETTLED
TXN-56890,ACC-1312,316117.62,2026-07-08,SETTLED
TXN-93602,ACC-1068,406809.30,2026-07-10,PENDING
TXN-90106,ACC-1366,411016.67,2026-07-29,SETTLED
TXN-88265,ACC-1166,256102.01,2026-07-10,SETTLED
TXN-72186,ACC-1296,287789.65,2026-07-28,PROCESSING
TXN-57905,ACC-1317,161881.15,2026-08-07,PENDING
TXN-33712,ACC-1146,450641.42,2026-07-09,SETTLED
TXN-83183,ACC-1360,308133.48,2026-08-20,PENDING
TXN-24167,ACC-1169,115501.18,2026-07-06,SETTLED
TXN-64151,ACC-1159,42510.62,2026-07-07,SETTLED
TXN-35062,ACC-1070,396912.94,2026-08-01,PROCESSING
TXN-25781,ACC-1285,227198.78,2026-08-12,PROCESSING
TXN-15798,ACC-1184,265051.26,2026-08-01,SETTLED
TXN-90000,ACC-1320,105604.46,2026-07-27,SETTLED
TXN-15549,ACC-1049,147108.27,2026-07-17,SETTLED
TXN-15492,ACC-1046,175493.49,2026-07-28,SETTLED
TXN-14967,ACC-1027,192856.48,2026-07-01,SETTLED
TXN-02014,ACC-1166,391444.42,2026-08-27,PENDING
TXN-77693,ACC-1258,239987.91,2026-07-03,PENDING
TXN-33674,ACC-1215,367864.76,2026-08-01,PROCESSING
TXN-50581,ACC-1368,398031.37,2026-07-28,PROCESSING
TXN-87032,ACC-1178,114841.54,2026-08-07,SETTLED
TXN-94128,ACC-1172,430007.47,2026-08-28,PENDING
TXN-95195,ACC-1160,468634.87,2026-07-12,SETTLED
TXN-46596,ACC-1100,303998.03,2026-08-29,PROCESSING
TXN-06890,ACC-1096,211628.79,2026-08-03,SETTLED
TXN-02702,ACC-1228,272421.42,2026-07-12,SETTLED
TXN-47044,ACC-1221,487256.80,2026-07-12,SETTLED
TXN-12431,ACC-1315,406144.13,2026-08-28,SETTLED
TXN-27421,ACC-1206,343519.92,2026-07-09,PROCESSING
TXN-74070,ACC-1333,496488.51,2026-07-18,PENDING
TXN-28399,ACC-1111,153152.49,2026-07-18,PROCESSING
TXN-67125,ACC-1052,207073.23,2026-08-01,SETTLED
TXN-91822,ACC-1346,21553.10,2026-08-17,PENDING
TXN-39573,ACC-1045,458522.56,2026-07-19,SETTLED
TXN-27851,ACC-1398,433909.15,2026-07-01,PROCESSING
TXN-26275,ACC-1207,458520.92,2026-07-29,SETTLED
TXN-20536,ACC-1134,179763.34,2026-08-01,SETTLED
TXN-59892,ACC-1066,335132.07,2026-07-06,SETTLED
TXN-11134,ACC-1313,446721.10,2026-08-24,SETTLED
TXN-35902,ACC-1352,75728.59,2026-08-02,SETTLED
TXN-95277,ACC-1129,260049.97,2026-07-16,SETTLED
TXN-75658,ACC-1146,165869.67,2026-08-20,SETTLED
TXN-10901,ACC-1026,432453.79,2026-07-15,SETTLED
TXN-24031,ACC-1079,374719.54,2026-07-04,PENDING
TXN-39945,ACC-1370,126504.73,2026-07-01,SETTLED
TXN-64909,ACC-1205,351157.50,2026-08-07,SETTLED
TXN-06069,ACC-1110,481735.19,2026-07-22,SETTLED
TXN-19272,ACC-1344,367679.26,2026-07-09,SETTLED
TXN-45692,ACC-1305,388685.73,2026-07-02,SETTLED
TXN-27591,ACC-1345,50247.08,2026-08-02,SETTLED
TXN-71324,ACC-1061,116754.33,2026-08-15,SETTLED
TXN-10982,ACC-1082,59242.05,2026-08-03,PROCESSING
TXN-20290,ACC-1178,264100.62,2026-08-09,PENDING
TXN-93758,ACC-1202,117659.55,2026-07-12,SETTLED
TXN-46915,ACC-1378,114297.34,2026-08-16,PENDING
TXN-23641,ACC-1147,258293.46,2026-08-03,SETTLED
TXN-95923,ACC-1170,402329.60,2026-07-01,SETTLED
TXN-93225,ACC-1140,439299.74,2026-07-09,SETTLED
TXN-97107,ACC-1173,495745.62,2026-07-07,SETTLED
TXN-53689,ACC-1358,182731.00,2026-08-16,PENDING
TXN-10436,ACC-1338,242713.72,2026-08-09,SETTLED
TXN-55513,ACC-1236,18680.07,2026-07-31,PROCESSING
TXN-42938,ACC-1172,36534.55,2026-08-09,SETTLED
TXN-72048,ACC-1351,235199.95,2026-07-17,PROCESSING
TXN-43505,ACC-1260,88794.19,2026-07-10,SETTLED
TXN-70430,ACC-1271,11015.68,2026-07-01,SETTLED
TXN-74995,ACC-1099,186518.52,2026-08-12,PENDING
TXN-53000,ACC-1212,318541.97,2026-07-30,PENDING
TXN-33271,ACC-1184,236969.68,2026-07-05,SETTLED
TXN-84902,ACC-1384,60524.79,2026-07-25,SETTLED
TXN-16610,ACC-1343,425700.92,2026-07-25,SETTLED
TXN-25177,ACC-1347,318555.26,2026-08-03,SETTLED
TXN-88729,ACC-1037,189742.39,2026-07-03,PENDING
TXN-53924,ACC-1182,463103.18,2026-07-22,SETTLED
TXN-36218,ACC-1178,34084.21,2026-07-10,PENDING
TXN-04011,ACC-1112,309090.53,2026-07-08,SETTLED
TXN-80680,ACC-1054,458381.54,2026-08-12,SETTLED
TXN-30674,ACC-1236,208847.16,2026-08-02,PROCESSING
TXN-61342,ACC-1149,174396.17,2026-08-13,PENDING
TXN-41090,ACC-1327,91943.78,2026-07-31,SETTLED
TXN-37833,ACC-1363,97451.07,2026-08-13,SETTLED
TXN-96022,ACC-1159,398448.07,2026-07-17,SETTLED
TXN-58075,ACC-1276,238806.04,2026-08-10,SETTLED
TXN-25172,ACC-1172,334678.15,2026-08-24,SETTLED
TXN-22943,ACC-1090,180929.42,2026-07-31,PENDING
TXN-02929,ACC-1052,482700.12,2026-08-20,PROCESSING
TXN-57022,ACC-1389,313255.91,2026-08-21,PROCESSING
TXN-65959,ACC-1316,284039.80,2026-07-26,PENDING
TXN-62948,ACC-1050,158997.81,2026-08-07,PENDING
TXN-69432,ACC-1090,304232.69,2026-08-12,SETTLED
TXN-32912,ACC-1051,298250.77,2026-06-30,SETTLED
TXN-24096,ACC-1370,146690.49,2026-08-01,SETTLED
TXN-48135,ACC-1266,373388.26,2026-08-23,SETTLED
TXN-57378,ACC-1033,226971.52,2026-07-02,SETTLED
TXN-75714,ACC-1009,211621.52,2026-07-12,SETTLED
TXN-44385,ACC-1355,82867.11,2026-07-28,SETTLED
TXN-48138,ACC-1177,15930.82,2026-07-12,SETTLED
TXN-38511,ACC-1157,36283.05,2026-08-29,SETTLED
TXN-86549,ACC-1373,360683.23,2026-07-29,SETTLED
TXN-83805,ACC-1080,403801.95,2026-07-10,SETTLED
TXN-54156,ACC-1047,466180.43,2026-08-02,SETTLED
TXN-26798,ACC-1148,264135.38,2026-07-28,SETTLED
TXN-80532,ACC-1348,139411.39,2026-08-04,SETTLED
TXN-08837,ACC-1277,46701.66,2026-07-11,SETTLED
TXN-09884,ACC-1314,460865.19,2026-08-04,PROCESSING
TXN-63122,ACC-1145,309449.66,2026-07-31,SETTLED
TXN-74820,ACC-1374,188502.58,2026-08-19,SETTLED
TXN-35896,ACC-1163,495131.92,2026-07-31,SETTLED
TXN-59614,ACC-1231,380812.69,2026-07-16,PENDING
TXN-89629,ACC-1186,284460.24,2026-07-12,PENDING
TXN-14436,ACC-1256,120739.93,2026-08-21,SETTLED
TXN-40877,ACC-1238,268671.52,2026-08-29,SETTLED
TXN-78667,ACC-1215,337263.56,2026-08-19,SETTLED
TXN-26753,ACC-1292,468579.14,2026-08-08,PROCESSING
TXN-87935,ACC-1074,417429.07,2026-08-24,SETTLED
TXN-27786,ACC-1105,26439.91,2026-07-13,SETTLED
TXN-43864,ACC-1197,285733.53,2026-08-10,SETTLED
TXN-44199,ACC-1249,140513.59,2026-07-12,PENDING
TXN-73864,ACC-1073,234312.85,2026-07-29,PROCESSING
TXN-37759,ACC-1352,88386.07,2026-07-05,SETTLED
TXN-06112,ACC-1315,278441.58,2026-07-03,PENDING
TXN-67240,ACC-1211,354287.09,2026-06-30,SETTLED
TXN-67839,ACC-1284,212246.30,2026-08-18,PROCESSING
TXN-03632,ACC-1047,414559.36,2026-06-30,SETTLED
TXN-35437,ACC-1276,489287.90,2026-08-25,SETTLED
TXN-40291,ACC-1253,467671.55,2026-08-09,SETTLED
TXN-14789,ACC-1126,244277.14,2026-08-11,SETTLED
TXN-36656,ACC-1230,179356.63,2026-08-16,SETTLED
TXN-84081,ACC-1393,20981.45,2026-07-10,SETTLED
TXN-35939,ACC-1380,60390.68,2026-08-29,SETTLED
TXN-41994,ACC-1058,211518.21,2026-08-24,SETTLED
TXN-63382,ACC-1037,62486.69,2026-08-07,SETTLED
TXN-72585,ACC-1234,232063.90,2026-07-30,SETTLED
TXN-91929,ACC-1037,359981.83,2026-08-15,SETTLED
TXN-38486,ACC-1338,70711.79,2026-08-26,SETTLED
TXN-71762,ACC-1077,282500.62,2026-08-29,SETTLED
TXN-63880,ACC-1292,196073.37,2026-07-19,SETTLED
TXN-60903,ACC-1126,120664.18,2026-08-04,SETTLED
TXN-84539,ACC-1072,13963.29,2026-08-20,SETTLED
TXN-09762,ACC-1194,80835.27,2026-06-30,PENDING
TXN-38476,ACC-1295,444982.35,2026-08-04,SETTLED
TXN-61289,ACC-1041,172390.25,2026-08-14,PENDING
TXN-10074,ACC-1315,245547.18,2026-07-28,SETTLED
TXN-82112,ACC-1215,328458.43,2026-08-07,PROCESSING
TXN-88653,ACC-1383,387460.76,2026-08-05,PROCESSING
TXN-61010,ACC-1216,210109.39,2026-07-17,SETTLED
TXN-98502,ACC-1273,178800.09,2026-08-06,PENDING
TXN-17818,ACC-1372,33817.93,2026-07-24,SETTLED
TXN-04461,ACC-1019,209908.14,2026-07-12,PENDING
TXN-61407,ACC-1257,306043.36,2026-07-07,PROCESSING
TXN-51081,ACC-1071,389759.64,2026-07-02,SETTLED
TXN-83846,ACC-1137,79661.11,2026-07-15,SETTLED
TXN-90678,ACC-1156,305131.21,2026-08-13,SETTLED
TXN-87579,ACC-1106,380786.38,2026-07-24,SETTLED
TXN-83941,ACC-1160,118914.64,2026-08-14,SETTLED
TXN-92893,ACC-1144,285948.93,2026-08-08,SETTLED
TXN-49408,ACC-1190,97321.63,2026-07-04,PENDING
TXN-16273,ACC-1174,218299.94,2026-07-28,PROCESSING
TXN-22796,ACC-1150,246827.61,2026-07-18,SETTLED
TXN-82444,ACC-1248,326465.10,2026-08-22,SETTLED
TXN-48339,ACC-1201,108076.16,2026-08-16,SETTLED
TXN-28927,ACC-1382,192441.48,2026-07-25,PENDING
TXN-61714,ACC-1333,37104.87,2026-08-25,SETTLED
TXN-93431,ACC-1300,458190.22,2026-07-30,SETTLED
TXN-22635,ACC-1280,136223.33,2026-08-24,SETTLED
TXN-94154,ACC-1291,456885.98,2026-07-03,PROCESSING
TXN-22272,ACC-1185,169644.30,2026-07-12,PENDING
TXN-97748,ACC-1107,14881.58,2026-08-25,PROCESSING
TXN-81985,ACC-1281,108858.07,2026-08-17,SETTLED
TXN-49025,ACC-1201,409027.62,2026-07-04,SETTLED
TXN-63752,ACC-1173,258613.78,2026-08-10,SETTLED
TXN-74986,ACC-1179,382835.69,2026-08-03,SETTLED
TXN-27265,ACC-1293,38957.90,2026-07-31,PENDING
TXN-07049,ACC-1315,382090.92,2026-07-21,PENDING
TXN-02282,ACC-1107,485228.78,2026-08-18,SETTLED
TXN-60340,ACC-1081,353096.67,2026-08-01,SETTLED
TXN-06461,ACC-1179,305331.84,2026-07-13,SETTLED
TXN-05008,ACC-1181,132130.34,2026-08-22,SETTLED
TXN-06919,ACC-1175,270353.91,2026-07-18,SETTLED
TXN-01155,ACC-1025,42077.66,2026-07-12,SETTLED
TXN-69005,ACC-1269,403376.50,2026-08-23,SETTLED
TXN-78981,ACC-1016,291435.08,2026-07-15,PROCESSING
TXN-96740,ACC-1006,383332.62,2026-08-10,SETTLED
TXN-96899,ACC-1127,251804.47,2026-07-03,SETTLED
TXN-48191,ACC-1037,414420.39,2026-07-05,SETTLED
TXN-78007,ACC-1277,225639.36,2026-07-25,PENDING
TXN-22652,ACC-1088,323953.79,2026-07-31,SETTLED
TXN-63372,ACC-1248,243161.92,2026-07-06,SETTLED
TXN-05447,ACC-1361,114848.28,2026-08-01,SETTLED
TXN-94153,ACC-1045,59614.88,2026-07-29,PROCESSING
TXN-52639,ACC-1356,211938.32,2026-08-03,PENDING
TXN-64746,ACC-1371,223829.10,2026-08-05,SETTLED
TXN-31532,ACC-1353,57131.49,2026-08-07,SETTLED
TXN-30621,ACC-1054,484541.30,2026-07-27,SETTLED
TXN-96192,ACC-1061,283210.47,2026-08-20,SETTLED
TXN-16880,ACC-1062,223572.59,2026-07-07,PROCESSING
TXN-63741,ACC-1119,245306.22,2026-07-25,SETTLED
TXN-91285,ACC-1167,153951.20,2026-07-23,SETTLED
TXN-24571,ACC-1043,444536.20,2026-07-24,SETTLED
TXN-43770,ACC-1080,88514.43,2026-07-01,PROCESSING
TXN-66924,ACC-1125,152744.02,2026-08-02,SETTLED
TXN-68082,ACC-1154,262732.67,2026-07-27,SETTLED
TXN-22801,ACC-1058,274136.72,2026-08-07,SETTLED
TXN-88494,ACC-1096,474145.79,2026-08-15,SETTLED
TXN-61396,ACC-1082,43443.17,2026-07-29,PROCESSING
TXN-15783,ACC-1201,499378.23,2026-08-17,SETTLED
TXN-10513,ACC-1049,247952.78,2026-07-10,SETTLED
TXN-55782,ACC-1161,490786.69,2026-08-07,SETTLED
TXN-14243,ACC-1118,193368.70,2026-08-16,SETTLED
TXN-84849,ACC-1246,354669.09,2026-07-24,PENDING
TXN-04978,ACC-1136,128785.24,2026-07-16,SETTLED
TXN-89597,ACC-1105,125619.52,2026-07-04,SETTLED
TXN-39935,ACC-1020,88721.88,2026-08-23,PENDING
TXN-36667,ACC-1103,469667.64,2026-07-29,SETTLED
TXN-03891,ACC-1034,35604.77,2026-08-15,SETTLED
TXN-54437,ACC-1093,98299.84,2026-07-03,SETTLED
TXN-46800,ACC-1041,302698.28,2026-07-29,PENDING
TXN-43411,ACC-1088,429270.29,2026-07-31,SETTLED
TXN-70730,ACC-1059,465412.08,2026-08-14,PENDING
TXN-33317,ACC-1120,477448.54,2026-07-04,PROCESSING
TXN-80672,ACC-1290,155764.40,2026-08-28,SETTLED
TXN-68940,ACC-1243,102128.48,2026-08-25,SETTLED
TXN-04673,ACC-1040,275554.32,2026-08-22,PROCESSING
TXN-93349,ACC-1356,215175.42,2026-08-20,SETTLED
TXN-42832,ACC-1006,337804.70,2026-07-13,PROCESSING
TXN-75596,ACC-1043,352402.57,2026-08-08,PENDING
TXN-85899,ACC-1360,445676.51,2026-06-30,PENDING
TXN-67581,ACC-1283,186709.12,2026-07-27,SETTLED
TXN-77707,ACC-1230,380519.93,2026-08-04,SETTLED
TXN-67815,ACC-1153,287673.68,2026-08-08,SETTLED
TXN-27593,ACC-1110,139090.19,2026-07-22,PROCESSING
TXN-85598,ACC-1175,399309.19,2026-07-26,SETTLED
TXN-72436,ACC-1234,401188.99,2026-07-20,SETTLED
TXN-07090,ACC-1068,107868.66,2026-08-01,SETTLED
TXN-41169,ACC-1347,351615.56,2026-07-08,SETTLED
TXN-41273,ACC-1084,345694.59,2026-07-26,PROCESSING
TXN-42933,ACC-1385,204002.57,2026-08-22,PENDING
TXN-34605,ACC-1294,366975.08,2026-07-07,SETTLED
TXN-96146,ACC-1197,63242.66,2026-08-25,SETTLED
TXN-89199,ACC-1199,364164.65,2026-08-08,SETTLED
TXN-60088,ACC-1331,426444.52,2026-07-26,SETTLED
TXN-31691,ACC-1178,356052.93,2026-08-19,PENDING
TXN-87105,ACC-1202,307178.57,2026-07-31,SETTLED
TXN-55093,ACC-1146,169074.62,2026-08-09,PENDING
TXN-43236,ACC-1258,495710.76,2026-07-07,PROCESSING
TXN-90437,ACC-1288,209156.69,2026-08-29,SETTLED
TXN-10894,ACC-1377,328012.64,2026-08-07,SETTLED
TXN-04410,ACC-1103,469810.81,2026-08-13,PROCESSING
TXN-80927,ACC-1111,224878.42,2026-07-21,PENDING
TXN-67393,ACC-1191,87599.01,2026-08-17,SETTLED
TXN-54185,ACC-1303,353753.66,2026-08-01,PENDING
TXN-63686,ACC-1047,226223.33,2026-08-11,SETTLED
TXN-10874,ACC-1002,444919.69,2026-08-15,SETTLED
TXN-26024,ACC-1251,348281.08,2026-07-29,SETTLED
TXN-70719,ACC-1075,495036.69,2026-07-03,SETTLED
TXN-64223,ACC-1314,53012.27,2026-07-05,SETTLED
TXN-77390,ACC-1195,94400.55,2026-07-04,SETTLED
TXN-90199,ACC-1174,316299.82,2026-07-07,SETTLED
TXN-19323,ACC-1181,305507.32,2026-07-28,PENDING
TXN-40322,ACC-1384,22399.80,2026-07-08,SETTLED
TXN-39311,ACC-1252,186674.14,2026-08-20,SETTLED
TXN-67984,ACC-1378,422263.75,2026-07-15,SETTLED
TXN-67755,ACC-1322,330404.95,2026-08-16,SETTLED
TXN-49520,ACC-1048,17501.64,2026-08-05,PENDING
TXN-95884,ACC-1128,103342.51,2026-06-30,SETTLED
TXN-76577,ACC-1247,303140.13,2026-08-06,PENDING
TXN-78661,ACC-1272,393984.19,2026-07-15,SETTLED
TXN-41741,ACC-1073,93968.18,2026-07-11,PROCESSING
TXN-46466,ACC-1289,38082.44,2026-07-13,SETTLED
TXN-60940,ACC-1341,389313.52,2026-07-17,SETTLED
TXN-96541,ACC-1026,460848.24,2026-07-09,SETTLED
TXN-65083,ACC-1184,77974.25,2026-07-29,SETTLED
TXN-95215,ACC-1098,373800.15,2026-08-02,SETTLED
TXN-32510,ACC-1274,326151.66,2026-07-28,SETTLED
TXN-71350,ACC-1372,266025.76,2026-08-13,SETTLED
TXN-33934,ACC-1183,201761.24,2026-08-16,SETTLED
TXN-41456,ACC-1362,292979.96,2026-07-23,SETTLED
TXN-07480,ACC-1384,382893.08,2026-07-02,SETTLED
TXN-66504,ACC-1275,278745.82,2026-07-06,SETTLED
TXN-84285,ACC-1086,278051.51,2026-08-08,SETTLED
TXN-93553,ACC-1315,363116.48,2026-07-02,SETTLED
TXN-94356,ACC-1178,200662.04,2026-08-05,SETTLED
TXN-84935,ACC-1058,273977.37,2026-08-28,SETTLED
TXN-93196,ACC-1398,337762.36,2026-08-11,SETTLED
TXN-07690,ACC-1086,496097.22,2026-07-06,SETTLED
TXN-46719,ACC-1112,261349.51,2026-07-07,SETTLED
TXN-78756,ACC-1229,214134.42,2026-07-24,SETTLED
TXN-31809,ACC-1301,439031.91,2026-07-27,SETTLED
TXN-71849,ACC-1201,261919.38,2026-08-25,SETTLED
TXN-42962,ACC-1075,494528.30,2026-06-30,SETTLED
TXN-92528,ACC-1038,434060.76,2026-07-31,SETTLED
TXN-11550,ACC-1291,492144.93,2026-08-22,SETTLED
TXN-83870,ACC-1295,336726.55,2026-08-25,SETTLED
TXN-19763,ACC-1148,303655.70,2026-08-17,PENDING
TXN-13731,ACC-1237,272137.59,2026-07-27,SETTLED
TXN-23237,ACC-1012,237379.65,2026-07-01,SETTLED
TXN-96279,ACC-1334,20082.38,2026-07-20,PROCESSING
TXN-20508,ACC-1362,132559.12,2026-08-25,SETTLED
TXN-09737,ACC-1253,96133.99,2026-08-20,SETTLED
TXN-45502,ACC-1317,213451.36,2026-07-21,SETTLED
TXN-59551,ACC-1285,459291.00,2026-07-18,SETTLED
TXN-31667,ACC-1086,65085.75,2026-08-19,SETTLED
TXN-32059,ACC-1045,263312.39,2026-07-27,SETTLED
TXN-10375,ACC-1381,448981.79,2026-07-30,PROCESSING
TXN-32121,ACC-1051,278397.18,2026-08-06,PROCESSING
TXN-34863,ACC-1133,481220.68,2026-07-31,PROCESSING
TXN-78731,ACC-1139,93980.58,2026-07-01,SETTLED
TXN-24413,ACC-1081,44861.81,2026-08-01,PENDING
TXN-26664,ACC-1308,489923.22,2026-07-07,SETTLED
TXN-89367,ACC-1175,426793.66,2026-07-02,SETTLED
TXN-46584,ACC-1169,466361.50,2026-08-19,SETTLED
TXN-25010,ACC-1341,386273.22,2026-07-16,PROCESSING
TXN-16488,ACC-1040,160034.59,2026-07-06,PROCESSING
TXN-51054,ACC-1113,318761.62,2026-08-16,SETTLED
TXN-38388,ACC-1024,63871.90,2026-07-06,SETTLED
TXN-04716,ACC-1370,120381.27,2026-08-07,SETTLED
TXN-53375,ACC-1144,325152.91,2026-08-08,SETTLED
TXN-44281,ACC-1214,452847.57,2026-07-07,SETTLED
TXN-01163,ACC-1081,355448.73,2026-07-15,SETTLED
TXN-85897,ACC-1383,126615.45,2026-08-27,SETTLED
TXN-76463,ACC-1023,137478.82,2026-08-08,PROCESSING
TXN-14097,ACC-1006,144885.83,2026-08-28,PROCESSING
TXN-96791,ACC-1081,437047.09,2026-07-26,PROCESSING
TXN-60884,ACC-1107,28743.25,2026-07-23,PROCESSING
TXN-30196,ACC-1226,183160.93,2026-07-23,SETTLED
TXN-02713,ACC-1391,315810.64,2026-08-21,SETTLED
TXN-70506,ACC-1396,89160.15,2026-07-28,SETTLED
TXN-96249,ACC-1342,293123.73,2026-07-08,SETTLED
TXN-58190,ACC-1373,24805.93,2026-08-19,SETTLED
TXN-76827,ACC-1149,85067.68,2026-08-28,SETTLED
TXN-68645,ACC-1043,173389.46,2026-07-29,PROCESSING
TXN-78301,ACC-1017,47874.82,2026-08-08,SETTLED
TXN-10423,ACC-1042,205074.57,2026-07-12,SETTLED
TXN-52189,ACC-1336,350015.42,2026-08-16,SETTLED
TXN-45292,ACC-1337,274370.64,2026-07-28,PENDING
TXN-08487,ACC-1018,104132.15,2026-07-28,SETTLED
TXN-89334,ACC-1063,438247.96,2026-08-11,SETTLED
TXN-78287,ACC-1248,244796.71,2026-07-26,SETTLED
TXN-59813,ACC-1017,252594.80,2026-07-02,SETTLED
TXN-21586,ACC-1276,447880.51,2026-07-18,SETTLED
TXN-74395,ACC-1170,58585.65,2026-08-05,PROCESSING
TXN-81469,ACC-1109,447716.82,2026-08-23,SETTLED
TXN-44118,ACC-1280,151871.68,2026-08-04,SETTLED
TXN-83267,ACC-1195,341177.02,2026-07-20,PENDING
TXN-91960,ACC-1093,100630.37,2026-08-10,PENDING
TXN-64797,ACC-1189,452033.00,2026-07-02,SETTLED
TXN-06514,ACC-1130,47714.77,2026-07-09,PROCESSING
TXN-76879,ACC-1041,107908.86,2026-08-08,SETTLED
TXN-23910,ACC-1189,361582.78,2026-08-18,SETTLED
TXN-70212,ACC-1226,75038.76,2026-08-22,PROCESSING
TXN-36473,ACC-1124,75518.11,2026-08-10,PENDING
TXN-76568,ACC-1282,285257.24,2026-07-06,SETTLED
TXN-57141,ACC-1181,285360.61,2026-07-19,PROCESSING
TXN-64105,ACC-1191,60359.32,2026-07-12,SETTLED
TXN-17994,ACC-1233,237203.81,2026-08-22,SETTLED
TXN-47235,ACC-1221,226788.72,2026-07-06,SETTLED
TXN-30336,ACC-1161,75000.00,2026-07-30,PROCESSING
TXN-78554,ACC-1097,252331.01,2026-06-30,PENDING
TXN-55729,ACC-1376,56606.29,2026-07-13,SETTLED
TXN-11309,ACC-1376,245061.57,2026-08-14,SETTLED
TXN-51568,ACC-1315,183310.78,2026-08-29,PROCESSING
TXN-35370,ACC-1141,355438.15,2026-07-16,PROCESSING
TXN-76399,ACC-1114,435299.51,2026-08-05,SETTLED
TXN-71103,ACC-1221,193487.14,2026-08-04,SETTLED
TXN-08508,ACC-1058,487371.32,2026-08-10,SETTLED
TXN-46827,ACC-1289,193410.37,2026-08-05,SETTLED
TXN-47970,ACC-1093,80900.99,2026-08-12,SETTLED
TXN-19835,ACC-1064,289028.14,2026-07-17,SETTLED
TXN-38097,ACC-1304,61058.25,2026-08-22,PENDING
TXN-91207,ACC-1370,134942.26,2026-08-28,PROCESSING
TXN-63731,ACC-1377,41985.44,2026-07-04,SETTLED
TXN-62514,ACC-1383,369654.74,2026-07-03,PENDING
TXN-19584,ACC-1281,467816.11,2026-07-03,PENDING
TXN-58197,ACC-1380,210886.90,2026-07-15,SETTLED
TXN-69053,ACC-1003,307254.92,2026-07-22,SETTLED
TXN-21728,ACC-1321,216208.80,2026-07-29,PROCESSING
TXN-34407,ACC-1394,440861.05,2026-08-02,SETTLED
TXN-25585,ACC-1018,211545.31,2026-08-13,PROCESSING
TXN-61353,ACC-1183,155474.12,2026-08-24,SETTLED
TXN-81717,ACC-1289,97510.04,2026-08-17,PENDING
TXN-25676,ACC-1267,38292.66,2026-06-30,SETTLED
TXN-47180,ACC-1304,499819.93,2026-07-17,SETTLED
TXN-84072,ACC-1134,74599.59,2026-08-23,SETTLED
TXN-51287,ACC-1365,32832.17,2026-07-27,SETTLED
TXN-36316,ACC-1051,232566.73,2026-07-03,PROCESSING
TXN-44668,ACC-1106,265063.79,2026-07-08,SETTLED
TXN-48053,ACC-1217,49202.25,2026-07-16,PROCESSING
TXN-05542,ACC-1061,113563.71,2026-07-31,PENDING
TXN-91167,ACC-1146,315229.54,2026-07-27,SETTLED
TXN-99081,ACC-1253,112973.10,2026-07-17,SETTLED
TXN-12099,ACC-1145,432357.69,2026-07-15,SETTLED
TXN-25545,ACC-1245,156919.48,2026-08-07,SETTLED
TXN-70415,ACC-1135,337459.43,2026-08-09,SETTLED
TXN-76974,ACC-1210,8651.74,2026-08-13,SETTLED
TXN-60633,ACC-1399,451149.77,2026-08-06,SETTLED
TXN-11440,ACC-1104,185857.51,2026-07-02,PROCESSING
TXN-89868,ACC-1128,429498.06,2026-07-13,SETTLED
TXN-54203,ACC-1396,100845.05,2026-07-11,PENDING
TXN-44805,ACC-1390,143043.92,2026-07-12,PROCESSING
TXN-44147,ACC-1154,292733.63,2026-08-09,SETTLED
TXN-55667,ACC-1110,378044.35,2026-07-01,PROCESSING
TXN-92721,ACC-1029,232305.57,2026-07-09,SETTLED
TXN-85644,ACC-1034,175557.98,2026-07-02,PROCESSING
TXN-64423,ACC-1287,202860.73,2026-08-08,PENDING
TXN-05004,ACC-1227,119461.55,2026-08-24,SETTLED
TXN-38610,ACC-1300,284279.79,2026-07-14,SETTLED
TXN-67312,ACC-1388,54466.87,2026-08-01,SETTLED
TXN-58076,ACC-1075,54852.16,2026-08-18,PROCESSING
TXN-80138,ACC-1198,205382.74,2026-08-08,SETTLED
TXN-52121,ACC-1221,52173.13,2026-08-03,SETTLED
TXN-50437,ACC-1045,426793.16,2026-07-22,PENDING
TXN-96122,ACC-1098,35039.80,2026-08-05,SETTLED
TXN-54112,ACC-1200,12757.23,2026-08-26,SETTLED
TXN-51385,ACC-1268,67663.16,2026-07-10,SETTLED
TXN-42272,ACC-1070,113443.55,2026-07-08,PROCESSING
TXN-80034,ACC-1325,477211.12,2026-07-22,SETTLED
TXN-99289,ACC-1272,289126.55,2026-07-20,SETTLED
TXN-14700,ACC-1349,437822.05,2026-08-07,SETTLED
TXN-05839,ACC-1303,11725.79,2026-07-08,SETTLED
TXN-16723,ACC-1003,392141.88,2026-07-14,SETTLED
TXN-32643,ACC-1009,285726.82,2026-08-24,SETTLED
TXN-45984,ACC-1081,44329.24,2026-07-24,SETTLED
TXN-32397,ACC-1192,135955.57,2026-06-30,SETTLED
TXN-02860,ACC-1350,294992.19,2026-07-01,SETTLED
TXN-99069,ACC-1120,266965.88,2026-08-07,SETTLED
TXN-24347,ACC-1092,272675.53,2026-07-08,SETTLED
TXN-59356,ACC-1092,254054.98,2026-08-13,SETTLED
TXN-58255,ACC-1363,329888.69,2026-08-22,SETTLED
TXN-88458,ACC-1050,278807.69,2026-07-24,PENDING
TXN-27572,ACC-1135,478693.99,2026-08-02,PROCESSING
TXN-63623,ACC-1171,395697.41,2026-08-28,PROCESSING
TXN-80027,ACC-1145,58999.06,2026-08-10,PENDING
TXN-73070,ACC-1115,426981.15,2026-07-15,SETTLED
TXN-93412,ACC-1194,379599.39,2026-08-17,PROCESSING
TXN-26691,ACC-1017,300306.12,2026-07-08,SETTLED
TXN-13851,ACC-1224,482844.21,2026-08-16,SETTLED
TXN-02342,ACC-1012,274719.20,2026-08-11,SETTLED
TXN-97602,ACC-1004,436573.45,2026-08-15,SETTLED
TXN-59640,ACC-1277,127890.68,2026-08-26,SETTLED
TXN-98178,ACC-1374,29524.55,2026-07-26,PROCESSING
TXN-07549,ACC-1383,174499.15,2026-08-02,SETTLED
TXN-56223,ACC-1170,415280.90,2026-07-21,SETTLED
TXN-59772,ACC-1135,383763.54,2026-07-16,SETTLED
TXN-75712,ACC-1166,105085.37,2026-07-21,SETTLED
TXN-04179,ACC-1189,177091.98,2026-07-17,PROCESSING
TXN-95570,ACC-1274,45670.40,2026-07-28,SETTLED
TXN-19276,ACC-1126,426582.52,2026-08-10,SETTLED
TXN-97100,ACC-1370,149108.64,2026-07-12,SETTLED
TXN-97877,ACC-1397,434624.63,2026-08-28,SETTLED
TXN-78149,ACC-1237,67801.16,2026-07-02,PENDING
TXN-86854,ACC-1140,456295.81,2026-08-07,PROCESSING
TXN-01984,ACC-1037,207596.16,2026-08-02,SETTLED
TXN-66559,ACC-1330,483987.99,2026-08-10,SETTLED
TXN-73966,ACC-1037,55405.02,2026-08-10,SETTLED
TXN-62208,ACC-1335,375221.63,2026-07-17,SETTLED
TXN-73087,ACC-1159,19762.62,2026-08-18,SETTLED
TXN-32075,ACC-1182,223352.60,2026-08-21,SETTLED
TXN-66801,ACC-1301,42438.11,2026-08-14,SETTLED
TXN-42421,ACC-1391,10175.47,2026-07-13,SETTLED
TXN-62374,ACC-1336,359644.64,2026-08-08,SETTLED
TXN-56211,ACC-1358,289489.86,2026-08-11,SETTLED
TXN-35058,ACC-1170,264358.01,2026-08-01,SETTLED
TXN-68731,ACC-1117,77308.63,2026-08-02,SETTLED
TXN-46896,ACC-1114,371075.62,2026-07-31,PENDING
TXN-03379,ACC-1033,95759.20,2026-07-14,SETTLED
TXN-07519,ACC-1060,460801.63,2026-07-13,PROCESSING
TXN-62964,ACC-1318,341779.58,2026-08-14,SETTLED
TXN-08469,ACC-1313,182454.38,2026-07-16,SETTLED
TXN-97863,ACC-1051,214556.36,2026-08-16,SETTLED
TXN-01265,ACC-1295,209238.33,2026-07-07,PROCESSING
TXN-12512,ACC-1191,410722.53,2026-08-04,SETTLED
TXN-25256,ACC-1177,44357.72,2026-07-22,SETTLED
TXN-30472,ACC-1034,23309.32,2026-08-21,PROCESSING
TXN-40262,ACC-1131,462164.21,2026-07-25,SETTLED
TXN-80944,ACC-1314,123907.01,2026-07-02,SETTLED
TXN-42389,ACC-1141,412121.39,2026-08-16,SETTLED
TXN-03835,ACC-1342,390400.61,2026-08-05,PROCESSING
TXN-74844,ACC-1058,20671.87,2026-08-18,SETTLED
TXN-55615,ACC-1244,494896.46,2026-08-24,SETTLED
TXN-62157,ACC-1112,446963.33,2026-08-04,SETTLED
TXN-22900,ACC-1274,213635.95,2026-08-27,PROCESSING
TXN-18487,ACC-1369,443921.96,2026-08-18,SETTLED
TXN-84269,ACC-1109,171033.33,2026-08-22,SETTLED
TXN-68595,ACC-1252,498593.16,2026-07-23,SETTLED
TXN-82157,ACC-1183,324767.50,2026-08-01,SETTLED
TXN-08807,ACC-1117,155847.59,2026-08-09,PROCESSING
TXN-56302,ACC-1307,467057.68,2026-08-24,SETTLED
TXN-72498,ACC-1063,368019.38,2026-07-22,SETTLED
TXN-37461,ACC-1083,102725.33,2026-07-19,SETTLED
TXN-66742,ACC-1040,256796.06,2026-07-10,SETTLED
TXN-50793,ACC-1161,97007.53,2026-08-28,PROCESSING
TXN-06991,ACC-1273,237114.62,2026-07-23,SETTLED
TXN-80830,ACC-1224,134283.05,2026-08-01,SETTLED
TXN-10947,ACC-1197,187458.59,2026-07-06,SETTLED
TXN-03571,ACC-1307,409783.89,2026-08-23,SETTLED
TXN-82249,ACC-1128,404518.57,2026-07-12,PENDING
TXN-52154,ACC-1086,77992.08,2026-08-29,SETTLED
TXN-74416,ACC-1364,302936.48,2026-08-21,SETTLED
TXN-87146,ACC-1028,54308.74,2026-08-05,SETTLED
TXN-57248,ACC-1158,253154.87,2026-07-12,SETTLED
TXN-05661,ACC-1063,238834.41,2026-07-03,PROCESSING
TXN-47877,ACC-1132,471508.26,2026-07-18,SETTLED
TXN-79812,ACC-1253,203061.89,2026-08-17,SETTLED
TXN-87679,ACC-1312,489658.11,2026-08-06,SETTLED
TXN-61283,ACC-1018,462595.98,2026-07-11,SETTLED
TXN-12646,ACC-1054,47147.17,2026-08-11,SETTLED
TXN-03047,ACC-1268,474726.80,2026-07-09,SETTLED
TXN-36602,ACC-1323,365754.55,2026-08-01,PROCESSING
TXN-74992,ACC-1066,68337.26,2026-08-12,PENDING
TXN-81864,ACC-1062,141188.11,2026-08-02,SETTLED
TXN-68836,ACC-1078,360357.91,2026-08-16,PENDING
TXN-80272,ACC-1042,139138.66,2026-08-20,SETTLED
TXN-86552,ACC-1045,427248.54,2026-08-14,SETTLED
TXN-49770,ACC-1122,260414.38,2026-07-30,SETTLED
TXN-75864,ACC-1115,392274.91,2026-08-19,SETTLED
TXN-17935,ACC-1178,17047.16,2026-08-01,PENDING
TXN-88313,ACC-1168,150649.64,2026-08-03,PENDING
TXN-22498,ACC-1117,58576.53,2026-07-10,SETTLED
TXN-19296,ACC-1167,175730.49,2026-08-08,SETTLED
TXN-48639,ACC-1062,452450.70,2026-07-31,SETTLED
TXN-65118,ACC-1212,111220.82,2026-08-01,PENDING
TXN-36898,ACC-1088,349383.95,2026-06-30,SETTLED
TXN-38165,ACC-1007,197127.02,2026-08-06,PENDING
TXN-99061,ACC-1179,413717.42,2026-07-02,PENDING
TXN-51421,ACC-1319,434229.62,2026-07-23,SETTLED
TXN-17169,ACC-1107,255256.22,2026-08-17,SETTLED
TXN-89433,ACC-1073,354460.54,2026-08-19,SETTLED
TXN-43761,ACC-1048,103647.54,2026-07-25,SETTLED
TXN-40685,ACC-1243,442285.86,2026-06-30,PENDING
TXN-60128,ACC-1074,465468.56,2026-08-09,SETTLED
TXN-93905,ACC-1337,275329.46,2026-08-17,SETTLED
TXN-42444,ACC-1374,279153.06,2026-07-07,PENDING
TXN-81153,ACC-1016,427313.29,2026-08-11,SETTLED
TXN-51332,ACC-1029,356849.32,2026-07-10,SETTLED
TXN-39102,ACC-1359,446452.10,2026-07-09,SETTLED
TXN-72241,ACC-1396,464810.90,2026-08-15,SETTLED
TXN-24217,ACC-1244,192202.52,2026-08-17,PENDING
TXN-16508,ACC-1154,230251.73,2026-08-07,PENDING
TXN-59555,ACC-1305,331677.64,2026-07-15,PROCESSING
TXN-07226,ACC-1106,107487.24,2026-08-25,SETTLED
TXN-84067,ACC-1308,207720.45,2026-08-28,SETTLED
TXN-54634,ACC-1286,419433.79,2026-07-18,SETTLED
TXN-22360,ACC-1162,81519.34,2026-07-03,SETTLED
TXN-56889,ACC-1004,455389.07,2026-08-27,PROCESSING
TXN-69832,ACC-1203,234474.74,2026-07-16,SETTLED
TXN-42349,ACC-1121,447421.50,2026-07-21,PENDING
TXN-27796,ACC-1372,141779.15,2026-07-13,PENDING
TXN-21602,ACC-1382,261164.55,2026-07-11,PROCESSING
TXN-25629,ACC-1094,160148.00,2026-07-03,SETTLED
TXN-73882,ACC-1061,434376.08,2026-08-23,PENDING
TXN-14692,ACC-1039,12533.92,2026-07-26,PENDING
TXN-02844,ACC-1292,361538.95,2026-08-22,SETTLED
TXN-47364,ACC-1347,168162.43,2026-07-24,SETTLED
TXN-31262,ACC-1024,412932.60,2026-07-30,PROCESSING
TXN-66719,ACC-1118,349884.49,2026-08-23,SETTLED
TXN-74415,ACC-1089,299522.92,2026-07-27,SETTLED
TXN-60812,ACC-1380,230743.80,2026-08-12,SETTLED
TXN-94289,ACC-1274,363728.29,2026-08-28,PENDING
TXN-71650,ACC-1236,179602.01,2026-07-07,SETTLED
TXN-72180,ACC-1271,393478.63,2026-08-10,PENDING
TXN-85023,ACC-1257,390460.13,2026-07-24,SETTLED
TXN-47337,ACC-1373,112872.65,2026-08-14,PROCESSING
TXN-56493,ACC-1238,13941.38,2026-07-20,SETTLED
TXN-33893,ACC-1190,459407.70,2026-07-13,SETTLED
TXN-77083,ACC-1275,246827.16,2026-07-15,PROCESSING
TXN-41073,ACC-1227,262846.07,2026-08-21,PENDING
TXN-04240,ACC-1079,492277.22,2026-08-09,PROCESSING
TXN-84029,ACC-1290,65872.47,2026-07-17,SETTLED
TXN-17390,ACC-1317,85036.19,2026-07-20,SETTLED
TXN-03752,ACC-1176,43832.87,2026-07-15,PROCESSING
TXN-96429,ACC-1070,409481.78,2026-08-10,SETTLED
TXN-35467,ACC-1110,464545.81,2026-08-08,PENDING
TXN-61452,ACC-1237,322314.43,2026-07-12,SETTLED
TXN-14289,ACC-1097,471710.51,2026-08-15,PROCESSING
TXN-59167,ACC-1355,13615.43,2026-08-12,SETTLED
TXN-89552,ACC-1369,131875.96,2026-08-02,SETTLED
TXN-88069,ACC-1282,435084.20,2026-07-11,SETTLED
TXN-61667,ACC-1180,149987.19,2026-08-10,SETTLED
TXN-84746,ACC-1110,467495.83,2026-08-28,SETTLED
TXN-77575,ACC-1237,482409.54,2026-07-15,SETTLED
TXN-82436,ACC-1224,209393.10,2026-08-05,SETTLED
TXN-72418,ACC-1296,227691.77,2026-08-08,PROCESSING
TXN-06108,ACC-1298,270899.90,2026-08-14,SETTLED
TXN-25550,ACC-1351,323278.89,2026-08-03,PROCESSING
TXN-76897,ACC-1295,147271.47,2026-07-22,SETTLED
TXN-36061,ACC-1271,343557.62,2026-07-06,SETTLED
TXN-14408,ACC-1161,270117.36,2026-07-30,SETTLED
TXN-25104,ACC-1106,230804.28,2026-07-18,PENDING
TXN-59573,ACC-1170,392270.00,2026-08-22,SETTLED
TXN-38484,ACC-1016,330908.47,2026-07-10,SETTLED
TXN-95455,ACC-1045,6928.41,2026-07-01,SETTLED
TXN-74484,ACC-1142,303714.66,2026-07-03,SETTLED
TXN-52852,ACC-1365,324833.77,2026-07-26,SETTLED
TXN-96973,ACC-1164,314933.11,2026-08-01,SETTLED
TXN-45927,ACC-1375,360551.96,2026-08-19,SETTLED
TXN-77236,ACC-1067,25693.19,2026-07-04,PENDING
TXN-36805,ACC-1279,135238.66,2026-07-04,SETTLED
TXN-92859,ACC-1195,282619.30,2026-07-03,SETTLED
TXN-92825,ACC-1138,190094.16,2026-07-31,SETTLED
TXN-86772,ACC-1335,193612.76,2026-08-03,SETTLED
TXN-79813,ACC-1082,419272.48,2026-08-25,SETTLED
TXN-69101,ACC-1185,143643.06,2026-07-30,SETTLED
TXN-93750,ACC-1370,267753.21,2026-07-02,SETTLED
TXN-72785,ACC-1150,334774.40,2026-07-30,SETTLED
TXN-97955,ACC-1371,228263.71,2026-07-13,SETTLED
TXN-45467,ACC-1233,300608.07,2026-07-25,SETTLED
TXN-29845,ACC-1253,479692.36,2026-08-08,SETTLED
TXN-87204,ACC-1256,260469.63,2026-07-08,SETTLED
TXN-59093,ACC-1193,466294.64,2026-08-22,SETTLED
TXN-02491,ACC-1170,316383.69,2026-08-27,SETTLED
TXN-01576,ACC-1323,270758.37,2026-08-23,SETTLED
TXN-82420,ACC-1280,486677.48,2026-08-15,SETTLED
TXN-07861,ACC-1242,89721.49,2026-08-14,SETTLED
TXN-16236,ACC-1362,238486.29,2026-08-08,PENDING
TXN-92392,ACC-1360,467495.00,2026-08-15,SETTLED
TXN-50651,ACC-1283,89724.82,2026-08-04,PENDING
TXN-74336,ACC-1226,331877.36,2026-08-02,PROCESSING
TXN-97018,ACC-1327,294732.50,2026-07-01,SETTLED
TXN-61684,ACC-1046,494710.32,2026-07-30,SETTLED
TXN-29260,ACC-1245,421276.08,2026-07-22,SETTLED
TXN-59496,ACC-1110,298638.53,2026-08-01,SETTLED
TXN-08517,ACC-1142,9328.58,2026-07-28,SETTLED
TXN-68849,ACC-1345,286334.36,2026-07-23,SETTLED
TXN-46244,ACC-1200,447923.05,2026-07-31,SETTLED
TXN-93340,ACC-1121,320676.40,2026-08-27,PROCESSING
TXN-49255,ACC-1188,26765.35,2026-07-04,SETTLED
TXN-17141,ACC-1212,143092.19,2026-07-17,SETTLED
TXN-21282,ACC-1395,272778.11,2026-07-08,SETTLED
TXN-86934,ACC-1112,269136.25,2026-07-22,SETTLED
TXN-83333,ACC-1357,287935.78,2026-08-02,PENDING
TXN-35363,ACC-1268,207232.86,2026-08-07,PROCESSING
TXN-74031,ACC-1086,482899.25,2026-08-28,SETTLED
TXN-49228,ACC-1370,157912.67,2026-08-17,SETTLED
TXN-65028,ACC-1060,280676.40,2026-07-25,SETTLED
TXN-90846,ACC-1331,364344.88,2026-08-04,SETTLED
TXN-74861,ACC-1275,482672.66,2026-07-21,SETTLED
TXN-82413,ACC-1331,410008.28,2026-07-08,PENDING
TXN-06115,ACC-1266,205349.02,2026-07-01,PENDING
TXN-11504,ACC-1123,376503.41,2026-07-17,SETTLED
TXN-85490,ACC-1077,79652.77,2026-08-10,PROCESSING
TXN-08434,ACC-1399,228697.38,2026-08-19,SETTLED
TXN-54796,ACC-1292,11338.95,2026-07-11,PENDING
TXN-46855,ACC-1127,129973.30,2026-07-10,SETTLED
TXN-29942,ACC-1021,476314.60,2026-08-29,SETTLED
TXN-15516,ACC-1093,307489.69,2026-08-05,SETTLED
TXN-37570,ACC-1093,22023.95,2026-08-14,SETTLED
TXN-77654,ACC-1386,302070.44,2026-08-11,SETTLED
TXN-69999,ACC-1126,367996.72,2026-08-16,SETTLED
TXN-99805,ACC-1164,374869.89,2026-07-28,PENDING
TXN-70742,ACC-1072,66070.69,2026-07-15,SETTLED
TXN-37596,ACC-1029,447650.42,2026-08-18,SETTLED
TXN-73328,ACC-1033,23618.90,2026-08-14,PENDING
TXN-99315,ACC-1279,450552.80,2026-07-28,PENDING
TXN-83556,ACC-1198,303715.15,2026-07-22,SETTLED
TXN-10047,ACC-1216,145649.96,2026-08-22,SETTLED
TXN-09780,ACC-1386,100302.54,2026-08-05,SETTLED
TXN-27354,ACC-1024,459456.12,2026-08-21,SETTLED
TXN-34238,ACC-1030,255694.27,2026-08-08,SETTLED
TXN-57918,ACC-1313,48402.03,2026-08-26,PENDING
TXN-29432,ACC-1083,212713.66,2026-07-14,SETTLED
TXN-77232,ACC-1045,486428.62,2026-08-04,SETTLED
TXN-84445,ACC-1357,432633.66,2026-07-20,SETTLED
TXN-06059,ACC-1206,73287.32,2026-07-27,PENDING
TXN-22024,ACC-1225,253223.16,2026-08-12,PROCESSING
TXN-65207,ACC-1186,201080.86,2026-08-19,PROCESSING
TXN-47083,ACC-1226,442872.61,2026-07-23,PROCESSING
TXN-27785,ACC-1045,238065.63,2026-08-04,SETTLED
TXN-10468,ACC-1223,218618.11,2026-08-09,SETTLED
TXN-36700,ACC-1132,90663.03,2026-07-11,SETTLED
TXN-97339,ACC-1058,239146.15,2026-07-18,SETTLED
TXN-84440,ACC-1279,299730.42,2026-08-21,SETTLED
TXN-24608,ACC-1142,210201.59,2026-08-22,SETTLED
TXN-35684,ACC-1298,66179.07,2026-07-10,PROCESSING
TXN-85946,ACC-1103,288166.76,2026-07-02,SETTLED
TXN-12028,ACC-1150,88043.83,2026-07-18,SETTLED
TXN-20033,ACC-1060,166760.78,2026-08-27,SETTLED
TXN-67673,ACC-1051,6129.35,2026-08-12,PENDING
TXN-19916,ACC-1381,104307.54,2026-06-30,SETTLED
TXN-18518,ACC-1125,372647.37,2026-07-18,SETTLED
TXN-21104,ACC-1342,82484.44,2026-08-24,SETTLED
TXN-28505,ACC-1270,235868.48,2026-08-15,SETTLED
TXN-87302,ACC-1148,144744.43,2026-08-05,SETTLED
TXN-12027,ACC-1191,488327.43,2026-07-21,SETTLED
TXN-96365,ACC-1340,143706.76,2026-08-28,SETTLED
TXN-97473,ACC-1354,161002.66,2026-07-29,PENDING
TXN-84642,ACC-1063,151598.88,2026-08-16,SETTLED
TXN-73393,ACC-1203,79006.03,2026-08-19,SETTLED
TXN-08467,ACC-1034,184516.08,2026-08-12,SETTLED
TXN-04267,ACC-1286,124128.02,2026-08-02,SETTLED
TXN-93422,ACC-1022,372930.37,2026-08-11,PENDING
TXN-45764,ACC-1327,177672.04,2026-08-04,SETTLED
TXN-29428,ACC-1313,271501.20,2026-07-03,SETTLED
TXN-77542,ACC-1212,229891.21,2026-08-02,PROCESSING
TXN-05745,ACC-1141,229816.36,2026-07-19,PROCESSING
TXN-53068,ACC-1315,29987.77,2026-07-06,SETTLED
TXN-77066,ACC-1191,359988.03,2026-08-25,SETTLED
TXN-44523,ACC-1185,302330.80,2026-07-13,SETTLED
TXN-66456,ACC-1319,42309.95,2026-07-01,SETTLED
TXN-34032,ACC-1347,466392.95,2026-07-28,SETTLED
TXN-35655,ACC-1131,79150.56,2026-08-25,PENDING
TXN-61368,ACC-1011,248882.47,2026-08-27,SETTLED
TXN-25934,ACC-1277,478209.75,2026-08-14,SETTLED
TXN-45501,ACC-1062,365529.81,2026-08-09,SETTLED
TXN-79280,ACC-1101,116486.50,2026-08-05,SETTLED
TXN-63129,ACC-1167,466034.21,2026-08-13,PROCESSING
TXN-69716,ACC-1161,450284.73,2026-07-10,PROCESSING
TXN-34206,ACC-1068,148190.59,2026-08-23,SETTLED
TXN-02492,ACC-1397,373702.31,2026-08-24,PROCESSING
TXN-64152,ACC-1222,133159.01,2026-07-20,PENDING
TXN-85653,ACC-1347,47629.67,2026-08-04,SETTLED
TXN-72786,ACC-1191,37683.10,2026-08-13,SETTLED
TXN-64819,ACC-1081,78159.65,2026-07-30,SETTLED
TXN-39404,ACC-1048,154934.83,2026-08-11,SETTLED
TXN-28866,ACC-1084,86376.28,2026-07-06,SETTLED
TXN-01052,ACC-1348,35369.63,2026-07-28,SETTLED
TXN-69929,ACC-1060,64519.67,2026-08-21,PENDING
TXN-36928,ACC-1058,184282.84,2026-08-27,SETTLED
TXN-30875,ACC-1007,296262.25,2026-08-22,PENDING
TXN-42255,ACC-1289,219320.16,2026-07-12,SETTLED
TXN-14052,ACC-1363,257976.92,2026-08-13,SETTLED
TXN-82282,ACC-1375,266574.40,2026-08-10,SETTLED
TXN-98594,ACC-1241,259321.17,2026-07-13,PROCESSING
TXN-71140,ACC-1241,65053.11,2026-07-04,SETTLED
TXN-84545,ACC-1225,322773.77,2026-07-31,SETTLED
TXN-79690,ACC-1244,37208.23,2026-08-27,PENDING
TXN-26160,ACC-1217,227604.38,2026-07-28,SETTLED
TXN-91026,ACC-1101,224549.12,2026-07-26,SETTLED
TXN-07810,ACC-1387,202843.35,2026-08-25,SETTLED
TXN-17775,ACC-1269,255061.43,2026-07-01,SETTLED
TXN-91015,ACC-1079,95847.71,2026-07-30,PENDING
TXN-81644,ACC-1209,297031.72,2026-07-14,SETTLED
TXN-99417,ACC-1237,133656.06,2026-08-11,PENDING
TXN-58688,ACC-1075,369369.14,2026-07-23,PROCESSING
TXN-06231,ACC-1339,452923.57,2026-08-18,SETTLED
TXN-09921,ACC-1340,210735.98,2026-07-02,SETTLED
TXN-22184,ACC-1256,478156.84,2026-07-26,SETTLED
TXN-68561,ACC-1204,236252.98,2026-08-04,PENDING
TXN-86166,ACC-1303,55731.37,2026-08-13,SETTLED
TXN-12047,ACC-1277,317445.66,2026-08-19,SETTLED
TXN-68586,ACC-1155,52971.01,2026-07-24,SETTLED
TXN-01399,ACC-1070,46418.59,2026-08-15,SETTLED
TXN-14530,ACC-1369,414233.18,2026-07-17,SETTLED
TXN-13578,ACC-1029,172026.97,2026-08-01,PROCESSING
TXN-29418,ACC-1264,121060.88,2026-07-09,PENDING
TXN-82482,ACC-1284,420094.38,2026-08-27,SETTLED
TXN-79459,ACC-1225,154818.76,2026-07-08,SETTLED
TXN-48908,ACC-1292,482369.80,2026-08-10,SETTLED
TXN-43560,ACC-1277,246554.68,2026-08-26,SETTLED
TXN-80530,ACC-1251,376611.35,2026-08-05,PENDING
TXN-67413,ACC-1325,183748.31,2026-07-05,PROCESSING
TXN-09583,ACC-1009,281184.25,2026-07-13,PROCESSING
TXN-83473,ACC-1091,178740.47,2026-08-02,SETTLED
TXN-78770,ACC-1023,386393.29,2026-07-22,SETTLED
TXN-20938,ACC-1144,492875.13,2026-07-06,SETTLED
TXN-20050,ACC-1277,436735.66,2026-08-20,SETTLED
TXN-15912,ACC-1259,35165.97,2026-07-16,SETTLED
TXN-66218,ACC-1387,367968.46,2026-07-23,SETTLED
TXN-13291,ACC-1051,407532.35,2026-08-01,SETTLED
TXN-02772,ACC-1168,185430.42,2026-07-24,SETTLED
TXN-04305,ACC-1352,128807.57,2026-07-28,PROCESSING
TXN-36262,ACC-1047,144789.22,2026-08-16,SETTLED
TXN-51117,ACC-1141,38420.29,2026-07-06,SETTLED
TXN-11983,ACC-1328,225706.21,2026-07-27,SETTLED
TXN-61500,ACC-1089,74950.94,2026-08-13,SETTLED
TXN-89568,ACC-1267,224430.20,2026-07-05,PROCESSING
TXN-57812,ACC-1224,191445.51,2026-07-05,SETTLED
TXN-20206,ACC-1391,376019.96,2026-08-13,SETTLED
TXN-71248,ACC-1375,417944.82,2026-07-29,SETTLED
TXN-40900,ACC-1314,124414.95,2026-07-26,PROCESSING
TXN-63839,ACC-1079,233228.56,2026-07-24,SETTLED
TXN-71619,ACC-1098,38245.02,2026-08-29,SETTLED
TXN-33012,ACC-1081,116629.71,2026-08-16,SETTLED
TXN-27540,ACC-1156,96288.99,2026-07-03,PROCESSING
TXN-08693,ACC-1179,176104.38,2026-08-20,SETTLED
TXN-64918,ACC-1362,324513.78,2026-07-05,SETTLED
TXN-20889,ACC-1213,298477.33,2026-08-03,PROCESSING
TXN-54611,ACC-1127,115331.82,2026-07-23,SETTLED
TXN-62612,ACC-1377,59859.81,2026-07-02,SETTLED
TXN-94554,ACC-1032,211615.50,2026-08-23,SETTLED
TXN-21930,ACC-1173,281105.39,2026-08-24,SETTLED
TXN-80162,ACC-1210,176727.77,2026-07-26,SETTLED
TXN-14986,ACC-1258,150897.45,2026-07-02,SETTLED
TXN-84621,ACC-1251,471447.86,2026-08-25,SETTLED
TXN-75269,ACC-1396,260686.68,2026-08-09,SETTLED
TXN-55543,ACC-1132,34423.86,2026-07-10,PENDING
TXN-44241,ACC-1343,424237.72,2026-07-31,SETTLED
TXN-89609,ACC-1096,432886.70,2026-08-11,PROCESSING
TXN-33769,ACC-1217,232711.29,2026-08-25,PROCESSING
TXN-06625,ACC-1102,310836.19,2026-08-04,SETTLED
TXN-13921,ACC-1394,327986.70,2026-07-13,SETTLED
TXN-29639,ACC-1033,428349.79,2026-08-04,SETTLED
TXN-60952,ACC-1228,348812.46,2026-08-18,SETTLED
TXN-12863,ACC-1198,251522.44,2026-07-01,PENDING
TXN-32143,ACC-1296,308952.95,2026-07-01,SETTLED
TXN-32627,ACC-1326,439877.69,2026-07-07,SETTLED
TXN-89472,ACC-1044,489201.09,2026-07-18,PROCESSING
TXN-99127,ACC-1276,121429.81,2026-07-17,SETTLED
TXN-45723,ACC-1047,222953.86,2026-08-12,SETTLED
TXN-46361,ACC-1012,330108.58,2026-07-20,SETTLED
TXN-89693,ACC-1101,102437.53,2026-07-24,SETTLED
TXN-31205,ACC-1209,18495.05,2026-08-03,SETTLED
TXN-38906,ACC-1078,211408.95,2026-07-29,PROCESSING
TXN-98027,ACC-1269,408948.72,2026-08-29,PROCESSING
TXN-28220,ACC-1012,65033.71,2026-07-16,SETTLED
TXN-07718,ACC-1282,45445.75,2026-07-06,SETTLED
TXN-63166,ACC-1396,326778.81,2026-07-09,SETTLED
TXN-18986,ACC-1017,423557.72,2026-08-28,SETTLED
TXN-92396,ACC-1089,383853.29,2026-07-20,PENDING
TXN-18457,ACC-1293,439386.06,2026-07-25,SETTLED
TXN-70425,ACC-1184,462331.51,2026-07-21,SETTLED
TXN-95509,ACC-1106,253349.06,2026-08-24,SETTLED
TXN-88004,ACC-1271,369136.08,2026-08-19,PENDING
TXN-25510,ACC-1171,55446.23,2026-07-10,SETTLED
TXN-46772,ACC-1117,88044.94,2026-07-04,PENDING
TXN-92724,ACC-1369,459159.76,2026-08-09,SETTLED
TXN-20291,ACC-1321,477115.57,2026-08-21,SETTLED
TXN-41717,ACC-1307,423346.64,2026-07-16,PENDING
TXN-55247,ACC-1241,31697.88,2026-08-01,SETTLED
TXN-18645,ACC-1143,395995.51,2026-07-14,PENDING
TXN-86204,ACC-1271,386375.34,2026-08-18,SETTLED
TXN-31294,ACC-1109,237718.09,2026-08-16,PROCESSING
TXN-49297,ACC-1013,302101.13,2026-08-26,PENDING
TXN-26067,ACC-1276,5968.37,2026-07-09,PENDING
TXN-42014,ACC-1249,408945.61,2026-08-23,PENDING
TXN-48136,ACC-1005,63403.60,2026-08-07,PROCESSING
TXN-48134,ACC-1169,163605.15,2026-08-23,PROCESSING
TXN-62258,ACC-1281,384519.81,2026-08-09,PROCESSING
TXN-64147,ACC-1241,33921.93,2026-07-09,SETTLED
TXN-35873,ACC-1239,84178.46,2026-07-19,PENDING
TXN-89039,ACC-1369,140082.27,2026-07-27,SETTLED
TXN-84043,ACC-1312,182037.93,2026-07-22,SETTLED
TXN-11719,ACC-1215,11649.43,2026-07-12,SETTLED
TXN-48634,ACC-1059,293520.36,2026-07-13,PENDING
TXN-44514,ACC-1123,441015.12,2026-07-02,SETTLED
TXN-94018,ACC-1381,170479.63,2026-08-19,SETTLED
TXN-55227,ACC-1184,189299.65,2026-07-09,PENDING
TXN-46638,ACC-1087,222884.72,2026-08-01,SETTLED
TXN-66469,ACC-1096,198342.45,2026-07-21,PENDING
TXN-39882,ACC-1343,242130.65,2026-07-24,PROCESSING
TXN-35041,ACC-1139,305409.06,2026-08-25,SETTLED
TXN-54567,ACC-1139,489706.55,2026-08-15,SETTLED
TXN-20592,ACC-1223,111722.09,2026-08-04,PROCESSING
TXN-88868,ACC-1257,450286.67,2026-07-20,PROCESSING
TXN-27138,ACC-1100,498668.45,2026-07-16,SETTLED
TXN-19942,ACC-1341,120473.01,2026-08-29,SETTLED
TXN-13364,ACC-1135,349032.82,2026-08-25,SETTLED
TXN-88161,ACC-1190,494629.30,2026-08-05,SETTLED
TXN-94044,ACC-1254,364835.12,2026-08-19,SETTLED
TXN-84534,ACC-1255,24900.76,2026-08-09,SETTLED
TXN-83010,ACC-1256,459159.80,2026-07-05,SETTLED
TXN-71572,ACC-1081,268026.77,2026-07-24,SETTLED
TXN-24171,ACC-1217,56751.06,2026-07-27,SETTLED
TXN-27689,ACC-1243,442614.69,2026-08-11,SETTLED
TXN-47196,ACC-1041,366330.31,2026-08-18,SETTLED
TXN-11004,ACC-1170,8524.82,2026-08-28,PENDING
TXN-82279,ACC-1103,412010.83,2026-08-03,SETTLED
TXN-01613,ACC-1311,99356.89,2026-07-06,SETTLED
TXN-27711,ACC-1087,99330.88,2026-07-07,SETTLED
TXN-68728,ACC-1249,214281.18,2026-08-27,SETTLED
TXN-34449,ACC-1090,266759.70,2026-08-26,PENDING
TXN-71098,ACC-1235,343909.93,2026-07-31,SETTLED
TXN-67466,ACC-1046,82234.15,2026-08-20,SETTLED
TXN-93281,ACC-1240,219989.23,2026-08-20,SETTLED
TXN-74567,ACC-1040,91607.16,2026-08-20,SETTLED
TXN-08604,ACC-1226,360348.53,2026-07-24,SETTLED
TXN-46503,ACC-1349,130376.60,2026-08-22,SETTLED
TXN-16439,ACC-1330,63232.97,2026-08-21,PENDING
TXN-08524,ACC-1143,200558.99,2026-07-30,SETTLED
TXN-61751,ACC-1369,204645.43,2026-07-21,PENDING
TXN-38943,ACC-1352,217301.45,2026-08-24,SETTLED
TXN-16710,ACC-1007,106714.56,2026-08-08,SETTLED
TXN-41293,ACC-1299,210402.04,2026-08-24,PENDING
TXN-53251,ACC-1172,148623.92,2026-08-21,SETTLED
TXN-93277,ACC-1264,269285.72,2026-07-16,SETTLED
TXN-85669,ACC-1157,449217.83,2026-07-08,SETTLED
TXN-74349,ACC-1085,305232.45,2026-08-20,SETTLED
TXN-71569,ACC-1186,193513.25,2026-08-01,SETTLED
TXN-22120,ACC-1040,312202.91,2026-07-22,SETTLED
TXN-76575,ACC-1275,443466.08,2026-07-18,PROCESSING
TXN-50504,ACC-1024,45490.91,2026-08-16,SETTLED
TXN-39939,ACC-1323,177938.64,2026-08-26,SETTLED
TXN-59786,ACC-1240,254319.88,2026-08-04,SETTLED
TXN-65353,ACC-1350,333836.67,2026-07-11,SETTLED
TXN-04693,ACC-1098,391215.40,2026-07-06,SETTLED
TXN-45685,ACC-1315,39939.03,2026-07-15,SETTLED
TXN-02149,ACC-1207,223893.90,2026-07-30,SETTLED
TXN-57879,ACC-1036,482115.35,2026-08-10,SETTLED
TXN-66889,ACC-1238,302162.30,2026-07-29,SETTLED
TXN-88701,ACC-1024,241835.24,2026-08-09,SETTLED
TXN-06526,ACC-1138,67433.52,2026-07-22,PENDING
TXN-26781,ACC-1199,303421.65,2026-08-13,SETTLED
TXN-57749,ACC-1178,461922.62,2026-08-17,SETTLED
TXN-60760,ACC-1374,46979.47,2026-07-05,SETTLED
TXN-02826,ACC-1161,45370.26,2026-07-26,SETTLED
TXN-26684,ACC-1014,55755.31,2026-08-08,PENDING
TXN-54039,ACC-1176,441896.98,2026-08-05,SETTLED
TXN-83700,ACC-1159,41851.03,2026-08-08,SETTLED
TXN-16297,ACC-1169,64187.39,2026-08-17,SETTLED
TXN-05907,ACC-1084,403487.07,2026-07-09,PROCESSING
TXN-05172,ACC-1357,213574.63,2026-08-19,PROCESSING
TXN-15727,ACC-1306,88071.20,2026-08-03,SETTLED
TXN-33199,ACC-1034,425574.60,2026-08-02,SETTLED
TXN-92932,ACC-1175,7754.84,2026-07-08,SETTLED
TXN-73279,ACC-1045,360714.97,2026-08-29,SETTLED
TXN-52263,ACC-1090,116188.42,2026-07-19,PENDING
TXN-29054,ACC-1302,172471.02,2026-08-11,SETTLED
TXN-27597,ACC-1278,223615.44,2026-07-13,PROCESSING
TXN-15709,ACC-1071,287248.68,2026-07-05,SETTLED
TXN-04291,ACC-1377,14505.81,2026-07-17,PENDING
TXN-42789,ACC-1147,480423.59,2026-08-20,PENDING
TXN-44909,ACC-1016,251449.87,2026-07-02,PENDING
TXN-76754,ACC-1040,10967.33,2026-08-22,SETTLED
TXN-85618,ACC-1078,66516.84,2026-08-27,SETTLED
TXN-53038,ACC-1177,114273.03,2026-07-21,SETTLED
TXN-70025,ACC-1118,300036.14,2026-08-09,PROCESSING
TXN-83992,ACC-1168,311228.28,2026-07-07,SETTLED
TXN-82585,ACC-1327,123742.64,2026-07-26,SETTLED
TXN-53784,ACC-1147,178614.58,2026-07-18,SETTLED
TXN-09060,ACC-1362,159972.45,2026-07-27,PENDING
TXN-97105,ACC-1316,370472.23,2026-08-14,PENDING
TXN-43453,ACC-1180,41753.56,2026-07-31,SETTLED
TXN-43913,ACC-1009,28953.39,2026-07-03,SETTLED
TXN-89476,ACC-1209,445391.25,2026-08-05,SETTLED
TXN-96362,ACC-1142,279847.43,2026-08-16,PENDING
TXN-99406,ACC-1137,371832.67,2026-08-21,PENDING
TXN-58508,ACC-1151,303728.12,2026-07-15,SETTLED
TXN-96039,ACC-1277,261284.18,2026-07-07,PENDING
TXN-82756,ACC-1376,301793.31,2026-07-05,SETTLED
TXN-18318,ACC-1007,373106.53,2026-07-16,SETTLED
TXN-15738,ACC-1005,154474.99,2026-08-16,SETTLED
TXN-60287,ACC-1352,236170.52,2026-07-17,SETTLED
TXN-44929,ACC-1173,429626.00,2026-07-08,SETTLED
TXN-24298,ACC-1260,316398.02,2026-08-04,SETTLED
TXN-11640,ACC-1081,420437.11,2026-08-02,SETTLED
TXN-48248,ACC-1245,53116.18,2026-08-28,SETTLED
TXN-23231,ACC-1398,43053.16,2026-07-15,SETTLED
TXN-99713,ACC-1202,305140.95,2026-07-02,SETTLED
TXN-90038,ACC-1082,358373.24,2026-07-03,SETTLED
TXN-20454,ACC-1096,401240.62,2026-07-28,SETTLED
TXN-90992,ACC-1033,338579.42,2026-08-07,SETTLED
TXN-34618,ACC-1021,237169.10,2026-07-20,SETTLED
TXN-22009,ACC-1360,470187.54,2026-07-14,SETTLED
TXN-23653,ACC-1109,55190.05,2026-08-28,SETTLED
TXN-87536,ACC-1093,193232.21,2026-07-07,PROCESSING
TXN-80579,ACC-1178,491563.95,2026-07-31,SETTLED
TXN-52191,ACC-1229,162310.82,2026-08-04,PROCESSING
TXN-55009,ACC-1356,138642.00,2026-07-22,SETTLED
TXN-19217,ACC-1069,182224.16,2026-07-15,SETTLED
TXN-26135,ACC-1032,262911.96,2026-07-03,SETTLED
TXN-85684,ACC-1074,149696.77,2026-08-09,PENDING
TXN-99020,ACC-1351,42990.98,2026-07-03,SETTLED
TXN-88767,ACC-1348,146052.11,2026-08-14,SETTLED
TXN-07497,ACC-1236,379647.27,2026-07-22,SETTLED
TXN-43535,ACC-1310,101858.79,2026-07-25,SETTLED
TXN-16693,ACC-1293,17018.09,2026-07-08,SETTLED
TXN-89950,ACC-1200,208716.95,2026-08-26,SETTLED
TXN-46899,ACC-1382,368146.40,2026-07-15,PENDING
TXN-57867,ACC-1240,292356.86,2026-08-28,SETTLED
TXN-33211,ACC-1117,65444.62,2026-07-24,PROCESSING
TXN-03335,ACC-1188,52703.69,2026-07-31,SETTLED
TXN-49093,ACC-1182,477910.69,2026-08-05,SETTLED
TXN-27120,ACC-1242,359891.44,2026-08-28,SETTLED
TXN-72900,ACC-1122,46304.89,2026-08-19,PROCESSING
TXN-93439,ACC-1113,338780.71,2026-07-21,PROCESSING
TXN-61815,ACC-1336,117914.15,2026-07-16,SETTLED
TXN-50299,ACC-1125,172092.12,2026-07-25,PENDING
TXN-60762,ACC-1182,72303.71,2026-07-12,SETTLED
TXN-24560,ACC-1277,332869.21,2026-08-25,PROCESSING
TXN-52064,ACC-1236,308984.82,2026-07-09,SETTLED
TXN-69264,ACC-1011,247725.52,2026-08-09,PROCESSING
TXN-09143,ACC-1397,14517.54,2026-08-06,PROCESSING
TXN-97039,ACC-1350,299168.77,2026-07-08,SETTLED
TXN-34702,ACC-1187,413626.54,2026-07-25,PROCESSING
TXN-20573,ACC-1341,73872.76,2026-08-12,PENDING
TXN-86646,ACC-1150,324157.98,2026-08-02,SETTLED
TXN-56762,ACC-1381,70717.90,2026-07-19,PROCESSING
TXN-33570,ACC-1352,38715.12,2026-07-14,PENDING
TXN-92266,ACC-1316,138247.29,2026-07-02,SETTLED
TXN-78548,ACC-1116,179440.47,2026-07-31,SETTLED
TXN-81821,ACC-1064,164856.16,2026-07-09,SETTLED
TXN-85263,ACC-1073,103923.84,2026-08-01,SETTLED
TXN-74949,ACC-1399,347231.09,2026-07-15,PROCESSING
TXN-20986,ACC-1336,14874.87,2026-08-09,SETTLED
TXN-99263,ACC-1018,326132.65,2026-07-01,SETTLED
TXN-74603,ACC-1377,356225.35,2026-08-23,PROCESSING
TXN-19253,ACC-1232,488165.53,2026-07-12,SETTLED
TXN-35356,ACC-1162,467494.16,2026-08-03,SETTLED
TXN-01638,ACC-1056,41785.48,2026-08-29,PROCESSING
TXN-79383,ACC-1187,79321.61,2026-07-26,SETTLED
TXN-91726,ACC-1292,368773.43,2026-08-11,SETTLED
TXN-60915,ACC-1325,161400.14,2026-08-10,SETTLED
TXN-82192,ACC-1072,368109.59,2026-07-10,PENDING
TXN-44641,ACC-1194,421763.80,2026-08-12,PENDING
TXN-64901,ACC-1120,411803.11,2026-07-15,SETTLED
TXN-64776,ACC-1011,469924.61,2026-08-23,SETTLED
TXN-39357,ACC-1189,195962.72,2026-07-19,SETTLED
TXN-88674,ACC-1075,428019.29,2026-07-21,SETTLED
TXN-55671,ACC-1109,339150.35,2026-07-29,SETTLED
TXN-54859,ACC-1059,395572.25,2026-07-29,SETTLED
TXN-40125,ACC-1045,376190.20,2026-07-27,SETTLED
TXN-93232,ACC-1050,170502.49,2026-07-07,PROCESSING
TXN-11946,ACC-1043,413183.81,2026-08-07,PENDING
TXN-48275,ACC-1070,211205.40,2026-07-07,SETTLED
TXN-66292,ACC-1159,130041.81,2026-08-27,SETTLED
TXN-21704,ACC-1114,396203.17,2026-07-21,SETTLED
TXN-60656,ACC-1021,227477.95,2026-07-10,SETTLED
TXN-19392,ACC-1133,191274.86,2026-07-21,SETTLED
TXN-36950,ACC-1355,308544.09,2026-07-03,SETTLED
TXN-39386,ACC-1155,408035.20,2026-07-01,PENDING
TXN-70591,ACC-1239,272513.66,2026-07-02,SETTLED
TXN-80723,ACC-1337,152752.30,2026-08-02,PENDING
TXN-37910,ACC-1295,328425.81,2026-08-20,SETTLED
TXN-56964,ACC-1126,9806.61,2026-06-30,SETTLED
TXN-39281,ACC-1085,43687.81,2026-07-24,SETTLED
TXN-85596,ACC-1324,274860.68,2026-07-01,PENDING
TXN-92383,ACC-1078,74006.79,2026-07-31,PENDING
TXN-64982,ACC-1247,401194.67,2026-07-14,SETTLED
TXN-58153,ACC-1389,259424.89,2026-08-21,SETTLED
TXN-03062,ACC-1347,71304.59,2026-07-29,PENDING
TXN-66920,ACC-1017,413375.49,2026-08-05,SETTLED
TXN-11985,ACC-1286,15635.27,2026-07-17,SETTLED
TXN-14578,ACC-1232,158481.44,2026-07-25,SETTLED
TXN-73098,ACC-1106,261316.21,2026-08-01,PROCESSING
TXN-57391,ACC-1173,437535.81,2026-07-22,PROCESSING
TXN-59012,ACC-1321,28017.82,2026-07-31,PROCESSING
TXN-14651,ACC-1068,394656.99,2026-08-13,PROCESSING
TXN-22064,ACC-1059,305938.26,2026-08-03,PROCESSING
TXN-19673,ACC-1156,359946.78,2026-07-22,SETTLED
TXN-61137,ACC-1122,283584.96,2026-08-25,SETTLED
TXN-54698,ACC-1087,98166.20,2026-08-08,SETTLED
TXN-78114,ACC-1109,424013.72,2026-07-21,SETTLED
TXN-37857,ACC-1183,333981.07,2026-08-06,PROCESSING
TXN-81190,ACC-1248,298769.95,2026-08-04,SETTLED
TXN-29950,ACC-1260,373750.34,2026-07-14,SETTLED
TXN-45718,ACC-1383,42070.72,2026-08-15,SETTLED
TXN-14283,ACC-1293,51311.13,2026-07-08,PROCESSING
TXN-81632,ACC-1263,335178.14,2026-08-17,SETTLED
TXN-97308,ACC-1090,155144.23,2026-07-19,PROCESSING
TXN-06243,ACC-1365,479495.56,2026-08-20,SETTLED
TXN-59497,ACC-1222,378137.83,2026-07-27,SETTLED
TXN-03145,ACC-1035,77774.27,2026-07-28,SETTLED
TXN-68756,ACC-1341,365046.96,2026-07-23,PROCESSING
TXN-70841,ACC-1125,344235.41,2026-08-29,SETTLED
TXN-28954,ACC-1133,438194.25,2026-08-27,PROCESSING
TXN-69646,ACC-1105,426949.04,2026-08-10,SETTLED
TXN-55084,ACC-1147,131823.37,2026-08-02,PROCESSING
TXN-92381,ACC-1312,327809.02,2026-07-25,SETTLED
TXN-16959,ACC-1309,461431.43,2026-08-19,PROCESSING
TXN-01877,ACC-1073,198023.44,2026-07-04,SETTLED
TXN-09560,ACC-1061,356031.04,2026-07-08,PENDING
TXN-76087,ACC-1133,435665.25,2026-07-25,SETTLED
TXN-32969,ACC-1372,158243.54,2026-07-06,PROCESSING
TXN-57931,ACC-1363,388753.87,2026-08-12,SETTLED
TXN-26763,ACC-1109,135635.15,2026-08-19,SETTLED
TXN-24140,ACC-1380,111353.22,2026-07-23,SETTLED
TXN-11406,ACC-1212,437978.58,2026-08-26,SETTLED
TXN-29982,ACC-1099,210382.99,2026-08-28,SETTLED
TXN-10082,ACC-1367,88650.80,2026-08-26,SETTLED
TXN-38213,ACC-1019,186655.59,2026-08-19,SETTLED
TXN-24007,ACC-1043,395663.53,2026-07-28,SETTLED
TXN-94777,ACC-1132,386036.96,2026-07-18,SETTLED
TXN-08192,ACC-1038,497210.57,2026-08-13,SETTLED
TXN-86857,ACC-1285,440365.39,2026-07-11,SETTLED
TXN-17636,ACC-1255,391051.44,2026-08-26,SETTLED
TXN-07488,ACC-1164,212719.70,2026-08-18,SETTLED
TXN-27955,ACC-1012,112293.43,2026-08-11,SETTLED
TXN-99261,ACC-1073,391502.68,2026-07-17,PROCESSING
TXN-54649,ACC-1324,410958.88,2026-07-11,SETTLED
TXN-36236,ACC-1251,297517.50,2026-08-26,PROCESSING
TXN-32817,ACC-1040,176012.88,2026-07-12,PENDING
TXN-78315,ACC-1308,387010.95,2026-07-09,PROCESSING
TXN-94551,ACC-1071,341425.37,2026-07-22,SETTLED
TXN-99902,ACC-1083,373356.60,2026-07-31,SETTLED
TXN-30376,ACC-1225,88551.59,2026-08-13,SETTLED
TXN-91311,ACC-1069,122758.64,2026-07-18,PENDING
TXN-02905,ACC-1124,187598.54,2026-07-07,PENDING
TXN-64840,ACC-1318,88963.28,2026-07-24,SETTLED
TXN-95150,ACC-1197,22546.87,2026-08-07,SETTLED
TXN-39301,ACC-1097,33155.59,2026-08-28,SETTLED
TXN-19486,ACC-1175,416203.91,2026-08-04,SETTLED
TXN-27960,ACC-1344,32822.86,2026-08-17,PROCESSING
TXN-57174,ACC-1392,411832.51,2026-07-16,SETTLED
TXN-04140,ACC-1337,21118.46,2026-07-23,SETTLED
TXN-78797,ACC-1295,423574.44,2026-08-25,SETTLED
TXN-10000,ACC-1359,393811.21,2026-07-23,SETTLED
TXN-82560,ACC-1351,330125.39,2026-07-12,SETTLED
TXN-31892,ACC-1274,282045.24,2026-08-02,SETTLED
TXN-76265,ACC-1160,437616.27,2026-07-24,SETTLED
TXN-20172,ACC-1259,224655.13,2026-08-01,SETTLED
TXN-42246,ACC-1135,83559.76,2026-08-20,SETTLED
TXN-94546,ACC-1110,242398.58,2026-07-11,SETTLED
TXN-25706,ACC-1127,77513.82,2026-08-07,SETTLED
TXN-18174,ACC-1243,428743.46,2026-07-15,SETTLED
TXN-07321,ACC-1341,208450.93,2026-07-01,PENDING
TXN-23611,ACC-1235,178549.56,2026-08-06,SETTLED
TXN-94036,ACC-1237,5622.31,2026-07-27,PENDING
TXN-63615,ACC-1123,454452.55,2026-08-23,SETTLED
TXN-51705,ACC-1323,215161.51,2026-08-21,PENDING
TXN-01499,ACC-1127,491812.89,2026-08-14,PENDING
TXN-27109,ACC-1314,37861.63,2026-07-14,SETTLED
TXN-36813,ACC-1223,79017.52,2026-07-20,PROCESSING
TXN-88814,ACC-1020,244047.26,2026-08-19,SETTLED
TXN-30575,ACC-1398,98809.53,2026-07-01,SETTLED
TXN-93210,ACC-1030,320994.48,2026-07-28,SETTLED
TXN-26794,ACC-1336,165364.74,2026-07-13,SETTLED
TXN-80023,ACC-1128,334789.62,2026-07-18,SETTLED
TXN-61787,ACC-1376,481098.07,2026-07-18,SETTLED
TXN-61720,ACC-1337,75703.16,2026-07-19,PENDING
TXN-96970,ACC-1396,373161.92,2026-07-19,PENDING
TXN-47166,ACC-1098,223118.99,2026-07-20,SETTLED
TXN-87268,ACC-1156,493962.97,2026-08-04,PROCESSING
TXN-55492,ACC-1116,57745.92,2026-07-23,SETTLED
TXN-98827,ACC-1060,74925.46,2026-07-09,SETTLED
TXN-73402,ACC-1201,414493.63,2026-08-06,SETTLED
TXN-60254,ACC-1178,118309.00,2026-07-09,PENDING
TXN-75462,ACC-1128,135020.61,2026-08-27,PROCESSING
TXN-91314,ACC-1077,393951.82,2026-08-29,SETTLED
TXN-17792,ACC-1396,117942.60,2026-08-19,PENDING
TXN-22297,ACC-1341,357976.41,2026-06-30,SETTLED
TXN-66751,ACC-1256,365826.94,2026-07-14,PENDING
TXN-98364,ACC-1110,23007.11,2026-06-30,PENDING
TXN-73007,ACC-1023,226091.04,2026-08-11,SETTLED
TXN-82520,ACC-1151,156453.53,2026-07-02,PENDING
TXN-03240,ACC-1233,459561.40,2026-08-23,SETTLED
TXN-79332,ACC-1238,15736.62,2026-08-13,SETTLED
TXN-01043,ACC-1272,470128.79,2026-08-06,PROCESSING
TXN-39003,ACC-1325,371878.17,2026-08-13,PENDING
TXN-10317,ACC-1129,429857.28,2026-08-26,SETTLED
TXN-56126,ACC-1206,19071.77,2026-07-06,SETTLED
TXN-94108,ACC-1003,138503.10,2026-07-01,SETTLED
TXN-93557,ACC-1044,462931.11,2026-08-17,SETTLED
TXN-41080,ACC-1128,239851.72,2026-07-26,SETTLED
TXN-66140,ACC-1244,142668.13,2026-07-25,SETTLED
TXN-86115,ACC-1155,286281.19,2026-06-30,PROCESSING
TXN-27352,ACC-1284,238961.85,2026-07-14,SETTLED
TXN-20342,ACC-1141,391356.82,2026-08-12,PROCESSING
TXN-60764,ACC-1088,220484.07,2026-08-01,SETTLED
TXN-77485,ACC-1328,486729.93,2026-08-18,PROCESSING
TXN-28662,ACC-1024,265138.17,2026-07-08,PENDING
TXN-58931,ACC-1279,364417.98,2026-08-22,SETTLED
TXN-80200,ACC-1244,42512.52,2026-07-28,SETTLED
TXN-89370,ACC-1157,88618.99,2026-08-24,SETTLED
TXN-69286,ACC-1023,393258.74,2026-08-06,PROCESSING
TXN-30641,ACC-1271,273686.17,2026-07-26,SETTLED
TXN-13455,ACC-1260,420932.02,2026-07-10,SETTLED
TXN-39440,ACC-1072,133295.26,2026-08-28,SETTLED
TXN-04897,ACC-1341,446782.44,2026-07-09,SETTLED
TXN-80502,ACC-1338,206701.51,2026-07-07,SETTLED
TXN-66927,ACC-1281,475190.08,2026-07-17,SETTLED
TXN-94448,ACC-1291,113517.35,2026-08-29,SETTLED
TXN-84449,ACC-1347,366845.17,2026-08-02,SETTLED
TXN-67153,ACC-1007,375611.31,2026-07-14,PROCESSING
TXN-24473,ACC-1108,134778.43,2026-08-10,SETTLED
TXN-44824,ACC-1314,457183.08,2026-08-17,SETTLED
TXN-50305,ACC-1181,39380.65,2026-08-06,PENDING
TXN-40568,ACC-1363,19334.48,2026-08-26,PROCESSING
TXN-40100,ACC-1015,337698.99,2026-08-11,SETTLED
TXN-80007,ACC-1129,122674.24,2026-08-29,SETTLED
TXN-66139,ACC-1030,477851.14,2026-08-13,PENDING
TXN-06618,ACC-1056,69852.97,2026-08-01,PROCESSING
TXN-69587,ACC-1013,374370.64,2026-07-24,SETTLED
TXN-13385,ACC-1082,259048.58,2026-08-27,PROCESSING
TXN-04997,ACC-1027,389267.84,2026-07-01,SETTLED
TXN-13619,ACC-1001,127490.59,2026-07-10,SETTLED
TXN-41303,ACC-1244,109539.75,2026-08-02,SETTLED
TXN-23290,ACC-1129,388169.14,2026-08-14,SETTLED
TXN-39931,ACC-1391,79084.96,2026-07-23,SETTLED
TXN-73103,ACC-1097,371914.24,2026-08-11,PROCESSING
TXN-16848,ACC-1059,53159.65,2026-08-24,SETTLED
TXN-14044,ACC-1294,243113.53,2026-08-02,SETTLED
TXN-44794,ACC-1003,410845.78,2026-08-21,SETTLED
TXN-34354,ACC-1333,172297.12,2026-08-08,PROCESSING
TXN-04778,ACC-1188,118517.91,2026-07-06,SETTLED
TXN-65848,ACC-1346,162118.27,2026-07-10,SETTLED
TXN-26039,ACC-1290,130374.16,2026-08-11,SETTLED
TXN-31867,ACC-1281,377224.28,2026-07-26,SETTLED
TXN-27419,ACC-1100,434117.22,2026-08-23,SETTLED
TXN-54958,ACC-1023,410885.02,2026-08-15,SETTLED
TXN-48742,ACC-1270,484369.61,2026-07-26,PROCESSING
TXN-64986,ACC-1341,284628.72,2026-07-04,SETTLED
TXN-59035,ACC-1209,105790.67,2026-06-30,SETTLED
TXN-60034,ACC-1014,497035.77,2026-07-12,PENDING
TXN-78230,ACC-1394,208950.37,2026-07-02,SETTLED
TXN-10017,ACC-1220,81329.13,2026-08-15,SETTLED
TXN-67045,ACC-1295,126616.21,2026-07-09,SETTLED
TXN-27051,ACC-1079,288723.43,2026-07-24,PROCESSING
TXN-59506,ACC-1343,314388.83,2026-07-29,SETTLED
TXN-26420,ACC-1004,320078.16,2026-07-26,SETTLED
TXN-15946,ACC-1065,404100.25,2026-07-04,SETTLED
TXN-66613,ACC-1260,428482.55,2026-07-19,SETTLED
TXN-99252,ACC-1190,151339.71,2026-07-06,SETTLED
TXN-03171,ACC-1270,150210.30,2026-07-22,PROCESSING
TXN-32889,ACC-1048,372829.21,2026-08-19,SETTLED
TXN-19144,ACC-1364,260671.62,2026-08-28,SETTLED
TXN-69571,ACC-1398,342397.50,2026-07-31,SETTLED
TXN-41454,ACC-1129,42137.77,2026-07-23,PROCESSING
TXN-54481,ACC-1355,230626.06,2026-08-05,SETTLED
TXN-25993,ACC-1397,80632.39,2026-08-08,SETTLED
TXN-89986,ACC-1242,415581.63,2026-08-10,SETTLED
TXN-94646,ACC-1041,139224.65,2026-07-05,SETTLED
TXN-13095,ACC-1244,250584.54,2026-07-15,PROCESSING
TXN-10393,ACC-1338,222102.60,2026-07-05,SETTLED
TXN-96910,ACC-1339,17992.55,2026-07-30,SETTLED
TXN-31807,ACC-1122,14411.81,2026-06-30,PROCESSING
TXN-09037,ACC-1328,471495.02,2026-07-02,SETTLED
TXN-22810,ACC-1280,86296.59,2026-07-10,SETTLED
TXN-01176,ACC-1023,160795.73,2026-07-17,PROCESSING
TXN-41040,ACC-1041,260773.03,2026-08-17,PROCESSING
TXN-35656,ACC-1066,189964.86,2026-08-17,SETTLED
TXN-65659,ACC-1180,467843.81,2026-07-30,SETTLED
TXN-23796,ACC-1057,7492.29,2026-08-06,SETTLED
TXN-30457,ACC-1068,201166.82,2026-08-19,SETTLED
TXN-66998,ACC-1198,450768.90,2026-07-07,SETTLED
TXN-05732,ACC-1079,17956.16,2026-07-06,SETTLED
TXN-51976,ACC-1090,402404.23,2026-07-19,SETTLED
TXN-81538,ACC-1117,216909.83,2026-08-08,SETTLED
TXN-91348,ACC-1342,308250.86,2026-07-21,PENDING
TXN-87741,ACC-1082,241948.55,2026-08-21,SETTLED
TXN-80789,ACC-1253,317825.58,2026-07-21,SETTLED
TXN-52686,ACC-1100,134726.30,2026-07-03,SETTLED
TXN-62134,ACC-1398,469326.26,2026-08-19,SETTLED
TXN-52454,ACC-1377,17034.48,2026-07-31,SETTLED
TXN-72234,ACC-1112,307566.32,2026-08-12,SETTLED
TXN-10759,ACC-1232,78876.60,2026-07-25,SETTLED
TXN-27914,ACC-1198,455799.28,2026-07-28,SETTLED
TXN-91553,ACC-1242,294501.64,2026-07-29,PROCESSING
TXN-01339,ACC-1087,248091.81,2026-08-07,PROCESSING
TXN-12499,ACC-1289,427442.84,2026-08-11,PROCESSING
TXN-65232,ACC-1282,193209.07,2026-08-24,SETTLED
TXN-62775,ACC-1242,178451.59,2026-07-12,PENDING
TXN-17058,ACC-1186,220283.14,2026-08-19,PENDING
TXN-55467,ACC-1063,352070.55,2026-08-25,SETTLED
TXN-86614,ACC-1217,250975.43,2026-07-19,SETTLED
TXN-23483,ACC-1276,272679.42,2026-08-09,SETTLED
TXN-23762,ACC-1174,267859.02,2026-07-01,PROCESSING
TXN-37707,ACC-1307,499675.45,2026-08-12,SETTLED
TXN-52480,ACC-1081,52964.89,2026-07-28,PROCESSING
TXN-63280,ACC-1147,448203.84,2026-08-23,SETTLED
TXN-47680,ACC-1290,177963.13,2026-08-06,PROCESSING
TXN-56613,ACC-1045,321660.89,2026-07-25,SETTLED
TXN-84377,ACC-1113,217610.04,2026-07-22,PENDING
TXN-36421,ACC-1010,232106.49,2026-08-03,PENDING
TXN-11386,ACC-1290,307761.51,2026-07-18,SETTLED
TXN-42051,ACC-1056,387505.95,2026-07-14,SETTLED
TXN-23929,ACC-1075,372251.59,2026-07-30,SETTLED
TXN-29081,ACC-1154,181914.89,2026-07-10,PENDING
TXN-32430,ACC-1108,286362.42,2026-08-24,PROCESSING
TXN-62490,ACC-1339,409296.28,2026-07-31,SETTLED
TXN-59936,ACC-1077,404021.24,2026-08-25,SETTLED
TXN-84967,ACC-1164,448283.81,2026-08-03,SETTLED
TXN-66032,ACC-1219,335382.53,2026-06-30,SETTLED
TXN-90195,ACC-1220,136288.38,2026-07-03,PENDING
TXN-28466,ACC-1312,17319.62,2026-07-16,SETTLED
TXN-06704,ACC-1290,409260.02,2026-07-27,PROCESSING
TXN-75516,ACC-1159,155070.33,2026-07-21,SETTLED
TXN-13825,ACC-1019,232170.97,2026-08-10,SETTLED
TXN-70641,ACC-1362,141527.72,2026-07-10,SETTLED
TXN-79894,ACC-1062,121427.69,2026-07-01,PENDING
TXN-06770,ACC-1144,344390.11,2026-07-23,SETTLED
TXN-19612,ACC-1399,355908.72,2026-08-07,PROCESSING
TXN-57410,ACC-1362,292542.90,2026-08-17,SETTLED
TXN-95170,ACC-1101,252679.40,2026-07-24,SETTLED
TXN-12110,ACC-1388,46260.38,2026-07-11,PENDING
TXN-59380,ACC-1356,371717.47,2026-08-08,SETTLED
TXN-75117,ACC-1174,331967.81,2026-07-06,SETTLED
TXN-19189,ACC-1095,41425.65,2026-08-10,SETTLED
TXN-20425,ACC-1101,322699.53,2026-07-12,PENDING
TXN-43403,ACC-1067,408399.00,2026-07-01,PROCESSING
TXN-36833,ACC-1240,407538.81,2026-07-16,SETTLED
TXN-11290,ACC-1038,214551.48,2026-08-09,PENDING
TXN-47100,ACC-1308,433451.16,2026-07-19,SETTLED
TXN-86399,ACC-1333,383337.26,2026-07-24,SETTLED
TXN-17957,ACC-1111,177418.18,2026-07-28,SETTLED
TXN-04491,ACC-1080,456368.17,2026-08-17,SETTLED
TXN-18910,ACC-1116,338879.10,2026-07-23,SETTLED
TXN-93083,ACC-1373,208372.09,2026-08-05,PENDING
TXN-82569,ACC-1052,32092.65,2026-06-30,SETTLED
TXN-19688,ACC-1196,148293.36,2026-08-13,SETTLED
TXN-41688,ACC-1314,394448.25,2026-07-11,SETTLED
TXN-35837,ACC-1005,422280.51,2026-08-02,SETTLED
TXN-83954,ACC-1034,493966.68,2026-08-12,PENDING
TXN-11901,ACC-1355,277688.58,2026-08-09,SETTLED
TXN-89829,ACC-1274,93614.73,2026-07-01,PENDING
TXN-84286,ACC-1160,230941.05,2026-07-04,SETTLED
TXN-52524,ACC-1245,169366.39,2026-08-29,SETTLED
TXN-22720,ACC-1053,259767.13,2026-07-17,SETTLED
TXN-55080,ACC-1091,190079.84,2026-07-19,PENDING
TXN-32473,ACC-1020,273429.34,2026-07-12,SETTLED
TXN-92928,ACC-1083,103008.91,2026-08-12,PROCESSING
TXN-99542,ACC-1238,392578.83,2026-07-29,SETTLED
TXN-17842,ACC-1329,457049.36,2026-08-09,SETTLED
TXN-53086,ACC-1231,410718.78,2026-07-15,SETTLED
TXN-42521,ACC-1247,402149.92,2026-07-23,SETTLED
TXN-98938,ACC-1364,323489.67,2026-08-25,SETTLED
TXN-16870,ACC-1021,464465.97,2026-07-10,PROCESSING
TXN-88944,ACC-1380,141854.38,2026-07-08,SETTLED
TXN-66507,ACC-1015,306119.97,2026-07-11,SETTLED
TXN-24869,ACC-1202,245325.76,2026-07-25,SETTLED
TXN-31682,ACC-1330,293045.76,2026-08-10,PROCESSING
TXN-80758,ACC-1111,343543.69,2026-07-02,SETTLED
TXN-51076,ACC-1103,104303.99,2026-07-06,SETTLED
TXN-95274,ACC-1293,25350.16,2026-07-17,SETTLED
TXN-59970,ACC-1151,492706.12,2026-07-16,PENDING
TXN-98219,ACC-1043,41236.04,2026-07-25,SETTLED
TXN-30955,ACC-1078,145486.89,2026-08-28,PENDING
TXN-02622,ACC-1067,380676.29,2026-08-02,SETTLED
TXN-04599,ACC-1005,192149.24,2026-08-11,PROCESSING
TXN-63082,ACC-1268,409817.54,2026-07-20,PENDING
TXN-34090,ACC-1309,30581.21,2026-08-13,SETTLED
TXN-54374,ACC-1311,25119.98,2026-08-21,SETTLED
TXN-41183,ACC-1047,54431.61,2026-08-29,SETTLED
TXN-54745,ACC-1151,464808.19,2026-07-08,SETTLED
TXN-70558,ACC-1096,494690.01,2026-07-15,SETTLED
TXN-37135,ACC-1215,236733.14,2026-07-05,SETTLED
TXN-04705,ACC-1268,328516.50,2026-07-30,SETTLED
TXN-10330,ACC-1093,435253.47,2026-07-12,PENDING
TXN-36952,ACC-1253,451416.10,2026-07-13,PROCESSING
TXN-25826,ACC-1127,317840.21,2026-08-11,PROCESSING
TXN-52553,ACC-1111,180823.98,2026-07-09,SETTLED
TXN-67403,ACC-1051,472407.43,2026-07-14,PENDING
TXN-69392,ACC-1321,65206.88,2026-08-15,SETTLED
TXN-06197,ACC-1331,258865.41,2026-06-30,PENDING
TXN-54786,ACC-1046,284472.55,2026-07-27,SETTLED
TXN-64568,ACC-1259,492042.66,2026-07-25,SETTLED
TXN-86103,ACC-1096,89732.96,2026-07-28,SETTLED
TXN-32403,ACC-1368,493804.32,2026-07-09,SETTLED
TXN-41578,ACC-1230,235387.77,2026-08-26,SETTLED
TXN-19263,ACC-1016,369719.24,2026-08-04,PENDING
TXN-18632,ACC-1060,244156.89,2026-07-24,SETTLED
TXN-16227,ACC-1265,213751.72,2026-07-06,PENDING
TXN-82169,ACC-1157,225910.60,2026-07-03,SETTLED
TXN-05844,ACC-1066,244848.68,2026-07-15,SETTLED
TXN-03257,ACC-1092,264552.39,2026-07-14,PROCESSING
TXN-99302,ACC-1079,387298.37,2026-07-23,SETTLED
TXN-46124,ACC-1027,312117.59,2026-07-31,SETTLED
TXN-40751,ACC-1303,459732.38,2026-07-16,SETTLED
TXN-69250,ACC-1169,255884.81,2026-07-24,PROCESSING
TXN-35994,ACC-1321,237243.36,2026-07-20,SETTLED
TXN-06180,ACC-1396,384204.14,2026-07-22,SETTLED
TXN-09209,ACC-1307,383162.88,2026-07-12,PENDING
TXN-49987,ACC-1182,376081.45,2026-07-25,SETTLED
TXN-25894,ACC-1130,182113.01,2026-08-13,SETTLED
TXN-63398,ACC-1141,206587.08,2026-07-16,SETTLED
TXN-35255,ACC-1172,434783.57,2026-08-24,SETTLED
TXN-96797,ACC-1271,94854.72,2026-08-23,PROCESSING
TXN-90715,ACC-1052,452432.92,2026-08-11,SETTLED
TXN-20164,ACC-1347,275612.78,2026-08-28,SETTLED
TXN-29445,ACC-1012,479293.23,2026-07-21,SETTLED
TXN-60955,ACC-1246,397284.68,2026-07-08,PROCESSING
TXN-60690,ACC-1049,387235.46,2026-07-23,SETTLED
TXN-65992,ACC-1208,29549.14,2026-07-23,SETTLED
TXN-27075,ACC-1069,197034.50,2026-07-24,SETTLED
TXN-89297,ACC-1173,124148.39,2026-07-14,PENDING
TXN-46261,ACC-1166,112625.64,2026-07-06,SETTLED
TXN-14444,ACC-1247,17420.42,2026-07-25,SETTLED
TXN-55733,ACC-1176,255685.42,2026-07-31,SETTLED
TXN-32786,ACC-1370,108585.78,2026-08-14,SETTLED
TXN-98586,ACC-1246,218263.41,2026-07-23,SETTLED
TXN-18015,ACC-1063,297540.93,2026-07-21,SETTLED
TXN-92323,ACC-1293,410698.89,2026-07-21,SETTLED
TXN-46810,ACC-1355,151056.53,2026-07-27,SETTLED
TXN-60503,ACC-1399,308479.47,2026-07-20,SETTLED
TXN-89896,ACC-1308,441505.49,2026-07-29,PROCESSING
TXN-83420,ACC-1041,468616.73,2026-08-13,SETTLED
TXN-78408,ACC-1190,377379.95,2026-07-25,PROCESSING
TXN-70475,ACC-1234,382104.58,2026-07-31,SETTLED
TXN-21013,ACC-1023,231839.12,2026-07-07,SETTLED
TXN-35353,ACC-1246,353622.29,2026-08-18,PROCESSING
TXN-62144,ACC-1058,296591.07,2026-07-29,SETTLED
TXN-24603,ACC-1307,293957.18,2026-07-20,SETTLED
TXN-72645,ACC-1373,11575.63,2026-08-03,SETTLED
TXN-08124,ACC-1380,444418.53,2026-07-28,SETTLED
TXN-23436,ACC-1111,290138.03,2026-08-24,SETTLED
TXN-92452,ACC-1156,272541.81,2026-07-18,SETTLED
TXN-43107,ACC-1366,312876.46,2026-07-30,PENDING
TXN-11428,ACC-1093,470377.19,2026-07-11,SETTLED
TXN-66540,ACC-1269,269380.69,2026-07-01,SETTLED
TXN-64449,ACC-1343,487589.32,2026-07-31,PROCESSING
TXN-13764,ACC-1259,148324.41,2026-08-17,SETTLED
TXN-11777,ACC-1334,93546.25,2026-08-04,SETTLED
TXN-45454,ACC-1246,411031.64,2026-07-25,PENDING
TXN-42441,ACC-1223,478260.11,2026-07-04,PROCESSING
TXN-20828,ACC-1262,7807.62,2026-08-23,SETTLED
TXN-83636,ACC-1209,374596.13,2026-08-24,PROCESSING
TXN-05962,ACC-1342,6697.38,2026-07-24,SETTLED
TXN-65850,ACC-1023,223278.01,2026-06-30,SETTLED
TXN-60832,ACC-1265,177637.29,2026-07-09,PENDING
TXN-18444,ACC-1016,42933.04,2026-07-17,SETTLED
TXN-21305,ACC-1054,499078.14,2026-07-06,SETTLED
TXN-89026,ACC-1196,392517.45,2026-07-25,SETTLED
TXN-74294,ACC-1150,385866.12,2026-07-05,SETTLED
TXN-24963,ACC-1315,363269.08,2026-07-05,PENDING
TXN-94315,ACC-1001,125823.45,2026-07-24,SETTLED
TXN-22708,ACC-1038,31247.74,2026-06-30,SETTLED
TXN-05862,ACC-1045,164273.80,2026-08-29,SETTLED
TXN-94689,ACC-1261,254572.60,2026-07-24,SETTLED
TXN-59958,ACC-1210,168277.40,2026-07-06,SETTLED
TXN-46099,ACC-1205,448012.94,2026-08-25,SETTLED
TXN-47670,ACC-1005,134427.82,2026-07-12,SETTLED
TXN-69459,ACC-1029,145369.72,2026-07-25,PENDING
TXN-23258,ACC-1225,466701.18,2026-08-04,PROCESSING
TXN-65471,ACC-1221,53351.29,2026-08-29,PENDING
TXN-26176,ACC-1164,296976.05,2026-08-25,SETTLED
TXN-28245,ACC-1124,449517.29,2026-08-03,SETTLED
TXN-43944,ACC-1243,72154.86,2026-07-15,SETTLED
TXN-92912,ACC-1166,229614.84,2026-07-27,PENDING
TXN-03915,ACC-1223,176162.73,2026-07-08,PENDING
TXN-52354,ACC-1078,7153.84,2026-08-12,PROCESSING
TXN-64989,ACC-1111,232368.77,2026-07-11,SETTLED
TXN-04467,ACC-1204,457716.99,2026-07-15,PENDING
TXN-33027,ACC-1022,215384.78,2026-08-10,SETTLED
TXN-33509,ACC-1396,209765.80,2026-08-26,SETTLED
TXN-16633,ACC-1315,5456.20,2026-07-20,PENDING
TXN-91664,ACC-1146,135698.51,2026-07-16,PROCESSING
TXN-20872,ACC-1127,98312.33,2026-07-13,SETTLED
TXN-61364,ACC-1299,470569.59,2026-08-25,SETTLED
TXN-91563,ACC-1347,72992.33,2026-08-27,PENDING
TXN-03512,ACC-1205,399761.56,2026-08-10,PENDING
TXN-41622,ACC-1051,214654.48,2026-08-18,SETTLED
TXN-33352,ACC-1099,134329.76,2026-07-26,PENDING
TXN-56724,ACC-1145,118706.33,2026-07-06,PROCESSING
TXN-70714,ACC-1342,425435.10,2026-08-08,SETTLED
TXN-92849,ACC-1254,226272.80,2026-08-25,PENDING
TXN-48100,ACC-1197,488718.49,2026-07-11,SETTLED
TXN-27831,ACC-1134,265877.74,2026-08-06,SETTLED
TXN-61004,ACC-1120,167002.51,2026-07-28,SETTLED
TXN-46703,ACC-1135,175619.57,2026-07-25,SETTLED
TXN-73768,ACC-1064,159215.68,2026-08-23,PENDING
TXN-52408,ACC-1166,232270.22,2026-07-23,PROCESSING
TXN-81724,ACC-1067,240693.69,2026-07-24,SETTLED
TXN-71330,ACC-1269,286050.65,2026-07-23,SETTLED
TXN-46074,ACC-1108,64229.62,2026-07-25,PROCESSING
TXN-02805,ACC-1054,97833.20,2026-08-06,PROCESSING
TXN-15340,ACC-1333,421516.90,2026-08-28,PENDING
TXN-86998,ACC-1346,404949.28,2026-07-11,PROCESSING
TXN-92524,ACC-1028,432120.75,2026-07-03,PROCESSING
TXN-22756,ACC-1274,267056.99,2026-07-15,SETTLED
TXN-79464,ACC-1087,393655.06,2026-08-07,SETTLED
TXN-36343,ACC-1084,254806.90,2026-07-12,PENDING
TXN-55765,ACC-1153,321285.95,2026-07-05,SETTLED
TXN-61173,ACC-1130,431109.67,2026-07-21,SETTLED
TXN-71095,ACC-1247,390241.32,2026-07-18,PENDING
TXN-12411,ACC-1329,217926.48,2026-08-24,SETTLED
TXN-94415,ACC-1093,169187.92,2026-08-08,SETTLED
TXN-83965,ACC-1313,444746.28,2026-08-14,SETTLED
TXN-26385,ACC-1235,31145.35,2026-08-01,SETTLED
TXN-40980,ACC-1047,495842.05,2026-08-13,SETTLED
TXN-30897,ACC-1330,421434.67,2026-07-10,PROCESSING
TXN-69476,ACC-1158,92717.13,2026-08-11,SETTLED
TXN-77698,ACC-1020,296362.25,2026-08-27,SETTLED
TXN-75744,ACC-1031,475090.68,2026-07-06,PROCESSING
TXN-14815,ACC-1179,88930.35,2026-08-21,PROCESSING
TXN-96874,ACC-1174,499935.65,2026-07-14,PENDING
TXN-19734,ACC-1075,393266.21,2026-07-31,SETTLED
TXN-49603,ACC-1185,87812.09,2026-07-01,SETTLED
TXN-66313,ACC-1125,355757.23,2026-08-05,PROCESSING
TXN-47874,ACC-1247,17173.38,2026-07-25,PROCESSING
TXN-20658,ACC-1005,146201.46,2026-08-27,PROCESSING
TXN-47417,ACC-1100,406706.87,2026-07-21,SETTLED
TXN-83703,ACC-1241,94325.39,2026-08-26,SETTLED
TXN-23218,ACC-1215,289689.17,2026-07-03,SETTLED
TXN-31361,ACC-1204,273462.18,2026-07-21,SETTLED
TXN-76819,ACC-1095,86986.22,2026-07-24,PENDING
TXN-56219,ACC-1259,236475.15,2026-08-17,SETTLED
TXN-48320,ACC-1196,492338.90,2026-07-30,SETTLED
TXN-53239,ACC-1113,393594.77,2026-07-31,SETTLED
TXN-91123,ACC-1329,253195.09,2026-08-25,SETTLED
TXN-37240,ACC-1186,90396.15,2026-07-25,PENDING
TXN-56896,ACC-1179,311584.31,2026-07-01,SETTLED
TXN-85499,ACC-1213,181147.66,2026-07-12,SETTLED
TXN-14429,ACC-1162,490437.63,2026-08-26,SETTLED
TXN-24848,ACC-1303,180097.95,2026-07-23,PENDING
TXN-32406,ACC-1260,150477.59,2026-07-22,SETTLED
TXN-06859,ACC-1004,151407.81,2026-07-30,SETTLED
TXN-60131,ACC-1366,114572.72,2026-08-11,SETTLED
TXN-48146,ACC-1171,71564.67,2026-07-23,SETTLED
TXN-43285,ACC-1035,292721.94,2026-07-09,SETTLED
TXN-15956,ACC-1170,469238.28,2026-07-09,PROCESSING
TXN-32707,ACC-1089,314287.76,2026-08-28,PENDING
TXN-33386,ACC-1275,423525.29,2026-08-19,PENDING
TXN-67030,ACC-1360,21185.74,2026-08-03,PROCESSING
TXN-82210,ACC-1017,261704.69,2026-07-09,SETTLED
TXN-89071,ACC-1395,481204.83,2026-08-04,SETTLED
TXN-82577,ACC-1080,357384.42,2026-08-22,SETTLED
TXN-01681,ACC-1361,477790.16,2026-08-15,SETTLED
TXN-76955,ACC-1233,43412.01,2026-08-03,PROCESSING
TXN-84050,ACC-1182,85343.92,2026-08-07,SETTLED
TXN-92277,ACC-1351,17408.13,2026-07-02,SETTLED
TXN-53394,ACC-1195,291527.22,2026-07-30,SETTLED
TXN-97801,ACC-1169,334415.64,2026-08-03,PROCESSING
TXN-37192,ACC-1031,285210.77,2026-08-27,SETTLED
TXN-24730,ACC-1155,254760.02,2026-07-20,SETTLED
TXN-98226,ACC-1184,151795.03,2026-08-12,SETTLED
TXN-54834,ACC-1055,295274.86,2026-08-11,SETTLED
TXN-16170,ACC-1170,396906.94,2026-07-03,SETTLED
TXN-83619,ACC-1363,435841.23,2026-07-28,SETTLED
TXN-86259,ACC-1301,117319.56,2026-08-16,SETTLED
TXN-70095,ACC-1115,176679.28,2026-07-21,PROCESSING
TXN-14612,ACC-1048,367463.24,2026-08-26,SETTLED
TXN-52541,ACC-1053,23368.12,2026-08-20,PENDING
TXN-58167,ACC-1209,130043.46,2026-08-05,SETTLED
TXN-36556,ACC-1304,87705.50,2026-07-02,SETTLED
TXN-78503,ACC-1070,73158.28,2026-08-26,SETTLED
TXN-74874,ACC-1316,151700.98,2026-07-31,PROCESSING
TXN-63023,ACC-1393,384325.77,2026-08-21,SETTLED
TXN-81756,ACC-1026,129153.75,2026-08-12,PROCESSING
TXN-55684,ACC-1250,260675.78,2026-08-21,SETTLED
TXN-09316,ACC-1335,489302.45,2026-08-01,SETTLED
TXN-38319,ACC-1165,414100.53,2026-07-26,PENDING
TXN-84858,ACC-1215,497615.53,2026-08-07,PENDING
TXN-99672,ACC-1283,465038.14,2026-08-18,SETTLED
TXN-93091,ACC-1354,191227.58,2026-08-17,SETTLED
TXN-99293,ACC-1212,69743.02,2026-07-31,SETTLED
TXN-58018,ACC-1323,419072.30,2026-07-22,SETTLED
TXN-80764,ACC-1280,101920.24,2026-07-26,SETTLED
TXN-17234,ACC-1078,298922.14,2026-07-05,SETTLED
TXN-10530,ACC-1198,73881.02,2026-08-23,PENDING
TXN-95830,ACC-1041,191019.65,2026-07-04,SETTLED
TXN-71117,ACC-1305,187039.59,2026-08-21,SETTLED
TXN-87547,ACC-1208,245923.47,2026-08-04,PENDING
TXN-63553,ACC-1333,295595.71,2026-07-10,SETTLED
TXN-73619,ACC-1230,285560.90,2026-07-11,SETTLED
TXN-67827,ACC-1375,493716.26,2026-07-05,SETTLED
TXN-77980,ACC-1308,149237.55,2026-07-29,SETTLED
TXN-37850,ACC-1044,92691.73,2026-08-04,SETTLED
TXN-35240,ACC-1120,325122.03,2026-08-05,SETTLED
TXN-41455,ACC-1234,244797.25,2026-08-17,SETTLED
TXN-51406,ACC-1232,220009.51,2026-07-21,SETTLED
TXN-34254,ACC-1290,443204.04,2026-07-20,SETTLED
TXN-49086,ACC-1077,44432.93,2026-07-28,SETTLED
TXN-09325,ACC-1174,303363.26,2026-07-01,SETTLED
TXN-67235,ACC-1378,135746.03,2026-08-25,SETTLED
TXN-99036,ACC-1351,56969.00,2026-08-24,PENDING
TXN-02914,ACC-1095,410921.82,2026-08-04,SETTLED
TXN-86931,ACC-1266,47883.97,2026-08-21,SETTLED
TXN-97456,ACC-1312,90883.42,2026-08-13,SETTLED
TXN-03103,ACC-1237,206035.26,2026-07-11,PROCESSING
TXN-14460,ACC-1085,322151.57,2026-07-20,SETTLED
TXN-37914,ACC-1310,90545.90,2026-07-05,SETTLED
TXN-96346,ACC-1226,313109.27,2026-07-12,SETTLED
TXN-59481,ACC-1279,186977.02,2026-08-17,SETTLED
TXN-02177,ACC-1384,302875.00,2026-07-12,SETTLED
TXN-67985,ACC-1017,162409.16,2026-07-24,PROCESSING
TXN-54590,ACC-1336,454050.29,2026-08-02,SETTLED
TXN-93819,ACC-1183,171859.52,2026-07-05,SETTLED
TXN-75389,ACC-1201,52358.05,2026-08-02,SETTLED
TXN-34564,ACC-1287,288357.09,2026-08-11,PENDING
TXN-48224,ACC-1137,291219.06,2026-07-09,SETTLED
TXN-23484,ACC-1059,126413.24,2026-08-29,SETTLED
TXN-37547,ACC-1147,424992.35,2026-07-02,SETTLED
TXN-04736,ACC-1236,348001.23,2026-07-04,SETTLED
TXN-02140,ACC-1050,97156.77,2026-07-25,PENDING
TXN-70264,ACC-1340,265876.97,2026-08-19,SETTLED
TXN-32074,ACC-1165,110016.95,2026-07-15,PENDING
TXN-54456,ACC-1211,354522.79,2026-08-04,SETTLED
TXN-36708,ACC-1095,20574.78,2026-08-09,SETTLED
TXN-01335,ACC-1296,28371.14,2026-07-14,SETTLED
TXN-36108,ACC-1203,153257.40,2026-08-05,PENDING
TXN-55268,ACC-1230,70806.47,2026-07-20,SETTLED
TXN-91165,ACC-1156,176160.81,2026-07-27,SETTLED
TXN-62610,ACC-1203,215627.29,2026-08-28,PROCESSING
TXN-33037,ACC-1156,252935.42,2026-08-27,PENDING
TXN-93732,ACC-1356,50140.23,2026-08-20,SETTLED
TXN-20747,ACC-1137,77299.29,2026-08-17,SETTLED
TXN-67028,ACC-1135,401852.99,2026-07-18,SETTLED
TXN-31788,ACC-1356,244788.36,2026-08-06,SETTLED
TXN-87144,ACC-1076,360483.47,2026-08-23,PROCESSING
TXN-70257,ACC-1000,121096.56,2026-08-13,SETTLED
TXN-76674,ACC-1049,460087.97,2026-08-14,SETTLED
TXN-31652,ACC-1075,398104.65,2026-08-18,SETTLED
TXN-76473,ACC-1385,498930.91,2026-07-16,SETTLED
TXN-80131,ACC-1241,243949.02,2026-07-25,SETTLED
TXN-14677,ACC-1108,458049.86,2026-07-23,SETTLED
TXN-55907,ACC-1244,6774.73,2026-08-04,SETTLED
TXN-46781,ACC-1262,372073.64,2026-07-23,PROCESSING
TXN-85344,ACC-1279,481149.55,2026-06-30,SETTLED
TXN-56949,ACC-1144,325402.02,2026-07-04,SETTLED
TXN-01144,ACC-1232,461906.30,2026-08-18,SETTLED
TXN-67486,ACC-1041,51697.49,2026-06-30,SETTLED
TXN-55177,ACC-1000,277444.92,2026-08-09,SETTLED
TXN-83181,ACC-1078,203442.81,2026-07-12,SETTLED
TXN-44295,ACC-1010,12576.39,2026-08-25,PROCESSING
TXN-39474,ACC-1353,217823.84,2026-08-10,SETTLED
TXN-87916,ACC-1276,475647.55,2026-08-15,SETTLED
TXN-26764,ACC-1384,170274.13,2026-07-08,SETTLED
TXN-30246,ACC-1214,493509.16,2026-07-25,SETTLED
TXN-70184,ACC-1158,466437.43,2026-08-17,PENDING
TXN-29776,ACC-1324,234970.89,2026-08-07,SETTLED
TXN-55892,ACC-1389,234540.52,2026-08-29,SETTLED
TXN-75881,ACC-1362,156027.55,2026-08-06,PENDING
TXN-45626,ACC-1348,71539.30,2026-08-08,SETTLED
TXN-19494,ACC-1113,81577.22,2026-08-15,SETTLED
TXN-63253,ACC-1026,440537.42,2026-07-21,SETTLED
TXN-62910,ACC-1220,107015.19,2026-07-23,SETTLED
TXN-08256,ACC-1122,468385.94,2026-07-25,SETTLED
TXN-28317,ACC-1233,241008.15,2026-07-12,SETTLED
TXN-68676,ACC-1120,18395.90,2026-07-16,SETTLED
TXN-30708,ACC-1090,249361.32,2026-07-27,PENDING
TXN-92924,ACC-1129,110192.45,2026-07-14,SETTLED
TXN-42413,ACC-1076,494393.21,2026-08-07,PENDING
TXN-68631,ACC-1004,343624.90,2026-07-19,SETTLED
TXN-26207,ACC-1281,405733.53,2026-08-28,SETTLED
TXN-65891,ACC-1146,484539.87,2026-07-21,SETTLED
TXN-46324,ACC-1206,7604.51,2026-08-16,SETTLED
TXN-79281,ACC-1216,54875.91,2026-08-25,SETTLED
TXN-68766,ACC-1124,273917.20,2026-08-16,PENDING
TXN-53040,ACC-1370,178483.52,2026-08-08,PENDING
TXN-73853,ACC-1214,447186.85,2026-08-17,SETTLED
TXN-12355,ACC-1181,161692.44,2026-07-20,PROCESSING
TXN-52318,ACC-1097,18170.38,2026-08-25,PROCESSING
TXN-25815,ACC-1196,49769.59,2026-08-28,SETTLED
TXN-94079,ACC-1335,475899.93,2026-07-11,SETTLED
TXN-84544,ACC-1236,93932.81,2026-08-26,PROCESSING
TXN-58136,ACC-1330,432896.73,2026-08-08,SETTLED
TXN-86941,ACC-1143,400766.47,2026-07-08,PROCESSING
TXN-46804,ACC-1386,118361.79,2026-08-25,SETTLED
TXN-35432,ACC-1347,77344.95,2026-08-27,PENDING
TXN-65048,ACC-1192,121986.69,2026-08-12,PENDING
TXN-30469,ACC-1235,434348.43,2026-08-25,SETTLED
TXN-53823,ACC-1117,291577.21,2026-08-20,SETTLED
TXN-81392,ACC-1377,499780.29,2026-07-29,PENDING
TXN-01857,ACC-1179,419460.92,2026-08-16,PROCESSING
TXN-04258,ACC-1327,360165.74,2026-07-07,PENDING
TXN-91948,ACC-1147,146834.41,2026-08-19,PROCESSING
TXN-66787,ACC-1119,129083.24,2026-07-08,SETTLED
TXN-98040,ACC-1134,399566.03,2026-08-19,SETTLED
TXN-93129,ACC-1346,383697.23,2026-07-03,SETTLED
TXN-78713,ACC-1190,471911.01,2026-07-10,SETTLED
TXN-66869,ACC-1162,145879.54,2026-08-24,SETTLED
TXN-67261,ACC-1084,26701.16,2026-08-10,SETTLED
TXN-57712,ACC-1002,121439.67,2026-08-20,SETTLED
TXN-70769,ACC-1165,493716.08,2026-08-07,PROCESSING
TXN-88956,ACC-1145,451861.87,2026-07-03,SETTLED
TXN-02095,ACC-1159,57411.77,2026-08-03,SETTLED
TXN-91538,ACC-1351,366847.38,2026-08-13,SETTLED
TXN-87278,ACC-1098,71843.73,2026-08-15,SETTLED
TXN-66633,ACC-1321,9620.28,2026-08-28,PENDING
TXN-96390,ACC-1201,323175.90,2026-08-20,SETTLED
TXN-87424,ACC-1078,37235.37,2026-08-15,SETTLED
TXN-70133,ACC-1126,499306.47,2026-08-11,PENDING
TXN-65524,ACC-1085,156489.97,2026-07-14,SETTLED
TXN-79824,ACC-1142,288677.72,2026-08-01,SETTLED
TXN-68117,ACC-1253,293102.68,2026-07-20,SETTLED
TXN-55863,ACC-1123,327125.80,2026-07-15,SETTLED
TXN-90809,ACC-1314,295112.43,2026-07-14,SETTLED
TXN-43185,ACC-1102,187528.09,2026-07-12,PROCESSING
TXN-48559,ACC-1053,199678.09,2026-08-23,PROCESSING
TXN-72368,ACC-1393,87898.38,2026-08-28,SETTLED
TXN-29148,ACC-1214,183511.43,2026-06-30,SETTLED
TXN-73955,ACC-1058,371540.83,2026-08-26,SETTLED
TXN-42183,ACC-1182,69592.23,2026-07-21,SETTLED
TXN-79108,ACC-1375,332868.87,2026-08-25,PENDING
TXN-61019,ACC-1220,390066.18,2026-07-12,SETTLED
TXN-45019,ACC-1206,61174.91,2026-08-22,SETTLED
TXN-78820,ACC-1044,337563.92,2026-08-21,SETTLED
TXN-55744,ACC-1361,101169.02,2026-07-15,SETTLED
TXN-28748,ACC-1218,253884.47,2026-07-27,SETTLED
TXN-04350,ACC-1061,339651.46,2026-08-04,SETTLED
TXN-88530,ACC-1075,235192.50,2026-08-06,SETTLED
TXN-46575,ACC-1344,312431.39,2026-07-07,SETTLED
TXN-29161,ACC-1208,314712.88,2026-08-22,SETTLED
TXN-26962,ACC-1396,24979.42,2026-08-07,SETTLED
TXN-04220,ACC-1029,259491.44,2026-07-15,SETTLED
TXN-62265,ACC-1295,240727.28,2026-08-10,SETTLED
TXN-26585,ACC-1069,188612.27,2026-08-09,SETTLED
TXN-62084,ACC-1068,352839.81,2026-08-16,PROCESSING
TXN-73063,ACC-1143,490326.81,2026-08-16,PENDING
TXN-33735,ACC-1175,137466.53,2026-07-24,SETTLED
TXN-92944,ACC-1139,408880.21,2026-08-11,SETTLED
TXN-45381,ACC-1045,232815.48,2026-07-07,PROCESSING
TXN-99018,ACC-1259,375152.83,2026-07-19,SETTLED
TXN-01423,ACC-1024,421389.54,2026-08-25,PENDING
TXN-91793,ACC-1311,450319.95,2026-08-18,SETTLED
TXN-86743,ACC-1011,422785.31,2026-08-01,SETTLED
TXN-22058,ACC-1129,419075.19,2026-08-25,PENDING
TXN-53574,ACC-1278,79055.00,2026-08-16,PROCESSING
TXN-36706,ACC-1212,330666.89,2026-07-14,SETTLED
TXN-83179,ACC-1079,341994.25,2026-07-03,SETTLED
TXN-96082,ACC-1368,287673.06,2026-07-02,SETTLED
TXN-52749,ACC-1212,482913.41,2026-07-11,PROCESSING
TXN-62713,ACC-1165,374966.33,2026-08-10,SETTLED
TXN-14484,ACC-1120,300320.11,2026-06-30,SETTLED
TXN-16648,ACC-1194,48457.09,2026-08-10,PROCESSING
TXN-72106,ACC-1057,422386.94,2026-07-28,PROCESSING
TXN-31729,ACC-1256,373764.45,2026-08-12,SETTLED
TXN-81419,ACC-1052,159779.93,2026-07-31,PENDING
TXN-60425,ACC-1326,83864.75,2026-07-25,SETTLED
TXN-48903,ACC-1071,377686.91,2026-08-17,SETTLED
TXN-69480,ACC-1307,39493.74,2026-07-06,SETTLED
TXN-42213,ACC-1204,309058.99,2026-08-10,SETTLED
TXN-09961,ACC-1170,312594.01,2026-07-13,SETTLED
TXN-54681,ACC-1241,326546.30,2026-08-07,SETTLED
TXN-67745,ACC-1097,33556.50,2026-07-23,SETTLED
TXN-13822,ACC-1394,74809.47,2026-08-25,PENDING
TXN-54399,ACC-1385,429880.31,2026-07-04,SETTLED
TXN-91410,ACC-1246,465348.59,2026-08-23,SETTLED
TXN-32087,ACC-1345,422662.00,2026-07-29,SETTLED
TXN-26372,ACC-1209,362886.19,2026-08-14,SETTLED
TXN-31099,ACC-1396,467798.30,2026-08-10,PROCESSING
TXN-81463,ACC-1082,244820.71,2026-08-22,SETTLED
TXN-12340,ACC-1170,263943.61,2026-08-04,PROCESSING
TXN-07031,ACC-1099,29229.79,2026-08-21,SETTLED
TXN-94487,ACC-1362,22773.32,2026-07-03,SETTLED
TXN-42244,ACC-1179,183428.32,2026-08-27,SETTLED
TXN-28669,ACC-1185,350176.34,2026-08-09,SETTLED
TXN-95711,ACC-1261,464502.50,2026-08-16,SETTLED
TXN-79759,ACC-1321,309775.75,2026-08-10,PROCESSING
TXN-24903,ACC-1193,330234.01,2026-08-10,PENDING
TXN-16121,ACC-1251,335478.19,2026-07-14,PROCESSING
TXN-69911,ACC-1207,343653.48,2026-07-07,SETTLED
TXN-98370,ACC-1360,65771.21,2026-08-18,SETTLED
TXN-92288,ACC-1308,41377.01,2026-07-11,PROCESSING
TXN-72706,ACC-1226,351976.59,2026-08-18,SETTLED
TXN-11280,ACC-1007,464596.46,2026-07-08,SETTLED
TXN-44164,ACC-1256,227795.09,2026-08-04,SETTLED
TXN-57030,ACC-1063,302425.47,2026-08-13,SETTLED
TXN-64866,ACC-1296,232698.83,2026-08-10,SETTLED
TXN-06628,ACC-1223,330008.77,2026-06-30,SETTLED
TXN-91384,ACC-1042,376791.11,2026-08-25,SETTLED
TXN-33006,ACC-1242,55629.09,2026-08-06,PROCESSING
TXN-44776,ACC-1367,48738.98,2026-07-21,SETTLED
TXN-24155,ACC-1072,96503.19,2026-07-23,PROCESSING
TXN-41647,ACC-1160,294767.75,2026-08-25,SETTLED
TXN-62915,ACC-1206,426498.52,2026-07-19,SETTLED
TXN-46278,ACC-1086,384000.28,2026-08-25,PENDING
TXN-51441,ACC-1170,334848.94,2026-07-01,PROCESSING
TXN-03001,ACC-1384,499650.48,2026-08-27,PENDING
TXN-02239,ACC-1285,170751.55,2026-07-17,SETTLED
TXN-78191,ACC-1316,434340.40,2026-07-09,SETTLED
TXN-85217,ACC-1332,208239.68,2026-07-16,SETTLED
TXN-04298,ACC-1313,204052.08,2026-08-22,SETTLED
TXN-68205,ACC-1294,211590.81,2026-08-11,SETTLED
TXN-01601,ACC-1364,29214.85,2026-08-09,SETTLED
TXN-02024,ACC-1259,396489.82,2026-08-08,SETTLED
TXN-17642,ACC-1327,152639.74,2026-08-15,PENDING
TXN-72831,ACC-1201,229783.22,2026-07-14,PENDING
TXN-13884,ACC-1057,169261.08,2026-07-27,PENDING
TXN-31861,ACC-1105,322843.51,2026-08-02,SETTLED
TXN-36565,ACC-1367,82750.13,2026-07-11,PROCESSING
TXN-48712,ACC-1078,95481.15,2026-07-03,SETTLED
TXN-60120,ACC-1152,6982.28,2026-07-22,SETTLED
TXN-03121,ACC-1133,463243.32,2026-06-30,SETTLED
TXN-72719,ACC-1245,204474.73,2026-08-07,SETTLED
TXN-44790,ACC-1364,489873.30,2026-08-20,SETTLED
TXN-81292,ACC-1046,295611.99,2026-08-25,PROCESSING
TXN-67811,ACC-1023,298953.70,2026-08-12,SETTLED
TXN-30487,ACC-1307,192774.28,2026-08-05,SETTLED
TXN-99168,ACC-1298,80681.87,2026-07-10,SETTLED
TXN-05686,ACC-1207,251111.04,2026-08-12,PENDING
TXN-03885,ACC-1306,369629.66,2026-08-17,PROCESSING
TXN-26685,ACC-1225,220185.09,2026-08-10,SETTLED
TXN-11145,ACC-1248,145781.71,2026-07-24,SETTLED
TXN-18215,ACC-1062,70614.97,2026-08-07,SETTLED
TXN-74926,ACC-1342,232533.20,2026-08-29,SETTLED
TXN-98631,ACC-1342,44998.41,2026-07-25,PENDING
TXN-16106,ACC-1370,417710.79,2026-08-15,SETTLED
TXN-43168,ACC-1325,198597.12,2026-07-04,SETTLED
TXN-62346,ACC-1005,303520.41,2026-07-15,PENDING
TXN-48610,ACC-1020,11904.72,2026-07-11,SETTLED
TXN-50898,ACC-1383,379864.69,2026-07-03,SETTLED
TXN-60057,ACC-1047,276152.26,2026-07-21,PENDING
TXN-40868,ACC-1289,32801.32,2026-07-18,SETTLED
TXN-18189,ACC-1286,340889.22,2026-07-22,SETTLED
TXN-58744,ACC-1319,340866.08,2026-06-30,SETTLED
TXN-04341,ACC-1334,182326.23,2026-08-07,SETTLED
TXN-90033,ACC-1269,229139.54,2026-08-18,SETTLED
TXN-69701,ACC-1145,229975.84,2026-07-03,SETTLED
TXN-79201,ACC-1015,448829.47,2026-07-06,PENDING
TXN-05557,ACC-1259,71521.17,2026-07-06,PENDING
TXN-15648,ACC-1209,474089.78,2026-07-23,SETTLED
TXN-51363,ACC-1011,6607.36,2026-08-16,SETTLED
TXN-53018,ACC-1341,397222.98,2026-08-13,SETTLED
TXN-37540,ACC-1137,218271.95,2026-08-19,SETTLED
TXN-42578,ACC-1070,442385.41,2026-07-29,PENDING
TXN-99181,ACC-1301,349466.32,2026-08-02,SETTLED
TXN-28323,ACC-1395,353406.53,2026-08-27,SETTLED
TXN-17226,ACC-1248,239345.78,2026-08-26,PENDING
TXN-89669,ACC-1305,382583.56,2026-08-15,SETTLED
TXN-66380,ACC-1184,363852.79,2026-08-12,SETTLED
TXN-14511,ACC-1162,88258.00,2026-08-14,SETTLED
TXN-47295,ACC-1018,271824.45,2026-08-27,SETTLED
TXN-75630,ACC-1347,177151.26,2026-08-22,SETTLED
TXN-70366,ACC-1112,102924.43,2026-07-13,SETTLED
TXN-97564,ACC-1189,396062.43,2026-08-02,SETTLED
TXN-29052,ACC-1020,140688.76,2026-08-28,PENDING
TXN-52839,ACC-1383,174924.72,2026-07-30,SETTLED
TXN-08274,ACC-1175,329749.26,2026-07-12,SETTLED
TXN-34694,ACC-1292,351846.57,2026-08-17,SETTLED
TXN-35613,ACC-1039,259455.98,2026-07-26,SETTLED
TXN-79078,ACC-1381,450785.39,2026-08-12,SETTLED
TXN-90182,ACC-1131,166143.18,2026-07-09,SETTLED
TXN-45431,ACC-1161,201214.55,2026-07-20,SETTLED
TXN-95229,ACC-1032,219178.05,2026-07-18,SETTLED
TXN-33420,ACC-1028,183783.11,2026-08-01,SETTLED
TXN-47625,ACC-1332,152763.49,2026-07-06,SETTLED
TXN-96426,ACC-1133,260136.67,2026-08-17,SETTLED
TXN-93238,ACC-1079,317575.43,2026-08-08,SETTLED
TXN-13849,ACC-1174,117363.17,2026-07-19,SETTLED
TXN-38351,ACC-1002,193305.11,2026-08-10,SETTLED
TXN-03378,ACC-1194,205882.28,2026-07-18,SETTLED
TXN-54312,ACC-1153,11338.05,2026-08-08,PENDING
TXN-15082,ACC-1232,47561.60,2026-07-25,PROCESSING
TXN-97351,ACC-1216,205821.66,2026-07-22,SETTLED
TXN-31708,ACC-1323,217247.18,2026-07-01,PROCESSING
TXN-63777,ACC-1308,449701.74,2026-08-24,SETTLED
TXN-18877,ACC-1379,87090.39,2026-07-07,SETTLED
TXN-99105,ACC-1068,342673.97,2026-08-18,SETTLED
TXN-74781,ACC-1197,217025.09,2026-07-23,SETTLED
TXN-32703,ACC-1347,92067.13,2026-07-06,PROCESSING
TXN-94139,ACC-1330,220779.39,2026-08-03,PROCESSING
TXN-82847,ACC-1271,270731.00,2026-07-10,SETTLED
TXN-54534,ACC-1132,100908.90,2026-07-01,PENDING
TXN-17237,ACC-1024,321197.22,2026-07-04,SETTLED
TXN-91830,ACC-1248,464271.87,2026-08-24,SETTLED
TXN-56745,ACC-1342,368131.54,2026-08-24,SETTLED
TXN-25292,ACC-1231,123685.63,2026-08-05,SETTLED
TXN-82633,ACC-1237,424555.46,2026-08-20,SETTLED
TXN-74906,ACC-1169,102972.54,2026-08-15,PENDING
TXN-12251,ACC-1375,303801.84,2026-07-19,PENDING
TXN-49475,ACC-1277,404679.96,2026-07-04,SETTLED
TXN-83388,ACC-1268,333563.75,2026-08-16,SETTLED
TXN-07555,ACC-1292,164028.82,2026-08-17,PROCESSING
TXN-34979,ACC-1243,205043.30,2026-08-26,SETTLED
TXN-25689,ACC-1071,432165.46,2026-07-21,PROCESSING
TXN-14270,ACC-1055,437912.39,2026-07-28,PROCESSING
TXN-64592,ACC-1024,77888.42,2026-07-16,SETTLED
TXN-49945,ACC-1077,371993.83,2026-08-16,PENDING
TXN-34896,ACC-1317,422252.95,2026-08-18,PROCESSING
TXN-46474,ACC-1299,193142.76,2026-07-24,PROCESSING
TXN-42517,ACC-1314,457492.87,2026-07-13,SETTLED
TXN-01034,ACC-1269,473972.31,2026-08-23,SETTLED
TXN-88772,ACC-1075,138604.60,2026-07-01,SETTLED
TXN-04616,ACC-1116,387641.16,2026-08-05,SETTLED
TXN-87956,ACC-1252,41934.49,2026-07-16,SETTLED
TXN-25140,ACC-1108,23659.90,2026-08-14,SETTLED
TXN-23144,ACC-1248,118292.03,2026-08-24,SETTLED
TXN-55298,ACC-1272,355463.13,2026-07-13,PENDING
TXN-63144,ACC-1041,378259.22,2026-07-13,PROCESSING
TXN-43001,ACC-1092,200955.73,2026-08-10,PENDING
TXN-87551,ACC-1271,174989.20,2026-07-24,PENDING
TXN-46148,ACC-1053,344355.91,2026-07-09,SETTLED
TXN-35885,ACC-1048,127824.61,2026-08-16,PROCESSING
TXN-16330,ACC-1278,431278.64,2026-07-22,PROCESSING
TXN-59678,ACC-1209,168345.63,2026-07-22,PROCESSING
TXN-46548,ACC-1231,209389.84,2026-08-01,PROCESSING
TXN-44552,ACC-1063,24823.44,2026-07-02,SETTLED
TXN-09837,ACC-1015,126774.22,2026-08-03,SETTLED
TXN-14047,ACC-1204,420493.53,2026-08-27,SETTLED
TXN-68527,ACC-1396,289272.21,2026-07-26,SETTLED
TXN-36485,ACC-1244,232436.33,2026-08-14,PENDING
TXN-64219,ACC-1182,206147.54,2026-08-12,SETTLED
TXN-42565,ACC-1286,135963.30,2026-07-25,SETTLED
TXN-60205,ACC-1354,317989.15,2026-07-21,PROCESSING
TXN-40014,ACC-1312,188289.14,2026-07-18,PROCESSING
TXN-58181,ACC-1213,32837.43,2026-07-24,PENDING
TXN-31429,ACC-1322,224892.41,2026-07-21,SETTLED
TXN-33622,ACC-1223,359519.34,2026-08-12,PENDING
TXN-26766,ACC-1189,328130.04,2026-08-13,SETTLED
TXN-56031,ACC-1203,445285.00,2026-07-09,PROCESSING
TXN-74998,ACC-1221,466969.87,2026-07-01,PROCESSING
TXN-30406,ACC-1129,411343.29,2026-08-12,SETTLED
TXN-99131,ACC-1061,190601.83,2026-08-03,PENDING
TXN-55354,ACC-1394,398482.46,2026-08-26,PENDING
TXN-54531,ACC-1363,33896.91,2026-07-29,PENDING
TXN-86432,ACC-1361,468839.36,2026-08-09,PENDING
TXN-80586,ACC-1099,232917.77,2026-08-14,PROCESSING
TXN-24042,ACC-1299,101376.40,2026-07-17,SETTLED
TXN-03566,ACC-1357,348064.87,2026-08-09,SETTLED
TXN-65515,ACC-1282,190998.14,2026-08-13,PROCESSING
TXN-83766,ACC-1063,17537.68,2026-08-16,SETTLED
TXN-46914,ACC-1341,273161.90,2026-08-15,PENDING
TXN-60416,ACC-1282,193685.09,2026-07-23,SETTLED
TXN-16055,ACC-1009,22499.31,2026-07-05,SETTLED
TXN-86637,ACC-1310,220978.31,2026-08-11,PROCESSING
TXN-59689,ACC-1117,426635.02,2026-07-13,SETTLED
TXN-48062,ACC-1036,62445.40,2026-08-12,SETTLED
TXN-40272,ACC-1120,238937.44,2026-08-03,SETTLED
TXN-69953,ACC-1393,284905.71,2026-07-15,PROCESSING
TXN-41528,ACC-1044,217132.11,2026-07-10,SETTLED
TXN-03488,ACC-1068,430348.50,2026-08-12,SETTLED
TXN-97616,ACC-1314,243615.83,2026-08-19,PENDING
TXN-06402,ACC-1121,301276.93,2026-07-25,SETTLED
TXN-63904,ACC-1041,450223.79,2026-08-25,SETTLED
TXN-50964,ACC-1165,474852.01,2026-08-21,SETTLED
TXN-13036,ACC-1266,476402.38,2026-07-28,SETTLED
TXN-30963,ACC-1148,351529.79,2026-07-03,SETTLED
TXN-19410,ACC-1230,432082.21,2026-08-14,SETTLED
TXN-53480,ACC-1128,398349.34,2026-08-11,SETTLED
TXN-89632,ACC-1028,391934.19,2026-07-06,SETTLED
TXN-20183,ACC-1086,337878.55,2026-08-09,SETTLED
TXN-24549,ACC-1250,382080.41,2026-07-01,PENDING
TXN-46014,ACC-1207,297341.46,2026-08-12,SETTLED
TXN-34892,ACC-1212,16670.22,2026-07-19,SETTLED
TXN-05524,ACC-1338,284502.47,2026-07-18,PROCESSING
TXN-86308,ACC-1350,148389.15,2026-08-25,SETTLED
TXN-21827,ACC-1274,356584.19,2026-07-11,SETTLED
TXN-28335,ACC-1159,489530.07,2026-08-14,SETTLED
TXN-80392,ACC-1242,440992.26,2026-07-15,PROCESSING
TXN-55500,ACC-1025,60403.40,2026-08-17,PENDING
TXN-41941,ACC-1185,168687.27,2026-08-26,PROCESSING
TXN-28602,ACC-1339,169664.62,2026-08-10,SETTLED
TXN-31784,ACC-1154,287033.83,2026-08-08,SETTLED
TXN-58420,ACC-1335,492090.40,2026-07-23,PROCESSING
TXN-19166,ACC-1198,148240.08,2026-07-23,PENDING
TXN-31074,ACC-1348,70570.15,2026-08-13,PROCESSING
TXN-32282,ACC-1284,104682.88,2026-07-22,SETTLED
TXN-77325,ACC-1356,485326.44,2026-07-11,PROCESSING
TXN-35912,ACC-1111,455495.02,2026-06-30,SETTLED
TXN-11980,ACC-1134,453025.32,2026-07-06,SETTLED
TXN-78550,ACC-1133,277356.04,2026-07-16,SETTLED
TXN-07057,ACC-1161,406212.26,2026-07-12,SETTLED
TXN-25460,ACC-1101,357805.73,2026-08-06,PROCESSING
TXN-23368,ACC-1158,60716.59,2026-08-13,SETTLED
TXN-92193,ACC-1177,237440.95,2026-07-21,PROCESSING
TXN-67663,ACC-1178,356205.36,2026-08-09,PROCESSING
TXN-18462,ACC-1200,442296.92,2026-08-23,SETTLED
TXN-44737,ACC-1063,90190.11,2026-07-27,SETTLED
TXN-76800,ACC-1048,465448.06,2026-07-07,SETTLED
TXN-83581,ACC-1370,60336.98,2026-08-09,SETTLED
TXN-62095,ACC-1271,185133.17,2026-08-17,SETTLED
TXN-19516,ACC-1021,103262.88,2026-08-11,SETTLED
TXN-88931,ACC-1242,187267.69,2026-07-06,SETTLED
TXN-61753,ACC-1141,421465.04,2026-08-22,PROCESSING
TXN-54405,ACC-1090,134949.09,2026-07-02,SETTLED
TXN-96455,ACC-1313,134587.20,2026-08-09,SETTLED
TXN-76969,ACC-1258,43458.35,2026-08-20,SETTLED
TXN-10949,ACC-1360,369809.96,2026-08-21,PENDING
TXN-17154,ACC-1292,35472.68,2026-08-08,SETTLED
TXN-74427,ACC-1189,34804.61,2026-08-19,SETTLED
TXN-70298,ACC-1384,403746.03,2026-07-22,SETTLED
TXN-86437,ACC-1393,167557.27,2026-08-03,PENDING
TXN-90831,ACC-1006,312772.10,2026-08-17,SETTLED
TXN-11813,ACC-1229,127576.97,2026-08-18,PROCESSING
TXN-06607,ACC-1209,156395.53,2026-07-27,PENDING
TXN-02613,ACC-1192,91031.74,2026-07-24,PENDING
TXN-49100,ACC-1331,224502.98,2026-08-25,SETTLED
TXN-42190,ACC-1258,132690.63,2026-08-09,SETTLED
TXN-03994,ACC-1175,135702.48,2026-08-20,SETTLED
TXN-63802,ACC-1066,365305.51,2026-07-30,SETTLED
TXN-73232,ACC-1308,238236.53,2026-08-18,SETTLED
TXN-65885,ACC-1272,454927.37,2026-08-12,PROCESSING
TXN-26831,ACC-1057,118232.59,2026-08-15,SETTLED
TXN-73248,ACC-1397,362851.96,2026-07-10,SETTLED
TXN-63260,ACC-1383,455660.80,2026-08-07,SETTLED
TXN-11792,ACC-1368,370547.87,2026-07-26,PENDING
TXN-64687,ACC-1224,134217.93,2026-07-01,SETTLED
TXN-89861,ACC-1163,168959.01,2026-07-21,PROCESSING
TXN-68136,ACC-1384,96505.16,2026-07-03,SETTLED
TXN-29118,ACC-1140,441308.37,2026-08-18,SETTLED
TXN-78416,ACC-1144,371065.47,2026-07-31,PENDING
TXN-08380,ACC-1046,418054.42,2026-08-02,SETTLED
TXN-76925,ACC-1056,145163.98,2026-08-06,SETTLED
TXN-63326,ACC-1386,246450.38,2026-08-17,SETTLED
TXN-53463,ACC-1223,266235.18,2026-08-26,SETTLED
TXN-53199,ACC-1017,345893.54,2026-08-13,SETTLED
TXN-80963,ACC-1379,405456.08,2026-08-07,SETTLED
TXN-50961,ACC-1121,138527.07,2026-08-07,SETTLED
TXN-63845,ACC-1356,292988.73,2026-08-05,SETTLED
TXN-63275,ACC-1278,259037.90,2026-07-31,SETTLED
TXN-51142,ACC-1317,305643.04,2026-07-21,SETTLED
TXN-54710,ACC-1056,480987.61,2026-08-28,PENDING
TXN-48989,ACC-1046,377153.84,2026-08-09,SETTLED
TXN-98940,ACC-1221,46075.02,2026-07-09,PENDING
TXN-67726,ACC-1334,42324.50,2026-08-27,SETTLED
TXN-17979,ACC-1094,475831.56,2026-07-24,SETTLED
TXN-56113,ACC-1310,212834.89,2026-07-19,SETTLED
TXN-58237,ACC-1055,138441.11,2026-08-11,PROCESSING
TXN-42339,ACC-1149,351339.62,2026-08-21,SETTLED
TXN-89775,ACC-1006,81004.99,2026-07-30,SETTLED
TXN-64883,ACC-1187,129764.89,2026-07-14,SETTLED
TXN-79610,ACC-1016,291210.28,2026-08-14,SETTLED
TXN-53741,ACC-1268,184154.56,2026-08-21,SETTLED
TXN-71552,ACC-1143,436158.99,2026-08-22,SETTLED
TXN-04224,ACC-1128,429938.56,2026-08-25,PROCESSING
TXN-87881,ACC-1374,478282.74,2026-07-22,SETTLED
TXN-15655,ACC-1041,72533.88,2026-07-28,SETTLED
TXN-56900,ACC-1323,339223.29,2026-07-17,SETTLED
TXN-75157,ACC-1255,453737.69,2026-08-24,SETTLED
TXN-11043,ACC-1116,424286.66,2026-08-27,SETTLED
TXN-49271,ACC-1009,51761.39,2026-07-08,SETTLED
TXN-72710,ACC-1099,327641.97,2026-07-06,PENDING
TXN-53113,ACC-1394,297565.07,2026-08-29,SETTLED
TXN-43883,ACC-1168,381737.78,2026-07-02,SETTLED
TXN-13476,ACC-1187,245096.33,2026-07-10,SETTLED
TXN-71436,ACC-1119,346332.97,2026-08-04,SETTLED
TXN-42332,ACC-1377,79444.58,2026-08-25,PENDING
TXN-42105,ACC-1106,341024.22,2026-07-21,SETTLED
TXN-20687,ACC-1056,365110.72,2026-08-09,SETTLED
TXN-67114,ACC-1296,304468.76,2026-08-01,SETTLED
TXN-42776,ACC-1184,467682.90,2026-08-27,PROCESSING
TXN-30181,ACC-1397,132716.36,2026-08-01,SETTLED
TXN-46696,ACC-1214,408810.31,2026-07-31,PROCESSING
TXN-42612,ACC-1365,401351.55,2026-07-01,SETTLED
TXN-40823,ACC-1271,116879.59,2026-08-10,SETTLED
TXN-13918,ACC-1343,397210.91,2026-06-30,SETTLED
TXN-60929,ACC-1257,366158.84,2026-07-08,PENDING
TXN-96459,ACC-1001,111973.29,2026-08-03,PENDING
TXN-22568,ACC-1237,323653.71,2026-08-17,SETTLED
TXN-55131,ACC-1020,453683.57,2026-07-21,SETTLED
TXN-07716,ACC-1172,442792.20,2026-08-05,PENDING
TXN-40122,ACC-1006,208170.17,2026-08-29,SETTLED
TXN-28656,ACC-1174,146482.74,2026-07-17,PROCESSING
TXN-39614,ACC-1080,227598.84,2026-07-08,SETTLED
TXN-68540,ACC-1093,9717.94,2026-08-02,PENDING
TXN-46671,ACC-1317,236868.98,2026-07-07,PROCESSING
TXN-16110,ACC-1395,244951.58,2026-07-28,SETTLED
TXN-84410,ACC-1272,432909.06,2026-07-20,PENDING
TXN-61907,ACC-1306,31525.32,2026-08-26,PENDING
TXN-19060,ACC-1341,268086.70,2026-07-14,SETTLED
TXN-57782,ACC-1128,217416.47,2026-08-07,SETTLED
TXN-84171,ACC-1281,24030.63,2026-08-09,SETTLED
TXN-44529,ACC-1092,433731.05,2026-07-09,SETTLED
TXN-93781,ACC-1360,159290.58,2026-07-10,PROCESSING
TXN-27641,ACC-1394,208337.58,2026-07-23,PROCESSING
TXN-15503,ACC-1278,174988.39,2026-07-20,PROCESSING
TXN-81805,ACC-1359,432134.71,2026-08-16,PROCESSING
TXN-41214,ACC-1348,403734.30,2026-08-12,SETTLED
TXN-86799,ACC-1117,281358.86,2026-07-05,SETTLED
TXN-69626,ACC-1315,61071.94,2026-08-28,SETTLED
TXN-05979,ACC-1141,179830.84,2026-07-26,SETTLED
TXN-28744,ACC-1081,361101.29,2026-08-09,PROCESSING
TXN-50920,ACC-1326,135470.73,2026-08-22,PROCESSING
TXN-21597,ACC-1311,333103.64,2026-07-15,PROCESSING
TXN-95131,ACC-1010,483309.24,2026-08-16,PROCESSING
TXN-49900,ACC-1347,364420.32,2026-08-20,PROCESSING
TXN-68971,ACC-1248,71794.57,2026-08-03,SETTLED
TXN-10361,ACC-1061,459933.34,2026-08-08,SETTLED
TXN-92036,ACC-1345,249188.33,2026-07-29,PROCESSING
TXN-49491,ACC-1164,51446.12,2026-07-18,SETTLED
TXN-01413,ACC-1044,244379.28,2026-07-17,PROCESSING
TXN-74069,ACC-1346,437933.94,2026-07-10,SETTLED
TXN-68685,ACC-1111,497172.47,2026-07-18,PROCESSING
TXN-49378,ACC-1287,93227.32,2026-07-19,SETTLED
TXN-20611,ACC-1154,355105.56,2026-07-03,SETTLED
TXN-57819,ACC-1294,87499.16,2026-07-08,SETTLED
TXN-61480,ACC-1143,363839.70,2026-08-29,PENDING
TXN-88490,ACC-1349,470762.48,2026-07-07,PENDING
TXN-55722,ACC-1200,131074.81,2026-08-18,SETTLED
TXN-19556,ACC-1325,157866.52,2026-08-03,PROCESSING
TXN-51207,ACC-1231,478929.61,2026-08-19,PROCESSING
TXN-88710,ACC-1051,41353.63,2026-07-08,SETTLED
TXN-87241,ACC-1171,482246.41,2026-07-17,PENDING
TXN-07965,ACC-1018,431542.20,2026-08-20,SETTLED
TXN-70820,ACC-1389,299750.53,2026-07-14,PROCESSING
TXN-11465,ACC-1090,132239.25,2026-08-04,SETTLED
TXN-90893,ACC-1236,416317.02,2026-08-18,SETTLED
TXN-65703,ACC-1105,408566.81,2026-08-01,SETTLED
TXN-66120,ACC-1290,458843.72,2026-07-13,SETTLED
TXN-52641,ACC-1192,64872.80,2026-07-26,SETTLED
TXN-76928,ACC-1120,294995.29,2026-08-14,SETTLED
TXN-83342,ACC-1059,55011.15,2026-08-18,SETTLED
TXN-33332,ACC-1020,283390.82,2026-08-27,PENDING
TXN-26681,ACC-1366,381085.37,2026-08-06,PROCESSING
TXN-43841,ACC-1052,19026.27,2026-07-18,SETTLED
TXN-18811,ACC-1192,299443.81,2026-07-26,SETTLED
TXN-34856,ACC-1348,127807.34,2026-08-26,PENDING
TXN-31402,ACC-1065,303243.07,2026-07-10,PROCESSING
TXN-84331,ACC-1216,61253.34,2026-08-23,PROCESSING
TXN-65777,ACC-1165,236710.76,2026-08-20,SETTLED
TXN-10105,ACC-1253,398918.11,2026-07-15,PENDING
TXN-49849,ACC-1242,348429.04,2026-07-18,PROCESSING
TXN-48625,ACC-1353,45278.59,2026-07-22,SETTLED
TXN-17878,ACC-1265,347705.10,2026-08-08,SETTLED
TXN-86222,ACC-1264,173936.54,2026-07-10,SETTLED
TXN-04343,ACC-1330,477867.57,2026-08-16,SETTLED
TXN-39833,ACC-1025,279935.40,2026-08-01,PENDING
TXN-83976,ACC-1228,126319.15,2026-08-05,SETTLED
TXN-27296,ACC-1008,293724.32,2026-07-29,SETTLED
TXN-01023,ACC-1188,412725.38,2026-08-05,SETTLED
TXN-95068,ACC-1152,441085.58,2026-08-28,SETTLED
TXN-91124,ACC-1101,145234.23,2026-07-03,PROCESSING
TXN-47981,ACC-1136,257222.03,2026-07-28,SETTLED
TXN-35268,ACC-1157,367153.35,2026-07-23,PENDING
TXN-95241,ACC-1388,134632.34,2026-08-01,SETTLED
TXN-60813,ACC-1041,285893.98,2026-07-27,PROCESSING
TXN-55132,ACC-1235,279086.05,2026-08-09,SETTLED
TXN-07129,ACC-1101,284265.32,2026-08-02,PROCESSING
TXN-17747,ACC-1094,118469.52,2026-08-25,SETTLED
TXN-85304,ACC-1341,396328.82,2026-07-30,SETTLED
TXN-03573,ACC-1352,240990.27,2026-08-15,PENDING
TXN-94642,ACC-1302,184161.30,2026-07-18,SETTLED
TXN-37143,ACC-1375,47641.36,2026-08-09,PENDING
TXN-90189,ACC-1327,361516.23,2026-08-16,SETTLED
TXN-34582,ACC-1385,76374.74,2026-07-30,SETTLED
TXN-49088,ACC-1375,215174.11,2026-08-04,SETTLED
TXN-34746,ACC-1309,287639.01,2026-07-24,SETTLED
TXN-01983,ACC-1314,341245.67,2026-08-03,SETTLED
TXN-95257,ACC-1262,230998.58,2026-08-25,SETTLED
TXN-69382,ACC-1119,143555.32,2026-07-28,PENDING
TXN-06801,ACC-1221,366285.32,2026-07-07,SETTLED
TXN-47571,ACC-1312,81555.63,2026-07-02,PENDING
TXN-22205,ACC-1057,10162.85,2026-08-18,PROCESSING
TXN-80465,ACC-1373,293752.18,2026-08-09,SETTLED
TXN-29544,ACC-1069,78003.59,2026-08-17,SETTLED
TXN-64675,ACC-1169,105098.51,2026-08-17,PENDING
TXN-10031,ACC-1212,338710.19,2026-07-19,PENDING
TXN-10790,ACC-1171,113437.32,2026-07-20,PROCESSING
TXN-84149,ACC-1361,258409.55,2026-08-07,SETTLED
TXN-39158,ACC-1022,490324.33,2026-07-04,SETTLED
TXN-08226,ACC-1124,6956.60,2026-08-21,PENDING
TXN-66618,ACC-1385,108769.12,2026-07-25,SETTLED
TXN-72659,ACC-1152,162854.81,2026-08-10,PROCESSING
TXN-91932,ACC-1033,277625.79,2026-07-10,SETTLED
TXN-80035,ACC-1147,229869.35,2026-07-14,PROCESSING
TXN-63364,ACC-1068,338460.90,2026-08-21,SETTLED
TXN-81129,ACC-1216,396298.63,2026-08-29,PENDING
TXN-28689,ACC-1399,20955.98,2026-08-27,PENDING
TXN-09490,ACC-1361,30895.11,2026-07-02,PENDING
TXN-96750,ACC-1108,235556.76,2026-08-14,PENDING
TXN-97225,ACC-1011,277203.95,2026-08-25,SETTLED
TXN-85286,ACC-1139,466903.99,2026-07-03,SETTLED
TXN-81439,ACC-1184,328393.63,2026-07-09,PROCESSING
TXN-04568,ACC-1107,292666.90,2026-07-29,SETTLED
TXN-53563,ACC-1218,365825.16,2026-08-06,PROCESSING
TXN-13049,ACC-1221,67654.93,2026-07-29,SETTLED
TXN-98086,ACC-1184,267012.91,2026-07-08,SETTLED
TXN-88531,ACC-1084,24009.89,2026-08-17,SETTLED
TXN-65352,ACC-1122,190765.56,2026-07-25,SETTLED
TXN-79351,ACC-1009,330423.00,2026-08-11,SETTLED
TXN-48593,ACC-1311,24570.99,2026-07-18,SETTLED
TXN-81583,ACC-1008,187519.11,2026-07-19,SETTLED
TXN-10772,ACC-1357,223275.62,2026-08-15,SETTLED
TXN-49314,ACC-1228,309537.03,2026-08-23,PROCESSING
TXN-07149,ACC-1293,18743.38,2026-08-18,SETTLED
TXN-73260,ACC-1149,364744.41,2026-07-11,PROCESSING
TXN-64920,ACC-1149,289949.55,2026-08-15,SETTLED
TXN-60451,ACC-1015,231989.05,2026-07-16,SETTLED
TXN-35647,ACC-1141,137475.06,2026-07-18,SETTLED
TXN-63976,ACC-1279,141149.08,2026-08-11,SETTLED
TXN-36230,ACC-1016,331771.33,2026-07-31,SETTLED
TXN-05173,ACC-1028,422947.20,2026-07-16,SETTLED
TXN-29071,ACC-1394,251226.61,2026-07-02,PENDING
TXN-01406,ACC-1173,315895.44,2026-07-31,SETTLED
TXN-20136,ACC-1337,385747.22,2026-07-26,SETTLED
TXN-04051,ACC-1034,238226.63,2026-08-16,SETTLED
TXN-84824,ACC-1096,422139.44,2026-07-05,PENDING
TXN-64845,ACC-1187,414104.96,2026-07-27,SETTLED
TXN-77612,ACC-1034,409181.99,2026-08-03,SETTLED
TXN-40643,ACC-1232,311357.17,2026-08-18,SETTLED
TXN-62981,ACC-1025,268123.73,2026-08-28,SETTLED
TXN-32509,ACC-1155,470349.04,2026-07-24,SETTLED
TXN-49706,ACC-1314,430597.64,2026-08-23,SETTLED
TXN-75026,ACC-1366,118791.75,2026-08-02,PENDING
TXN-93084,ACC-1084,119079.86,2026-08-12,SETTLED
TXN-16939,ACC-1128,21532.03,2026-08-04,PROCESSING
TXN-11667,ACC-1331,156411.01,2026-07-30,SETTLED
TXN-94295,ACC-1325,230094.25,2026-07-05,SETTLED
TXN-37051,ACC-1331,268253.51,2026-07-31,SETTLED
TXN-26100,ACC-1009,398723.39,2026-07-12,PENDING
TXN-79416,ACC-1351,23782.33,2026-08-05,PROCESSING
TXN-64306,ACC-1104,175429.97,2026-07-31,SETTLED
TXN-22493,ACC-1377,54481.43,2026-08-04,PROCESSING
TXN-65055,ACC-1125,37988.38,2026-07-20,SETTLED
TXN-38109,ACC-1072,123328.19,2026-07-22,PROCESSING
TXN-47600,ACC-1173,65467.91,2026-08-19,PENDING
TXN-79493,ACC-1272,346688.30,2026-07-11,SETTLED
TXN-38033,ACC-1393,106005.59,2026-07-25,SETTLED
TXN-42616,ACC-1174,251921.02,2026-08-06,SETTLED
TXN-54542,ACC-1389,369047.50,2026-08-08,SETTLED
TXN-05169,ACC-1228,106575.12,2026-07-09,PENDING
TXN-36234,ACC-1338,67143.70,2026-07-12,PROCESSING
TXN-56510,ACC-1138,109370.94,2026-07-27,PENDING
TXN-75236,ACC-1017,250862.76,2026-08-15,SETTLED
TXN-68266,ACC-1332,248725.48,2026-08-29,SETTLED
TXN-76352,ACC-1021,400813.39,2026-08-23,PENDING
TXN-18291,ACC-1331,76621.79,2026-08-26,PROCESSING
TXN-63911,ACC-1153,243821.86,2026-07-01,SETTLED
TXN-32739,ACC-1348,412300.05,2026-07-20,SETTLED
TXN-24968,ACC-1075,390050.02,2026-08-07,SETTLED
TXN-81115,ACC-1331,248414.38,2026-07-27,SETTLED
TXN-97273,ACC-1091,195123.08,2026-07-31,SETTLED
TXN-68031,ACC-1031,75846.07,2026-08-08,SETTLED
TXN-62094,ACC-1098,98869.59,2026-08-21,SETTLED
TXN-86053,ACC-1041,162045.44,2026-07-03,SETTLED
TXN-84665,ACC-1094,300255.43,2026-08-13,SETTLED
TXN-95284,ACC-1165,387406.21,2026-07-24,SETTLED
TXN-37580,ACC-1381,71946.38,2026-08-23,SETTLED
TXN-78984,ACC-1127,106127.22,2026-08-15,PROCESSING
TXN-17042,ACC-1313,76009.60,2026-08-23,SETTLED
TXN-12920,ACC-1009,57206.92,2026-07-12,SETTLED
TXN-18509,ACC-1152,462864.99,2026-08-26,SETTLED
TXN-72351,ACC-1130,178204.14,2026-07-17,SETTLED
TXN-36549,ACC-1192,336162.82,2026-07-04,SETTLED
TXN-61595,ACC-1104,362999.53,2026-08-21,SETTLED
TXN-11965,ACC-1081,197064.32,2026-07-13,SETTLED
TXN-31492,ACC-1309,36775.67,2026-08-14,SETTLED
TXN-81093,ACC-1029,491774.54,2026-07-27,SETTLED
TXN-59946,ACC-1301,145513.18,2026-08-06,SETTLED
TXN-72462,ACC-1066,190367.27,2026-07-25,SETTLED
TXN-94023,ACC-1288,429308.60,2026-07-09,SETTLED
TXN-63585,ACC-1331,149210.09,2026-07-20,SETTLED
TXN-60022,ACC-1191,163536.71,2026-07-19,PENDING
TXN-99010,ACC-1118,224234.69,2026-07-03,SETTLED
TXN-76216,ACC-1030,119095.88,2026-08-22,PENDING
TXN-94997,ACC-1331,332174.07,2026-07-05,PENDING
TXN-59923,ACC-1049,332577.76,2026-08-09,PENDING
TXN-85797,ACC-1299,303761.20,2026-07-10,SETTLED
TXN-78868,ACC-1072,236988.69,2026-08-25,SETTLED
TXN-03764,ACC-1310,175322.18,2026-07-15,SETTLED
TXN-94398,ACC-1311,211251.48,2026-08-17,PENDING
TXN-93585,ACC-1169,145541.39,2026-07-03,PENDING
TXN-43209,ACC-1003,116241.79,2026-08-18,SETTLED
TXN-45219,ACC-1019,270185.57,2026-08-02,PENDING
TXN-02181,ACC-1395,83312.95,2026-08-28,SETTLED
TXN-75548,ACC-1234,497967.22,2026-07-04,SETTLED
TXN-36158,ACC-1360,140748.70,2026-08-14,SETTLED
TXN-58643,ACC-1016,23734.94,2026-08-21,SETTLED
TXN-16211,ACC-1141,179186.15,2026-08-18,PENDING
TXN-05633,ACC-1173,431956.87,2026-07-09,PROCESSING
TXN-58296,ACC-1047,95841.58,2026-07-27,SETTLED
TXN-44956,ACC-1364,475178.85,2026-07-27,SETTLED
TXN-97566,ACC-1150,173594.41,2026-08-12,PROCESSING
TXN-38075,ACC-1386,442393.52,2026-08-23,PROCESSING
TXN-67020,ACC-1259,473055.77,2026-08-02,SETTLED
TXN-79387,ACC-1197,362187.22,2026-07-01,PROCESSING
TXN-68270,ACC-1339,242612.36,2026-08-23,PENDING
TXN-58405,ACC-1320,92369.50,2026-08-13,SETTLED
TXN-21493,ACC-1119,115619.46,2026-08-21,PROCESSING
TXN-02431,ACC-1169,144561.17,2026-07-25,SETTLED
TXN-75094,ACC-1337,203426.72,2026-07-31,SETTLED
TXN-60215,ACC-1172,275200.02,2026-08-20,PENDING
TXN-12994,ACC-1309,344345.91,2026-08-22,SETTLED
TXN-40497,ACC-1266,176899.90,2026-08-18,SETTLED
TXN-86328,ACC-1238,431432.60,2026-08-26,PENDING
TXN-37642,ACC-1390,116986.59,2026-08-07,SETTLED
TXN-85940,ACC-1128,391227.40,2026-07-19,PROCESSING
TXN-24688,ACC-1146,12747.93,2026-08-11,SETTLED
TXN-10840,ACC-1063,74304.25,2026-07-25,SETTLED
TXN-59285,ACC-1320,153683.04,2026-08-08,SETTLED
TXN-34327,ACC-1075,93068.79,2026-08-14,SETTLED
TXN-22911,ACC-1010,416797.60,2026-07-14,SETTLED
TXN-04263,ACC-1000,66022.02,2026-07-20,SETTLED
TXN-97304,ACC-1389,447916.92,2026-07-22,PROCESSING
TXN-37438,ACC-1249,199606.66,2026-07-04,SETTLED
TXN-86758,ACC-1131,177659.48,2026-07-15,SETTLED
TXN-35852,ACC-1282,375414.35,2026-07-28,PENDING
TXN-43718,ACC-1355,426965.42,2026-07-18,PENDING
TXN-29168,ACC-1012,162879.03,2026-08-28,SETTLED
TXN-37424,ACC-1224,253076.77,2026-08-10,PENDING
TXN-31696,ACC-1098,294338.61,2026-07-28,SETTLED
TXN-93906,ACC-1311,70443.66,2026-08-08,PENDING
TXN-60738,ACC-1114,265010.90,2026-07-04,SETTLED
TXN-89114,ACC-1111,250473.73,2026-08-29,PENDING
TXN-84841,ACC-1232,243175.86,2026-08-19,SETTLED
TXN-79498,ACC-1299,291785.51,2026-07-07,PROCESSING
TXN-42923,ACC-1256,332008.16,2026-08-29,PROCESSING
TXN-42841,ACC-1054,62162.64,2026-08-01,SETTLED
TXN-17298,ACC-1065,344482.85,2026-07-19,SETTLED
TXN-47553,ACC-1369,240663.72,2026-07-28,PROCESSING
TXN-61785,ACC-1093,321654.68,2026-08-27,SETTLED
TXN-51143,ACC-1345,12294.56,2026-07-22,SETTLED
TXN-59169,ACC-1296,157636.43,2026-07-23,SETTLED
TXN-10936,ACC-1392,439809.06,2026-07-14,SETTLED
TXN-86326,ACC-1396,419827.27,2026-08-09,SETTLED
TXN-76563,ACC-1122,144101.69,2026-07-26,SETTLED
TXN-39813,ACC-1253,104376.52,2026-07-22,SETTLED
TXN-39953,ACC-1322,288481.02,2026-08-10,SETTLED
TXN-19450,ACC-1212,400975.65,2026-08-13,PENDING
TXN-68061,ACC-1105,365038.99,2026-07-22,SETTLED
TXN-67898,ACC-1144,435209.44,2026-07-15,PENDING
TXN-91720,ACC-1308,414119.84,2026-07-30,PROCESSING
TXN-61075,ACC-1017,408123.81,2026-07-26,SETTLED
TXN-42554,ACC-1005,303135.87,2026-08-26,SETTLED
TXN-81862,ACC-1217,175389.28,2026-08-05,SETTLED
TXN-30211,ACC-1212,132430.89,2026-07-05,PROCESSING
TXN-48392,ACC-1316,373319.88,2026-08-03,PENDING
TXN-57664,ACC-1151,450269.21,2026-08-06,PENDING
TXN-94232,ACC-1141,361017.96,2026-08-03,PENDING
TXN-99598,ACC-1399,245624.08,2026-08-26,SETTLED
TXN-24535,ACC-1245,9138.13,2026-07-30,SETTLED
TXN-17261,ACC-1030,44217.25,2026-08-23,PENDING
TXN-42236,ACC-1093,116671.90,2026-07-17,SETTLED
TXN-29427,ACC-1344,211263.59,2026-08-08,PROCESSING
TXN-61703,ACC-1295,37930.48,2026-08-17,PENDING
TXN-10068,ACC-1279,239933.65,2026-08-24,PROCESSING
TXN-36209,ACC-1232,97642.25,2026-08-04,PROCESSING
TXN-20300,ACC-1237,202939.47,2026-07-12,PROCESSING
TXN-49240,ACC-1398,144025.44,2026-08-22,PENDING
TXN-31523,ACC-1078,399455.70,2026-08-22,SETTLED
TXN-74582,ACC-1192,57384.61,2026-07-21,PENDING
TXN-23802,ACC-1115,113430.01,2026-07-26,SETTLED
TXN-62364,ACC-1204,114785.66,2026-08-01,SETTLED
TXN-77261,ACC-1344,25203.31,2026-07-16,SETTLED
TXN-52004,ACC-1360,209793.72,2026-07-12,PENDING
TXN-88716,ACC-1048,404410.52,2026-07-26,PENDING
TXN-86915,ACC-1356,12334.18,2026-08-25,SETTLED
TXN-54301,ACC-1196,430060.81,2026-08-14,PROCESSING
TXN-88567,ACC-1365,88397.45,2026-08-23,PROCESSING
TXN-10820,ACC-1094,55275.39,2026-08-15,SETTLED
TXN-88274,ACC-1315,59317.48,2026-07-11,PROCESSING
TXN-45080,ACC-1354,30647.35,2026-07-29,SETTLED
TXN-59998,ACC-1131,191584.87,2026-07-15,SETTLED
TXN-65321,ACC-1103,398851.52,2026-08-29,SETTLED
TXN-82448,ACC-1327,455346.45,2026-08-03,SETTLED
TXN-01858,ACC-1046,113588.92,2026-07-18,PENDING
TXN-04204,ACC-1321,290166.72,2026-07-18,PENDING
TXN-02414,ACC-1156,368820.82,2026-08-26,SETTLED
TXN-64241,ACC-1074,211345.58,2026-07-29,SETTLED
TXN-43637,ACC-1390,296627.68,2026-08-01,SETTLED
TXN-81868,ACC-1354,416703.40,2026-08-09,SETTLED
TXN-50447,ACC-1211,259745.72,2026-07-10,SETTLED
TXN-17408,ACC-1306,400186.77,2026-08-01,SETTLED
TXN-91541,ACC-1317,208614.60,2026-07-09,SETTLED
TXN-11846,ACC-1180,258560.33,2026-08-03,PENDING
TXN-91503,ACC-1193,100772.18,2026-08-27,SETTLED
TXN-43017,ACC-1373,292371.26,2026-07-10,PENDING
TXN-45924,ACC-1197,362675.62,2026-07-26,PENDING
TXN-84514,ACC-1029,117746.02,2026-08-20,SETTLED
TXN-31449,ACC-1181,111228.14,2026-08-26,SETTLED
TXN-85466,ACC-1157,284739.86,2026-07-28,SETTLED
TXN-52780,ACC-1258,351167.51,2026-07-31,PROCESSING
TXN-74696,ACC-1132,449367.70,2026-07-12,SETTLED
TXN-96117,ACC-1260,25252.89,2026-07-27,SETTLED
TXN-01768,ACC-1015,77068.18,2026-07-20,SETTLED
TXN-55987,ACC-1282,347678.43,2026-07-26,SETTLED
TXN-75633,ACC-1215,150988.67,2026-08-05,SETTLED
TXN-91810,ACC-1043,119072.86,2026-07-24,PROCESSING
TXN-07576,ACC-1282,109727.06,2026-08-15,SETTLED
TXN-88997,ACC-1062,206993.07,2026-07-13,PROCESSING
TXN-22721,ACC-1030,14941.47,2026-07-30,PENDING
TXN-62091,ACC-1381,36536.14,2026-08-24,PENDING
TXN-77736,ACC-1245,224409.70,2026-08-08,PROCESSING
TXN-04380,ACC-1013,432530.42,2026-07-08,PENDING
TXN-47922,ACC-1053,270002.02,2026-07-27,SETTLED
TXN-89580,ACC-1139,92055.30,2026-06-30,PROCESSING
TXN-03094,ACC-1017,414689.58,2026-07-26,SETTLED
TXN-38934,ACC-1208,292271.34,2026-07-07,SETTLED
TXN-46465,ACC-1046,104552.75,2026-07-01,PROCESSING
TXN-83438,ACC-1352,60304.53,2026-08-24,SETTLED
TXN-28906,ACC-1204,302382.01,2026-08-15,SETTLED
TXN-42355,ACC-1058,21601.92,2026-08-23,PENDING
TXN-43673,ACC-1007,14341.14,2026-07-04,SETTLED
TXN-77221,ACC-1242,300033.57,2026-08-17,SETTLED
TXN-91217,ACC-1355,234210.00,2026-08-22,PENDING
TXN-20349,ACC-1344,226545.68,2026-07-16,SETTLED
TXN-19707,ACC-1041,461333.69,2026-07-23,SETTLED
TXN-91357,ACC-1210,40703.56,2026-07-27,SETTLED
TXN-03375,ACC-1339,287400.78,2026-08-26,PENDING
TXN-97326,ACC-1193,14870.38,2026-07-29,SETTLED
TXN-91107,ACC-1083,304463.94,2026-06-30,PENDING
TXN-51007,ACC-1198,69291.83,2026-07-26,SETTLED
TXN-78419,ACC-1130,475566.32,2026-08-24,SETTLED
TXN-03138,ACC-1162,294572.02,2026-07-09,SETTLED
TXN-55366,ACC-1177,136843.95,2026-08-10,PROCESSING
TXN-66952,ACC-1015,276494.69,2026-07-30,PROCESSING
TXN-22667,ACC-1022,40249.31,2026-07-28,PROCESSING
TXN-86338,ACC-1134,496015.23,2026-08-28,SETTLED
TXN-72011,ACC-1129,31209.96,2026-08-28,PROCESSING
TXN-06331,ACC-1302,386292.24,2026-08-25,SETTLED
TXN-74076,ACC-1343,489575.87,2026-08-29,SETTLED
TXN-73976,ACC-1238,169437.19,2026-08-08,SETTLED
TXN-77719,ACC-1189,276096.70,2026-07-18,PROCESSING
TXN-73439,ACC-1029,57934.00,2026-08-06,PENDING
TXN-05211,ACC-1160,174722.63,2026-08-24,SETTLED
TXN-46065,ACC-1316,28447.26,2026-08-17,SETTLED
TXN-23895,ACC-1251,453931.11,2026-07-24,SETTLED
TXN-61024,ACC-1243,230999.16,2026-08-12,SETTLED
TXN-88489,ACC-1113,249919.19,2026-07-04,SETTLED
TXN-32517,ACC-1069,249224.67,2026-08-11,SETTLED
TXN-12305,ACC-1396,388110.84,2026-08-24,PENDING
TXN-47740,ACC-1239,229197.69,2026-08-14,SETTLED
TXN-61657,ACC-1146,304883.94,2026-08-25,SETTLED
TXN-85283,ACC-1099,61567.15,2026-08-13,SETTLED
TXN-70879,ACC-1069,325482.60,2026-07-03,SETTLED
TXN-62106,ACC-1056,238125.49,2026-08-16,PROCESSING
TXN-05857,ACC-1324,112481.18,2026-07-20,SETTLED
TXN-35256,ACC-1064,316239.26,2026-07-28,SETTLED
TXN-92763,ACC-1164,393618.30,2026-08-09,SETTLED
TXN-99210,ACC-1335,361030.33,2026-07-12,SETTLED
TXN-46673,ACC-1098,100927.78,2026-07-14,SETTLED
TXN-09983,ACC-1254,123337.92,2026-08-23,PROCESSING
TXN-30982,ACC-1004,440378.84,2026-07-24,SETTLED
TXN-05143,ACC-1344,104659.04,2026-07-14,SETTLED
TXN-18638,ACC-1274,45520.89,2026-07-20,SETTLED
TXN-22277,ACC-1258,342713.51,2026-07-08,SETTLED
TXN-36768,ACC-1014,420932.13,2026-07-25,SETTLED
TXN-72845,ACC-1391,215223.94,2026-08-19,SETTLED
TXN-69026,ACC-1337,37299.08,2026-08-01,PENDING
TXN-60237,ACC-1308,10689.77,2026-07-05,PENDING
TXN-98697,ACC-1268,404691.74,2026-07-09,SETTLED
TXN-13596,ACC-1167,474041.71,2026-07-01,SETTLED
TXN-59423,ACC-1236,411387.02,2026-07-05,SETTLED
TXN-34658,ACC-1326,234896.51,2026-08-10,SETTLED
TXN-30047,ACC-1086,326515.93,2026-08-05,SETTLED
TXN-23100,ACC-1331,296092.78,2026-07-02,SETTLED
TXN-95559,ACC-1001,431659.53,2026-07-08,PROCESSING
TXN-63250,ACC-1302,487316.42,2026-07-26,SETTLED
TXN-34369,ACC-1002,289250.06,2026-07-15,SETTLED
TXN-20944,ACC-1166,434885.11,2026-08-17,SETTLED
TXN-66082,ACC-1361,74754.25,2026-08-05,PENDING
TXN-76852,ACC-1339,328118.93,2026-08-16,SETTLED
TXN-35020,ACC-1280,138600.41,2026-07-13,PROCESSING
TXN-71315,ACC-1391,366860.81,2026-08-26,SETTLED
TXN-12051,ACC-1134,232618.05,2026-07-18,PENDING
TXN-43435,ACC-1131,462548.55,2026-08-06,SETTLED
TXN-97967,ACC-1036,91689.02,2026-08-04,SETTLED
TXN-20940,ACC-1239,89089.51,2026-08-29,SETTLED
TXN-86168,ACC-1374,455416.98,2026-08-19,SETTLED
TXN-43691,ACC-1025,413809.41,2026-08-26,SETTLED
TXN-72888,ACC-1177,490002.73,2026-08-02,SETTLED
TXN-40942,ACC-1363,486916.56,2026-08-27,SETTLED
TXN-61348,ACC-1387,302103.70,2026-07-04,PROCESSING
TXN-99087,ACC-1134,92494.65,2026-08-06,SETTLED
TXN-23918,ACC-1106,407906.99,2026-07-16,SETTLED
TXN-43325,ACC-1044,46512.64,2026-07-11,PROCESSING
TXN-48327,ACC-1145,421598.27,2026-08-01,PENDING
TXN-51691,ACC-1261,26200.68,2026-08-29,SETTLED
TXN-95629,ACC-1243,94748.68,2026-08-11,PENDING
TXN-02870,ACC-1173,263977.87,2026-07-29,SETTLED
TXN-33306,ACC-1381,415736.33,2026-08-23,PROCESSING
TXN-59331,ACC-1203,316471.58,2026-08-08,SETTLED
TXN-09987,ACC-1241,162382.39,2026-08-17,PROCESSING
TXN-93832,ACC-1130,72592.81,2026-08-05,SETTLED
TXN-35749,ACC-1034,24644.98,2026-07-22,PROCESSING
TXN-72087,ACC-1185,483133.25,2026-07-10,SETTLED
TXN-04845,ACC-1349,123388.25,2026-08-06,PENDING
TXN-82007,ACC-1121,296506.06,2026-08-24,PENDING
TXN-56334,ACC-1358,291349.46,2026-08-17,SETTLED
TXN-22373,ACC-1063,242169.08,2026-07-21,PENDING
TXN-16692,ACC-1294,369513.61,2026-08-20,PENDING
TXN-38772,ACC-1250,460453.68,2026-07-14,SETTLED
TXN-15403,ACC-1154,227728.07,2026-07-09,PROCESSING
TXN-56715,ACC-1099,148547.88,2026-08-19,PENDING
TXN-68122,ACC-1107,199212.69,2026-08-03,SETTLED
TXN-80276,ACC-1363,369943.83,2026-07-07,PENDING
TXN-55142,ACC-1298,158969.44,2026-08-15,SETTLED
TXN-56756,ACC-1123,194829.93,2026-07-19,PENDING
TXN-18094,ACC-1229,411537.10,2026-07-28,PROCESSING
TXN-51656,ACC-1399,191674.04,2026-07-12,PENDING
TXN-75625,ACC-1045,129214.01,2026-07-23,SETTLED
TXN-06650,ACC-1145,219777.64,2026-07-02,SETTLED
TXN-22278,ACC-1147,157101.78,2026-08-17,PENDING
TXN-56570,ACC-1233,17528.07,2026-07-29,SETTLED
TXN-69761,ACC-1085,72049.04,2026-07-26,SETTLED
TXN-30633,ACC-1020,289298.60,2026-07-12,SETTLED
TXN-76374,ACC-1010,396881.11,2026-08-08,SETTLED
TXN-45081,ACC-1233,18381.56,2026-08-19,SETTLED
TXN-74023,ACC-1124,403469.88,2026-07-29,SETTLED
TXN-78479,ACC-1040,133850.95,2026-07-22,PROCESSING
TXN-98085,ACC-1331,50200.14,2026-07-24,SETTLED
TXN-32038,ACC-1247,304606.35,2026-07-11,PROCESSING
TXN-13149,ACC-1296,276056.57,2026-08-27,PENDING
TXN-80237,ACC-1258,257987.24,2026-07-18,PENDING
TXN-31611,ACC-1312,32498.63,2026-08-03,PENDING
TXN-68259,ACC-1248,353234.17,2026-07-20,SETTLED
TXN-41937,ACC-1397,224285.87,2026-07-29,SETTLED
TXN-44222,ACC-1211,476503.82,2026-07-02,SETTLED
TXN-38569,ACC-1299,281918.09,2026-07-17,PENDING
TXN-16385,ACC-1047,197748.72,2026-07-08,SETTLED
TXN-33964,ACC-1022,67965.43,2026-08-25,SETTLED
TXN-57833,ACC-1366,163339.18,2026-07-02,PENDING
TXN-86751,ACC-1006,185120.43,2026-08-24,PENDING
TXN-15576,ACC-1141,423948.89,2026-07-22,SETTLED
TXN-74351,ACC-1066,346474.63,2026-07-24,PENDING
TXN-27298,ACC-1067,43693.70,2026-08-24,SETTLED
TXN-38353,ACC-1180,256177.91,2026-07-01,PENDING
TXN-97762,ACC-1059,393929.61,2026-08-17,SETTLED
TXN-74146,ACC-1345,231454.65,2026-07-01,SETTLED
TXN-44459,ACC-1005,335686.08,2026-07-05,PROCESSING
TXN-20329,ACC-1336,454872.11,2026-08-28,PROCESSING
TXN-62070,ACC-1359,176813.82,2026-08-03,SETTLED
TXN-18754,ACC-1038,222973.83,2026-07-01,SETTLED
TXN-90293,ACC-1146,398071.26,2026-08-06,PROCESSING
TXN-85780,ACC-1140,232850.09,2026-08-24,SETTLED
TXN-63229,ACC-1066,69743.73,2026-08-21,SETTLED
TXN-89656,ACC-1090,330427.80,2026-07-24,PENDING
TXN-69923,ACC-1029,400425.34,2026-07-15,SETTLED
TXN-14026,ACC-1393,213197.51,2026-08-03,SETTLED
TXN-42138,ACC-1211,183342.99,2026-07-31,SETTLED
TXN-20939,ACC-1036,81645.46,2026-07-06,SETTLED
TXN-87180,ACC-1307,475052.71,2026-07-06,PENDING
TXN-20946,ACC-1240,458027.58,2026-08-28,SETTLED
TXN-87634,ACC-1094,408425.71,2026-07-27,SETTLED
TXN-72102,ACC-1172,320512.37,2026-08-21,SETTLED
TXN-84141,ACC-1086,117762.63,2026-08-08,SETTLED
TXN-84330,ACC-1204,32404.59,2026-08-22,PROCESSING
TXN-06815,ACC-1002,126942.06,2026-08-14,SETTLED
TXN-86276,ACC-1359,240214.50,2026-07-04,PENDING
TXN-42181,ACC-1227,473394.30,2026-08-05,SETTLED
TXN-13551,ACC-1194,143193.33,2026-08-24,SETTLED
TXN-28777,ACC-1107,153724.74,2026-07-05,SETTLED
TXN-35250,ACC-1016,315681.55,2026-08-01,PROCESSING
TXN-38890,ACC-1062,477885.71,2026-07-01,PROCESSING
TXN-65733,ACC-1380,378845.27,2026-08-13,SETTLED
TXN-17946,ACC-1133,356822.52,2026-07-28,PROCESSING
TXN-66839,ACC-1021,272651.80,2026-07-02,PENDING
TXN-60698,ACC-1246,118867.33,2026-08-05,SETTLED
TXN-51200,ACC-1092,473215.72,2026-08-03,SETTLED
TXN-26937,ACC-1091,362543.24,2026-07-09,SETTLED
TXN-77078,ACC-1294,266641.84,2026-08-17,SETTLED
TXN-62591,ACC-1030,133961.67,2026-07-15,PROCESSING
TXN-83605,ACC-1113,196517.40,2026-08-01,SETTLED
TXN-45233,ACC-1219,109606.87,2026-07-13,PROCESSING
TXN-40853,ACC-1275,169866.68,2026-07-07,SETTLED
TXN-72057,ACC-1223,79501.98,2026-08-26,SETTLED
TXN-61586,ACC-1216,39125.62,2026-08-22,PROCESSING
TXN-41247,ACC-1315,79114.24,2026-08-10,SETTLED
TXN-67105,ACC-1322,372922.59,2026-08-24,PROCESSING
TXN-71599,ACC-1392,318916.34,2026-07-15,SETTLED
TXN-69018,ACC-1290,346449.67,2026-07-23,SETTLED
TXN-31633,ACC-1271,336736.68,2026-08-10,SETTLED
TXN-75717,ACC-1170,29329.27,2026-07-10,SETTLED
TXN-65667,ACC-1214,120369.63,2026-08-01,PENDING
TXN-12768,ACC-1048,308312.27,2026-07-05,SETTLED
TXN-13600,ACC-1016,123610.86,2026-08-15,PROCESSING
TXN-50779,ACC-1293,85399.19,2026-07-10,SETTLED
TXN-79308,ACC-1255,305004.50,2026-07-28,SETTLED
TXN-81722,ACC-1063,314164.43,2026-08-24,SETTLED
TXN-30165,ACC-1367,472406.79,2026-07-06,PENDING
TXN-37817,ACC-1148,429936.79,2026-07-16,SETTLED
TXN-42420,ACC-1036,291521.39,2026-07-23,SETTLED
TXN-59018,ACC-1244,119185.55,2026-07-22,SETTLED
TXN-31877,ACC-1035,211165.85,2026-07-31,PENDING
TXN-97472,ACC-1365,134862.11,2026-08-03,PENDING
TXN-60845,ACC-1087,233525.44,2026-07-24,PROCESSING
TXN-83671,ACC-1278,226633.25,2026-07-18,PROCESSING
TXN-60697,ACC-1018,432011.59,2026-07-12,SETTLED
TXN-61203,ACC-1361,254254.48,2026-08-19,SETTLED
TXN-37063,ACC-1347,290970.46,2026-08-27,SETTLED
TXN-07038,ACC-1231,198065.43,2026-08-08,SETTLED
TXN-58879,ACC-1121,395038.06,2026-08-15,PENDING
TXN-65366,ACC-1124,431515.29,2026-08-24,PROCESSING
TXN-21634,ACC-1334,472266.41,2026-07-21,SETTLED
TXN-71600,ACC-1184,222388.55,2026-08-10,SETTLED
TXN-59108,ACC-1382,413694.04,2026-08-12,PENDING
TXN-80616,ACC-1396,192632.75,2026-07-07,PROCESSING
TXN-46483,ACC-1186,22036.38,2026-08-23,SETTLED
TXN-82411,ACC-1091,327912.24,2026-08-25,PENDING
TXN-98830,ACC-1141,398171.09,2026-07-28,SETTLED
TXN-19309,ACC-1160,71876.81,2026-08-22,SETTLED
TXN-97603,ACC-1265,499795.82,2026-08-18,SETTLED
TXN-66479,ACC-1171,434874.73,2026-08-25,SETTLED
TXN-23232,ACC-1182,378657.85,2026-07-21,SETTLED
TXN-59308,ACC-1091,71422.51,2026-08-08,SETTLED
TXN-50287,ACC-1172,443826.50,2026-07-29,SETTLED
TXN-18587,ACC-1137,485362.77,2026-08-08,SETTLED
TXN-18585,ACC-1349,31995.34,2026-07-26,SETTLED
TXN-62530,ACC-1050,395871.54,2026-07-22,SETTLED
TXN-75456,ACC-1280,278382.28,2026-07-05,PENDING
TXN-61523,ACC-1070,160294.23,2026-07-01,SETTLED
TXN-70400,ACC-1011,170159.41,2026-07-31,SETTLED
TXN-37255,ACC-1341,441206.21,2026-07-21,SETTLED
TXN-77857,ACC-1166,165274.52,2026-07-21,SETTLED
TXN-63295,ACC-1016,405817.04,2026-08-09,SETTLED
TXN-53027,ACC-1297,406422.38,2026-07-23,PENDING
TXN-07048,ACC-1394,82690.34,2026-07-03,SETTLED
TXN-21730,ACC-1182,419191.02,2026-07-07,PROCESSING
TXN-85973,ACC-1285,436300.20,2026-08-13,SETTLED
TXN-42897,ACC-1117,451473.76,2026-08-06,PENDING
TXN-35187,ACC-1212,162438.90,2026-07-01,SETTLED
TXN-96431,ACC-1294,149042.79,2026-07-19,PROCESSING
TXN-10421,ACC-1275,143040.73,2026-08-07,SETTLED
TXN-46255,ACC-1188,374512.67,2026-08-13,SETTLED
TXN-57910,ACC-1124,361141.45,2026-08-18,SETTLED
TXN-07697,ACC-1008,413958.96,2026-07-08,PROCESSING
TXN-99875,ACC-1149,118069.29,2026-07-10,SETTLED
TXN-90333,ACC-1078,311935.17,2026-08-14,SETTLED
TXN-50635,ACC-1332,162938.86,2026-08-25,PENDING
TXN-03319,ACC-1323,484942.23,2026-07-07,SETTLED
TXN-54052,ACC-1180,92018.17,2026-08-20,SETTLED
TXN-23922,ACC-1231,109255.74,2026-08-18,SETTLED
TXN-16467,ACC-1074,353888.56,2026-08-04,SETTLED
TXN-94214,ACC-1013,236008.39,2026-07-08,SETTLED
TXN-38103,ACC-1181,489820.00,2026-08-07,PROCESSING
TXN-56497,ACC-1391,22791.07,2026-07-21,PROCESSING
TXN-61316,ACC-1168,351757.48,2026-07-16,SETTLED
TXN-86201,ACC-1085,323391.93,2026-07-03,SETTLED
TXN-12072,ACC-1007,8053.20,2026-08-18,SETTLED
TXN-43780,ACC-1390,405855.66,2026-08-11,SETTLED
TXN-12731,ACC-1146,106733.22,2026-08-17,SETTLED
TXN-77284,ACC-1109,489444.76,2026-08-06,SETTLED
TXN-94399,ACC-1323,224102.99,2026-08-07,SETTLED
TXN-61971,ACC-1148,372307.17,2026-07-15,SETTLED
TXN-89307,ACC-1116,124462.07,2026-07-03,SETTLED
TXN-93059,ACC-1116,244446.12,2026-08-29,PROCESSING
TXN-39913,ACC-1137,192567.67,2026-07-23,PENDING
TXN-85220,ACC-1120,365292.51,2026-07-13,PENDING
TXN-77007,ACC-1226,160533.41,2026-07-02,PENDING
TXN-91510,ACC-1261,341180.78,2026-08-11,SETTLED
TXN-67193,ACC-1384,490123.64,2026-07-29,SETTLED
TXN-18032,ACC-1296,155866.06,2026-07-07,SETTLED
TXN-08920,ACC-1280,209051.10,2026-07-31,PENDING
TXN-76752,ACC-1215,398265.21,2026-08-23,SETTLED
TXN-09275,ACC-1320,46288.90,2026-07-29,SETTLED
TXN-59687,ACC-1055,276567.83,2026-08-24,SETTLED
TXN-58683,ACC-1397,301694.99,2026-06-30,SETTLED
TXN-54133,ACC-1035,193572.06,2026-08-12,SETTLED
TXN-48450,ACC-1175,183461.85,2026-07-18,SETTLED
TXN-15285,ACC-1272,53093.49,2026-07-07,SETTLED
TXN-75732,ACC-1356,147820.33,2026-08-14,SETTLED
TXN-79046,ACC-1082,86878.04,2026-07-15,PENDING
TXN-11108,ACC-1353,15845.02,2026-07-20,PENDING
TXN-10711,ACC-1270,476412.83,2026-08-01,PENDING
TXN-66155,ACC-1176,149301.70,2026-07-18,PENDING
TXN-13263,ACC-1064,293265.35,2026-07-22,SETTLED
TXN-33451,ACC-1150,227409.43,2026-08-24,SETTLED
TXN-84350,ACC-1014,267482.90,2026-08-20,SETTLED
TXN-12845,ACC-1129,175772.89,2026-08-26,SETTLED
TXN-59793,ACC-1306,247665.45,2026-07-02,SETTLED
TXN-65000,ACC-1166,92444.30,2026-08-27,SETTLED
TXN-99790,ACC-1199,100943.64,2026-08-17,SETTLED
TXN-79801,ACC-1285,331522.73,2026-07-26,SETTLED
TXN-26820,ACC-1004,33363.65,2026-07-01,SETTLED
TXN-09501,ACC-1250,413257.90,2026-07-12,SETTLED
TXN-47588,ACC-1042,376283.50,2026-08-16,SETTLED
TXN-81688,ACC-1316,427853.25,2026-08-06,SETTLED
TXN-32811,ACC-1143,189545.17,2026-07-09,SETTLED
TXN-82699,ACC-1177,345732.98,2026-08-03,SETTLED
TXN-10008,ACC-1278,233900.78,2026-07-17,SETTLED
TXN-47872,ACC-1046,274567.12,2026-07-11,SETTLED
TXN-81214,ACC-1317,358719.54,2026-08-11,SETTLED
TXN-50407,ACC-1157,196226.85,2026-08-13,SETTLED
TXN-75317,ACC-1127,407024.45,2026-07-02,SETTLED
TXN-90251,ACC-1254,425074.11,2026-08-07,SETTLED
TXN-84206,ACC-1319,420368.74,2026-07-05,SETTLED
TXN-51025,ACC-1343,324474.69,2026-08-26,SETTLED
TXN-28891,ACC-1070,259114.02,2026-07-27,SETTLED
TXN-90527,ACC-1066,89648.92,2026-07-13,SETTLED
TXN-64975,ACC-1144,232671.63,2026-07-19,PENDING
TXN-62248,ACC-1236,461288.70,2026-08-20,SETTLED
TXN-55756,ACC-1381,118588.08,2026-08-10,PROCESSING
TXN-98169,ACC-1377,90545.75,2026-07-04,PROCESSING
TXN-73924,ACC-1317,36122.83,2026-07-16,PENDING
TXN-11044,ACC-1273,405836.33,2026-07-29,SETTLED
TXN-55334,ACC-1319,495314.14,2026-08-18,SETTLED
TXN-43877,ACC-1143,359555.36,2026-07-03,SETTLED
TXN-68531,ACC-1057,330670.24,2026-07-23,SETTLED
TXN-98051,ACC-1011,282246.67,2026-08-13,PENDING
TXN-72728,ACC-1236,473069.84,2026-08-29,PROCESSING
TXN-53141,ACC-1154,189138.74,2026-07-11,SETTLED
TXN-31476,ACC-1166,120315.82,2026-08-03,SETTLED
TXN-69030,ACC-1341,356880.20,2026-08-12,SETTLED
TXN-26883,ACC-1210,413718.08,2026-08-11,SETTLED
TXN-03713,ACC-1273,111144.12,2026-07-26,PROCESSING
TXN-96999,ACC-1281,101515.46,2026-07-11,SETTLED
TXN-08879,ACC-1191,151298.86,2026-08-15,SETTLED
TXN-91135,ACC-1237,7011.39,2026-08-21,SETTLED
TXN-43814,ACC-1113,129601.51,2026-07-02,PENDING
TXN-74412,ACC-1085,498629.14,2026-07-23,SETTLED
TXN-19066,ACC-1240,282580.87,2026-07-09,SETTLED
TXN-32446,ACC-1077,36759.39,2026-07-08,PROCESSING
TXN-75686,ACC-1171,39730.56,2026-07-08,PENDING
TXN-94616,ACC-1120,323834.35,2026-07-19,PROCESSING
TXN-49479,ACC-1372,479941.29,2026-08-16,PROCESSING
TXN-25663,ACC-1280,99973.09,2026-07-06,SETTLED
TXN-51187,ACC-1350,242431.35,2026-07-08,PENDING
TXN-07032,ACC-1136,474068.07,2026-08-09,SETTLED
TXN-47505,ACC-1246,152705.54,2026-07-27,SETTLED
TXN-04479,ACC-1394,151623.46,2026-08-11,PROCESSING
TXN-08659,ACC-1103,148383.23,2026-08-08,PENDING
TXN-30685,ACC-1306,295447.42,2026-08-03,SETTLED
TXN-91818,ACC-1316,158847.57,2026-06-30,SETTLED
TXN-91480,ACC-1125,260836.81,2026-07-13,PENDING
TXN-10134,ACC-1120,34301.21,2026-07-31,SETTLED
TXN-74121,ACC-1052,29277.43,2026-08-02,PROCESSING
TXN-05924,ACC-1398,267017.70,2026-08-13,SETTLED
TXN-32597,ACC-1003,432910.06,2026-07-30,SETTLED
TXN-40907,ACC-1163,352498.63,2026-08-08,SETTLED
TXN-66736,ACC-1219,272786.13,2026-08-09,SETTLED
TXN-78473,ACC-1393,137569.45,2026-08-16,SETTLED
TXN-34858,ACC-1199,238209.93,2026-07-25,PROCESSING
TXN-06893,ACC-1328,27650.83,2026-07-01,SETTLED
TXN-61180,ACC-1078,175821.86,2026-07-22,SETTLED
TXN-06093,ACC-1329,85688.87,2026-08-04,SETTLED
TXN-87615,ACC-1154,238248.26,2026-07-12,PENDING
TXN-20223,ACC-1263,197123.87,2026-07-18,SETTLED
TXN-98864,ACC-1130,288631.21,2026-07-05,PROCESSING
TXN-16051,ACC-1094,212314.28,2026-07-07,SETTLED
TXN-93538,ACC-1247,189839.35,2026-07-23,SETTLED
TXN-80375,ACC-1293,102547.26,2026-07-14,SETTLED
TXN-42804,ACC-1109,405765.79,2026-08-10,SETTLED
TXN-58174,ACC-1200,139372.52,2026-07-10,PROCESSING
TXN-24201,ACC-1058,316904.05,2026-07-20,SETTLED
TXN-75222,ACC-1078,142961.92,2026-08-02,SETTLED
TXN-93803,ACC-1239,315257.51,2026-08-27,SETTLED
TXN-45901,ACC-1365,393744.88,2026-08-06,SETTLED
TXN-79139,ACC-1051,205819.24,2026-07-27,SETTLED
TXN-55625,ACC-1193,150609.36,2026-07-27,SETTLED
TXN-67313,ACC-1005,393492.50,2026-08-01,PENDING
TXN-54409,ACC-1027,233717.32,2026-07-28,PROCESSING
TXN-84904,ACC-1208,396940.42,2026-07-27,SETTLED
TXN-19299,ACC-1081,81682.77,2026-08-21,PROCESSING
TXN-32047,ACC-1218,327705.14,2026-07-20,SETTLED
TXN-67367,ACC-1134,321657.65,2026-07-01,SETTLED
TXN-72262,ACC-1349,313775.09,2026-08-29,SETTLED
TXN-84186,ACC-1204,87313.18,2026-08-16,PROCESSING
TXN-87036,ACC-1264,186575.45,2026-08-28,SETTLED
TXN-71277,ACC-1179,435979.67,2026-07-22,SETTLED
TXN-73276,ACC-1120,37667.23,2026-08-05,PENDING
TXN-71254,ACC-1392,495656.36,2026-08-27,SETTLED
TXN-82601,ACC-1275,204189.08,2026-08-17,SETTLED
TXN-91327,ACC-1247,94570.64,2026-07-11,SETTLED
TXN-96612,ACC-1235,288578.46,2026-07-09,SETTLED
TXN-82293,ACC-1147,449742.32,2026-07-01,PROCESSING
TXN-58472,ACC-1370,10972.61,2026-08-29,PROCESSING
TXN-54576,ACC-1134,252284.80,2026-08-09,PROCESSING
TXN-30307,ACC-1293,61351.97,2026-08-16,SETTLED
TXN-73987,ACC-1297,214210.45,2026-08-21,SETTLED
TXN-15121,ACC-1343,10651.75,2026-08-17,PENDING
TXN-50252,ACC-1096,111518.92,2026-08-01,SETTLED
TXN-78248,ACC-1206,65440.58,2026-07-12,SETTLED
TXN-21360,ACC-1108,245263.53,2026-07-28,SETTLED
TXN-02237,ACC-1134,399331.87,2026-07-14,SETTLED
TXN-93128,ACC-1323,399804.46,2026-06-30,SETTLED
TXN-61510,ACC-1071,378570.90,2026-08-19,PENDING
TXN-61662,ACC-1133,496437.30,2026-07-14,SETTLED
TXN-29440,ACC-1299,172566.31,2026-07-25,SETTLED
TXN-45277,ACC-1093,360319.19,2026-07-10,SETTLED
TXN-22629,ACC-1267,361962.61,2026-08-17,SETTLED
TXN-39850,ACC-1173,205485.84,2026-07-18,PENDING
TXN-49490,ACC-1166,430767.78,2026-08-11,SETTLED
TXN-08283,ACC-1002,431529.93,2026-08-09,PENDING
TXN-34214,ACC-1100,194336.02,2026-08-07,PENDING
TXN-67068,ACC-1131,186053.28,2026-08-23,SETTLED
TXN-67871,ACC-1344,294789.19,2026-07-04,SETTLED
TXN-63494,ACC-1230,69608.90,2026-07-28,SETTLED
TXN-59067,ACC-1022,107060.50,2026-07-30,SETTLED
TXN-53133,ACC-1291,243656.42,2026-08-07,SETTLED
TXN-06338,ACC-1321,143781.43,2026-08-20,SETTLED
TXN-85777,ACC-1098,91464.46,2026-07-22,SETTLED
TXN-99269,ACC-1133,433862.64,2026-08-27,SETTLED
TXN-33890,ACC-1230,90500.91,2026-07-23,SETTLED
TXN-65839,ACC-1358,139565.12,2026-07-31,SETTLED
TXN-96476,ACC-1169,217757.87,2026-07-28,SETTLED
TXN-28805,ACC-1176,316439.57,2026-07-06,SETTLED
TXN-37485,ACC-1143,199566.20,2026-07-03,SETTLED
TXN-89454,ACC-1330,77869.08,2026-07-07,PROCESSING
TXN-11850,ACC-1269,395981.26,2026-07-26,SETTLED
TXN-73059,ACC-1119,197384.39,2026-08-15,SETTLED
TXN-53544,ACC-1345,197760.37,2026-08-09,SETTLED
TXN-69600,ACC-1263,5729.06,2026-08-13,SETTLED
TXN-75376,ACC-1190,149559.17,2026-07-19,SETTLED
TXN-36246,ACC-1045,488772.09,2026-08-18,SETTLED
TXN-34284,ACC-1111,228800.52,2026-07-16,SETTLED
TXN-19812,ACC-1239,366190.59,2026-06-30,SETTLED
TXN-08464,ACC-1383,49993.69,2026-07-13,PENDING
TXN-33143,ACC-1056,125060.43,2026-08-10,PROCESSING
TXN-13285,ACC-1170,312245.62,2026-08-04,PENDING
TXN-18104,ACC-1079,392855.86,2026-08-15,SETTLED
TXN-80061,ACC-1380,367490.33,2026-06-30,SETTLED
TXN-07874,ACC-1156,356740.56,2026-07-24,SETTLED
TXN-08412,ACC-1296,201481.85,2026-07-10,SETTLED
TXN-30778,ACC-1228,368057.20,2026-08-02,SETTLED
TXN-46813,ACC-1346,414230.42,2026-08-02,SETTLED
TXN-36520,ACC-1189,31409.22,2026-07-10,SETTLED
TXN-23065,ACC-1337,453511.63,2026-07-15,SETTLED
TXN-32867,ACC-1371,55793.02,2026-07-23,SETTLED
TXN-02343,ACC-1072,130228.52,2026-07-12,SETTLED
TXN-20489,ACC-1197,234067.13,2026-08-22,SETTLED
TXN-70327,ACC-1194,343773.29,2026-08-23,SETTLED
TXN-76502,ACC-1029,387816.02,2026-06-30,PROCESSING
TXN-63011,ACC-1071,354788.67,2026-07-31,PROCESSING
TXN-24799,ACC-1317,13842.30,2026-08-27,PENDING
TXN-02151,ACC-1302,346702.76,2026-07-02,SETTLED
TXN-47547,ACC-1196,31206.38,2026-07-16,PENDING
TXN-23504,ACC-1141,450528.20,2026-08-10,SETTLED
TXN-69886,ACC-1128,213536.16,2026-07-10,SETTLED
TXN-34083,ACC-1282,80062.53,2026-07-20,SETTLED
TXN-70300,ACC-1267,338248.87,2026-08-24,SETTLED
TXN-60978,ACC-1070,218232.43,2026-08-19,PENDING
TXN-17696,ACC-1193,362063.48,2026-07-21,PROCESSING
TXN-92858,ACC-1072,302821.50,2026-08-28,PENDING
TXN-88258,ACC-1123,287198.79,2026-07-26,SETTLED
TXN-11105,ACC-1007,385376.39,2026-08-29,SETTLED
TXN-25493,ACC-1268,159241.68,2026-08-14,SETTLED
TXN-63933,ACC-1350,123257.12,2026-08-21,SETTLED
TXN-87013,ACC-1152,444475.06,2026-07-19,SETTLED
TXN-08523,ACC-1102,377626.22,2026-07-14,SETTLED
TXN-13390,ACC-1143,466950.51,2026-07-22,SETTLED
TXN-05387,ACC-1379,201636.43,2026-08-03,SETTLED
TXN-57195,ACC-1241,220996.58,2026-07-24,SETTLED
TXN-35252,ACC-1231,14808.24,2026-07-12,SETTLED
TXN-95780,ACC-1025,403314.84,2026-07-13,SETTLED
TXN-09673,ACC-1329,177586.21,2026-08-25,SETTLED
TXN-38886,ACC-1011,140338.89,2026-07-29,SETTLED
TXN-58543,ACC-1234,214190.67,2026-07-23,SETTLED
TXN-14753,ACC-1014,105479.55,2026-07-12,PROCESSING
TXN-36914,ACC-1152,466000.45,2026-08-08,SETTLED
TXN-91759,ACC-1023,84101.55,2026-08-16,SETTLED
TXN-09194,ACC-1080,335845.55,2026-07-10,PROCESSING
TXN-88148,ACC-1232,81766.88,2026-07-10,PENDING
TXN-44754,ACC-1274,67920.67,2026-07-18,PROCESSING
TXN-90167,ACC-1007,53596.98,2026-07-01,SETTLED
TXN-29711,ACC-1079,280524.41,2026-07-09,SETTLED
TXN-09245,ACC-1273,90537.78,2026-06-30,SETTLED
TXN-89660,ACC-1284,61399.89,2026-08-06,SETTLED
TXN-76785,ACC-1070,402361.89,2026-07-27,PROCESSING
TXN-24852,ACC-1082,416531.35,2026-08-12,PENDING
TXN-53012,ACC-1313,237513.70,2026-08-04,SETTLED
TXN-73492,ACC-1256,30943.33,2026-08-15,SETTLED
TXN-31087,ACC-1396,418069.50,2026-08-13,PENDING
TXN-78286,ACC-1392,211937.47,2026-07-18,PENDING
TXN-32898,ACC-1363,259421.52,2026-07-13,PENDING
TXN-81893,ACC-1143,61642.38,2026-08-04,PROCESSING
TXN-06887,ACC-1068,483605.72,2026-07-31,SETTLED
TXN-55139,ACC-1131,48660.93,2026-07-02,PENDING
TXN-28346,ACC-1288,49255.36,2026-06-30,SETTLED
TXN-53270,ACC-1291,432206.68,2026-07-03,SETTLED
TXN-59279,ACC-1276,224283.48,2026-08-22,PENDING
TXN-58972,ACC-1114,223070.84,2026-07-17,SETTLED
TXN-95857,ACC-1203,12282.47,2026-07-30,PENDING
TXN-56044,ACC-1117,366835.73,2026-08-06,SETTLED
TXN-49045,ACC-1037,158161.36,2026-08-05,SETTLED
TXN-86200,ACC-1239,258523.03,2026-08-03,PENDING
TXN-81633,ACC-1034,429146.75,2026-08-09,PROCESSING
TXN-38428,ACC-1165,285137.30,2026-08-01,PENDING
TXN-74259,ACC-1256,381723.32,2026-08-23,SETTLED
TXN-33832,ACC-1054,78022.78,2026-08-10,PROCESSING
TXN-03959,ACC-1077,181224.41,2026-07-09,SETTLED
TXN-05849,ACC-1062,140296.22,2026-07-10,SETTLED
TXN-61992,ACC-1010,170694.55,2026-07-08,PENDING
TXN-57730,ACC-1019,433052.54,2026-08-12,SETTLED
TXN-68671,ACC-1176,379495.89,2026-07-16,SETTLED
TXN-71792,ACC-1205,496205.55,2026-07-29,SETTLED
TXN-27866,ACC-1312,159666.78,2026-08-24,PENDING
TXN-31881,ACC-1312,243365.78,2026-08-29,SETTLED
TXN-28818,ACC-1035,69876.79,2026-08-20,SETTLED
TXN-12634,ACC-1047,30213.56,2026-08-03,SETTLED
TXN-57632,ACC-1305,397875.92,2026-08-23,SETTLED
TXN-91985,ACC-1283,249464.34,2026-07-08,SETTLED
TXN-51397,ACC-1181,263413.44,2026-08-29,SETTLED
TXN-77472,ACC-1017,31118.82,2026-07-24,SETTLED
TXN-50983,ACC-1152,472234.50,2026-08-05,SETTLED
TXN-31897,ACC-1227,414428.44,2026-07-28,SETTLED
TXN-17566,ACC-1385,401493.42,2026-07-11,SETTLED
TXN-08886,ACC-1284,54864.53,2026-08-06,PROCESSING
TXN-70199,ACC-1181,343157.16,2026-07-11,SETTLED
TXN-35418,ACC-1228,82411.15,2026-08-27,SETTLED
TXN-91219,ACC-1052,296507.23,2026-08-20,SETTLED
TXN-56482,ACC-1349,487487.21,2026-08-06,SETTLED
TXN-38080,ACC-1307,270121.48,2026-07-30,SETTLED
TXN-65176,ACC-1079,336279.05,2026-07-28,PROCESSING
TXN-33413,ACC-1368,371510.94,2026-07-21,SETTLED
TXN-49202,ACC-1132,24650.83,2026-08-13,SETTLED
TXN-14781,ACC-1063,179106.76,2026-08-29,SETTLED
TXN-38190,ACC-1263,304632.75,2026-07-13,SETTLED
TXN-94209,ACC-1151,355424.94,2026-07-23,SETTLED
TXN-93126,ACC-1248,248956.58,2026-08-22,PENDING
TXN-77167,ACC-1223,125962.89,2026-08-03,SETTLED
TXN-87575,ACC-1228,155473.33,2026-07-01,SETTLED
TXN-15101,ACC-1076,415064.36,2026-08-20,PENDING
TXN-81766,ACC-1073,13073.64,2026-07-13,PENDING
TXN-67205,ACC-1355,142566.28,2026-07-20,SETTLED
TXN-33828,ACC-1217,417892.60,2026-08-08,PENDING
TXN-16586,ACC-1035,69020.33,2026-07-12,SETTLED
TXN-27589,ACC-1154,106129.72,2026-07-16,SETTLED
TXN-50758,ACC-1128,328070.92,2026-08-12,PROCESSING
TXN-60415,ACC-1348,305215.82,2026-08-22,SETTLED
TXN-57785,ACC-1149,228283.68,2026-08-07,SETTLED
TXN-73798,ACC-1017,466428.81,2026-08-29,PROCESSING
TXN-34188,ACC-1342,71359.60,2026-08-10,SETTLED
TXN-11991,ACC-1308,236242.75,2026-08-29,SETTLED
TXN-28789,ACC-1052,5057.69,2026-07-12,SETTLED
TXN-11523,ACC-1390,432889.18,2026-08-13,SETTLED
TXN-88487,ACC-1071,482866.92,2026-08-28,SETTLED
TXN-38321,ACC-1005,244476.64,2026-08-09,PENDING
TXN-56261,ACC-1174,312083.09,2026-08-23,SETTLED
TXN-06205,ACC-1291,261114.60,2026-08-16,SETTLED
TXN-51814,ACC-1093,430997.99,2026-07-11,SETTLED
TXN-17211,ACC-1359,429010.71,2026-07-10,SETTLED
TXN-77163,ACC-1164,79806.17,2026-08-28,PENDING
TXN-85526,ACC-1306,23575.04,2026-07-07,PENDING
TXN-31666,ACC-1308,457049.67,2026-08-26,SETTLED
TXN-08636,ACC-1322,415758.52,2026-07-14,SETTLED
TXN-52254,ACC-1249,16396.24,2026-08-20,SETTLED
TXN-95063,ACC-1140,413824.01,2026-07-30,SETTLED
TXN-85277,ACC-1191,214231.68,2026-08-29,SETTLED
TXN-29198,ACC-1202,144119.09,2026-08-28,SETTLED
TXN-98421,ACC-1080,408406.96,2026-07-19,SETTLED
TXN-27780,ACC-1374,449499.72,2026-07-05,PENDING
TXN-26916,ACC-1390,455429.26,2026-07-25,SETTLED
TXN-65069,ACC-1392,144458.28,2026-08-16,SETTLED
TXN-36068,ACC-1144,357440.54,2026-08-06,SETTLED
TXN-83987,ACC-1079,459077.67,2026-07-05,SETTLED
TXN-52009,ACC-1069,84613.35,2026-08-07,PENDING
TXN-08357,ACC-1012,477982.89,2026-08-15,SETTLED
TXN-60335,ACC-1155,130259.08,2026-07-01,SETTLED
TXN-36150,ACC-1238,463728.25,2026-07-19,SETTLED
TXN-04688,ACC-1265,149341.91,2026-07-01,SETTLED
TXN-62602,ACC-1174,112363.83,2026-08-06,PENDING
TXN-69364,ACC-1069,315429.57,2026-08-03,PENDING
TXN-57106,ACC-1371,335205.32,2026-08-27,SETTLED
TXN-22664,ACC-1192,301217.38,2026-07-15,SETTLED
TXN-47307,ACC-1344,68547.37,2026-07-11,PROCESSING
TXN-27852,ACC-1390,363488.53,2026-08-01,SETTLED
TXN-66067,ACC-1018,332852.56,2026-07-07,SETTLED
TXN-52258,ACC-1182,340559.42,2026-08-27,SETTLED
TXN-20440,ACC-1090,491459.08,2026-07-28,SETTLED
TXN-88864,ACC-1334,411897.18,2026-08-21,SETTLED
TXN-08111,ACC-1322,73853.84,2026-07-09,PENDING
TXN-72943,ACC-1312,481654.75,2026-08-06,PENDING
TXN-19905,ACC-1376,9852.49,2026-08-21,PROCESSING
TXN-10374,ACC-1321,418357.30,2026-08-29,SETTLED
TXN-81128,ACC-1308,246414.80,2026-08-14,SETTLED
TXN-30741,ACC-1149,290852.53,2026-07-31,SETTLED
TXN-17890,ACC-1105,45679.03,2026-06-30,PROCESSING
TXN-34076,ACC-1215,275062.71,2026-08-17,SETTLED
TXN-06294,ACC-1158,20768.78,2026-07-26,SETTLED
TXN-21886,ACC-1037,278658.53,2026-08-17,SETTLED
TXN-09259,ACC-1165,48969.33,2026-08-22,PROCESSING
TXN-11446,ACC-1140,251131.69,2026-07-14,SETTLED
TXN-83048,ACC-1269,261395.58,2026-07-01,SETTLED
TXN-51710,ACC-1020,478598.90,2026-08-27,SETTLED
TXN-12958,ACC-1127,291539.95,2026-07-01,PROCESSING
TXN-74050,ACC-1373,308751.74,2026-07-06,SETTLED
TXN-35367,ACC-1024,47678.31,2026-06-30,PENDING
TXN-99420,ACC-1243,242303.68,2026-08-03,SETTLED
TXN-27573,ACC-1075,109403.36,2026-07-02,SETTLED
TXN-16028,ACC-1350,49408.64,2026-07-31,SETTLED
TXN-35345,ACC-1385,311861.28,2026-08-07,PENDING
TXN-56963,ACC-1034,46831.96,2026-08-15,SETTLED
TXN-75189,ACC-1107,191891.04,2026-08-26,PENDING
TXN-40764,ACC-1368,193461.48,2026-07-29,SETTLED
TXN-58728,ACC-1360,321300.12,2026-08-16,SETTLED
TXN-30424,ACC-1116,44461.09,2026-07-03,SETTLED
TXN-31568,ACC-1242,219405.99,2026-07-02,SETTLED
TXN-14847,ACC-1170,413780.64,2026-07-13,SETTLED
TXN-24679,ACC-1384,115148.73,2026-08-01,PENDING
TXN-74962,ACC-1072,328468.37,2026-07-08,SETTLED
TXN-44960,ACC-1374,454197.41,2026-08-18,PENDING
TXN-75604,ACC-1202,216550.30,2026-08-07,SETTLED
TXN-25090,ACC-1104,440340.02,2026-08-24,SETTLED
TXN-71746,ACC-1040,10747.80,2026-08-27,SETTLED
TXN-35519,ACC-1381,248207.04,2026-08-01,SETTLED
TXN-56017,ACC-1024,397922.50,2026-08-28,SETTLED
TXN-03235,ACC-1099,75082.69,2026-08-18,SETTLED
TXN-03281,ACC-1370,139095.05,2026-07-16,PENDING
TXN-23370,ACC-1012,499504.07,2026-08-29,PROCESSING
TXN-20504,ACC-1173,320851.27,2026-08-21,SETTLED
TXN-82388,ACC-1236,404588.71,2026-08-24,PENDING
TXN-40482,ACC-1094,244300.31,2026-07-16,SETTLED
TXN-43591,ACC-1120,202299.73,2026-07-20,SETTLED
TXN-75852,ACC-1090,424231.19,2026-07-03,SETTLED
TXN-70022,ACC-1301,472779.01,2026-07-21,PROCESSING
TXN-74141,ACC-1256,129015.63,2026-08-29,PROCESSING
TXN-30241,ACC-1109,236246.23,2026-07-20,PENDING
TXN-64557,ACC-1338,224048.74,2026-07-21,PROCESSING
TXN-84705,ACC-1288,493193.39,2026-08-07,SETTLED
TXN-93092,ACC-1010,287595.74,2026-08-18,SETTLED
TXN-08812,ACC-1255,135687.48,2026-08-27,SETTLED
TXN-16774,ACC-1011,32545.19,2026-08-18,SETTLED
TXN-26661,ACC-1000,75300.18,2026-08-08,PROCESSING
TXN-01929,ACC-1190,385772.75,2026-08-03,SETTLED
TXN-05519,ACC-1133,129336.98,2026-08-08,PROCESSING
TXN-70434,ACC-1081,435835.21,2026-07-04,SETTLED
TXN-73344,ACC-1183,121514.18,2026-08-01,PENDING
TXN-39184,ACC-1214,481239.63,2026-08-20,SETTLED
TXN-09864,ACC-1342,114765.55,2026-08-12,SETTLED
TXN-15768,ACC-1344,404279.21,2026-08-13,SETTLED
TXN-25571,ACC-1289,231962.08,2026-08-22,SETTLED
TXN-05338,ACC-1348,40011.55,2026-07-14,PENDING
TXN-29288,ACC-1381,152374.44,2026-08-16,PENDING
TXN-99762,ACC-1304,125308.86,2026-08-25,SETTLED
TXN-31923,ACC-1342,426526.51,2026-08-11,SETTLED
TXN-35337,ACC-1299,406433.75,2026-07-28,SETTLED
TXN-62840,ACC-1320,258127.99,2026-08-09,SETTLED
TXN-56106,ACC-1388,151543.30,2026-08-03,SETTLED
TXN-51362,ACC-1017,50782.75,2026-08-01,SETTLED
TXN-48562,ACC-1297,139075.15,2026-07-12,PROCESSING
TXN-69668,ACC-1375,10681.18,2026-07-20,PROCESSING
TXN-51391,ACC-1383,490255.78,2026-08-03,PROCESSING
TXN-86313,ACC-1008,114143.87,2026-07-19,SETTLED
TXN-72220,ACC-1034,109962.22,2026-07-23,SETTLED
TXN-04414,ACC-1241,479073.66,2026-07-28,SETTLED
TXN-48246,ACC-1279,156424.96,2026-08-21,PENDING
TXN-33391,ACC-1099,205831.46,2026-07-19,SETTLED
TXN-51980,ACC-1058,409915.78,2026-08-02,PROCESSING
TXN-40788,ACC-1331,242560.78,2026-08-16,PROCESSING
TXN-62729,ACC-1013,413524.37,2026-07-13,SETTLED
TXN-25098,ACC-1312,391265.40,2026-08-23,PENDING
TXN-38168,ACC-1188,391177.67,2026-07-03,SETTLED
TXN-01590,ACC-1171,211808.07,2026-07-22,PROCESSING
TXN-84167,ACC-1383,431819.73,2026-08-02,SETTLED
TXN-37430,ACC-1153,378295.90,2026-07-05,PROCESSING
TXN-66013,ACC-1263,181589.25,2026-08-13,SETTLED
TXN-86128,ACC-1038,103664.70,2026-07-31,SETTLED
TXN-88815,ACC-1187,446814.75,2026-07-27,PROCESSING
TXN-70087,ACC-1180,114273.67,2026-08-02,SETTLED
TXN-26236,ACC-1183,482198.03,2026-07-29,SETTLED
TXN-07206,ACC-1196,374681.57,2026-08-15,SETTLED
TXN-79204,ACC-1190,438805.82,2026-08-17,SETTLED
TXN-58054,ACC-1170,407386.86,2026-08-22,SETTLED
TXN-16547,ACC-1029,375160.89,2026-08-25,SETTLED
TXN-71074,ACC-1371,408043.57,2026-08-19,SETTLED
TXN-33826,ACC-1105,92616.19,2026-07-26,SETTLED
TXN-20417,ACC-1120,307094.74,2026-07-07,SETTLED
TXN-28092,ACC-1349,116942.06,2026-07-30,SETTLED
TXN-48217,ACC-1385,211981.70,2026-08-14,SETTLED
TXN-23614,ACC-1030,315121.67,2026-07-13,SETTLED
TXN-60508,ACC-1342,148686.97,2026-07-28,SETTLED
TXN-52537,ACC-1377,254284.77,2026-07-25,SETTLED
TXN-95649,ACC-1294,8933.33,2026-07-06,SETTLED
TXN-60397,ACC-1147,146356.55,2026-07-11,PENDING
TXN-50406,ACC-1280,111779.35,2026-08-05,SETTLED
TXN-90669,ACC-1364,407549.50,2026-08-25,SETTLED
TXN-86580,ACC-1125,330591.83,2026-07-22,PENDING
TXN-85656,ACC-1085,345866.89,2026-08-15,SETTLED
TXN-78376,ACC-1221,445716.26,2026-08-25,SETTLED
TXN-04941,ACC-1234,284160.84,2026-08-11,SETTLED
TXN-69453,ACC-1044,247883.45,2026-07-06,PENDING
TXN-91231,ACC-1380,114029.36,2026-07-11,PENDING
TXN-31001,ACC-1154,272353.61,2026-07-20,PROCESSING
TXN-56504,ACC-1033,245071.50,2026-07-10,SETTLED
TXN-31383,ACC-1389,290742.19,2026-08-25,SETTLED
TXN-93589,ACC-1162,96201.14,2026-07-06,SETTLED
TXN-93959,ACC-1397,35591.10,2026-08-14,SETTLED
TXN-50702,ACC-1291,117868.49,2026-07-06,PENDING
TXN-20979,ACC-1130,357185.31,2026-07-08,SETTLED
TXN-36097,ACC-1180,416502.99,2026-08-22,PROCESSING
TXN-66851,ACC-1271,328290.13,2026-07-12,SETTLED
TXN-26561,ACC-1379,402476.05,2026-07-31,SETTLED
TXN-85577,ACC-1135,251467.92,2026-08-22,PENDING
TXN-10466,ACC-1238,302873.14,2026-07-05,PENDING
TXN-19145,ACC-1320,450479.16,2026-08-13,SETTLED
TXN-81426,ACC-1173,472626.71,2026-07-20,SETTLED
TXN-75461,ACC-1149,369335.46,2026-07-04,PROCESSING
TXN-32225,ACC-1262,324369.35,2026-06-30,SETTLED
TXN-50910,ACC-1189,326688.59,2026-07-03,SETTLED
TXN-41255,ACC-1082,69813.06,2026-08-15,SETTLED
TXN-11258,ACC-1224,157361.15,2026-08-06,SETTLED
TXN-34943,ACC-1086,145742.18,2026-07-20,SETTLED
TXN-73695,ACC-1124,459056.63,2026-08-21,SETTLED
TXN-29302,ACC-1209,296637.05,2026-08-04,PROCESSING
TXN-16780,ACC-1218,404067.45,2026-08-26,PROCESSING
TXN-24707,ACC-1397,498228.46,2026-08-08,SETTLED
TXN-38026,ACC-1319,15245.14,2026-08-17,PENDING
TXN-99505,ACC-1007,57251.19,2026-07-05,SETTLED
TXN-66843,ACC-1330,74117.79,2026-08-19,PENDING
TXN-54438,ACC-1270,151062.00,2026-07-26,SETTLED
TXN-66660,ACC-1128,68776.76,2026-07-27,SETTLED
TXN-30992,ACC-1045,281386.76,2026-08-01,SETTLED
TXN-38276,ACC-1209,311105.00,2026-07-22,SETTLED
TXN-37610,ACC-1242,199216.98,2026-07-31,SETTLED
TXN-13111,ACC-1202,139098.62,2026-07-03,SETTLED
TXN-25609,ACC-1024,440483.20,2026-07-11,PROCESSING
TXN-75362,ACC-1372,269407.99,2026-08-04,PROCESSING
TXN-13370,ACC-1160,195414.29,2026-08-15,SETTLED
TXN-61516,ACC-1328,60183.60,2026-08-12,SETTLED
TXN-50158,ACC-1056,46889.08,2026-06-30,PROCESSING
TXN-84047,ACC-1288,452997.44,2026-08-02,SETTLED
TXN-08761,ACC-1316,123888.70,2026-07-16,SETTLED
TXN-60154,ACC-1189,92306.75,2026-07-02,PENDING
TXN-53360,ACC-1111,123239.96,2026-08-11,PENDING
TXN-19421,ACC-1132,123287.93,2026-07-04,PROCESSING
TXN-59475,ACC-1342,202152.29,2026-07-15,SETTLED
TXN-70439,ACC-1128,391240.70,2026-07-26,SETTLED
TXN-53613,ACC-1137,423933.02,2026-07-05,SETTLED
TXN-48310,ACC-1386,247838.36,2026-08-11,SETTLED
TXN-52055,ACC-1023,392081.78,2026-08-01,PROCESSING
TXN-63859,ACC-1216,137236.13,2026-07-22,SETTLED
TXN-96197,ACC-1251,223432.15,2026-07-31,SETTLED
TXN-68759,ACC-1250,66219.08,2026-07-13,SETTLED
TXN-18851,ACC-1088,68295.23,2026-07-18,SETTLED
TXN-39257,ACC-1142,133203.76,2026-07-23,SETTLED
TXN-32199,ACC-1040,311157.61,2026-08-19,SETTLED
TXN-67299,ACC-1085,405761.09,2026-08-28,PROCESSING
TXN-52267,ACC-1055,432927.06,2026-08-14,SETTLED
TXN-44049,ACC-1182,412883.74,2026-08-10,SETTLED
TXN-76067,ACC-1359,232652.39,2026-08-08,SETTLED
TXN-84376,ACC-1107,305787.01,2026-07-17,SETTLED
TXN-62453,ACC-1345,439106.54,2026-08-26,PROCESSING
TXN-80225,ACC-1330,419319.48,2026-08-21,SETTLED
TXN-03307,ACC-1030,386804.97,2026-08-08,SETTLED
TXN-27660,ACC-1135,413343.59,2026-07-14,SETTLED
TXN-42577,ACC-1392,439635.35,2026-07-04,SETTLED
TXN-73406,ACC-1218,436765.09,2026-06-30,PENDING
TXN-13618,ACC-1395,54044.71,2026-08-14,SETTLED
TXN-40721,ACC-1159,306395.47,2026-07-17,SETTLED
TXN-65683,ACC-1199,301245.13,2026-07-30,SETTLED
TXN-55617,ACC-1322,15660.72,2026-08-12,PENDING
TXN-92934,ACC-1085,341317.70,2026-08-09,PROCESSING
TXN-16699,ACC-1256,499272.96,2026-07-23,SETTLED
TXN-99482,ACC-1227,404128.27,2026-07-19,SETTLED
TXN-32067,ACC-1011,357294.45,2026-07-12,SETTLED
TXN-97490,ACC-1054,340004.54,2026-07-25,SETTLED
TXN-94006,ACC-1066,265677.62,2026-07-15,SETTLED
TXN-78201,ACC-1085,351487.72,2026-08-16,SETTLED
TXN-98877,ACC-1297,467786.24,2026-08-04,SETTLED
TXN-20262,ACC-1363,136540.60,2026-07-30,PENDING
TXN-39584,ACC-1254,199840.12,2026-07-28,SETTLED
TXN-49194,ACC-1308,481224.54,2026-08-13,SETTLED
TXN-42392,ACC-1198,160847.68,2026-07-08,PENDING
TXN-62820,ACC-1147,88080.48,2026-07-02,SETTLED
TXN-11647,ACC-1018,85420.89,2026-08-09,SETTLED
TXN-54666,ACC-1110,112429.13,2026-06-30,SETTLED
TXN-70909,ACC-1102,424499.10,2026-07-08,PENDING
TXN-53731,ACC-1306,89709.76,2026-07-18,SETTLED
TXN-81447,ACC-1371,485179.71,2026-08-19,SETTLED
TXN-38340,ACC-1157,497357.30,2026-07-19,SETTLED
TXN-23545,ACC-1200,78528.66,2026-07-21,PROCESSING
TXN-52395,ACC-1299,475817.93,2026-07-27,PROCESSING
TXN-43367,ACC-1111,59769.24,2026-08-05,SETTLED
TXN-51880,ACC-1323,83648.04,2026-08-18,SETTLED
TXN-60644,ACC-1179,407820.65,2026-07-27,PENDING
TXN-98701,ACC-1208,459818.92,2026-07-16,SETTLED
TXN-68308,ACC-1138,260742.48,2026-08-09,PENDING
TXN-15964,ACC-1250,230579.52,2026-07-10,SETTLED
TXN-74694,ACC-1010,345245.47,2026-07-20,PENDING
TXN-48222,ACC-1275,253091.86,2026-08-15,SETTLED
TXN-86769,ACC-1059,432776.62,2026-07-08,SETTLED
TXN-27404,ACC-1308,318521.09,2026-07-01,SETTLED
TXN-60560,ACC-1303,167274.05,2026-06-30,PROCESSING
TXN-94749,ACC-1319,410814.17,2026-08-04,SETTLED
TXN-47823,ACC-1375,294086.61,2026-08-20,SETTLED
TXN-36717,ACC-1246,351470.20,2026-07-23,PENDING
TXN-18611,ACC-1008,370504.38,2026-07-25,SETTLED
TXN-41849,ACC-1218,7103.30,2026-08-26,SETTLED
TXN-29385,ACC-1366,139733.52,2026-08-29,SETTLED
TXN-44803,ACC-1187,387406.54,2026-08-02,PENDING
TXN-15332,ACC-1094,243363.82,2026-07-24,SETTLED
TXN-93847,ACC-1334,51882.45,2026-08-19,PROCESSING
TXN-04409,ACC-1221,295789.67,2026-08-21,SETTLED
TXN-98146,ACC-1080,20108.08,2026-08-11,SETTLED
TXN-70128,ACC-1299,74113.52,2026-08-09,SETTLED
TXN-36539,ACC-1244,279393.22,2026-07-26,SETTLED
TXN-55427,ACC-1381,342292.24,2026-07-08,SETTLED
TXN-97389,ACC-1213,317369.52,2026-07-29,SETTLED
TXN-53541,ACC-1229,481865.47,2026-08-11,SETTLED
TXN-11253,ACC-1217,474612.12,2026-08-25,SETTLED
TXN-26316,ACC-1128,19503.69,2026-07-11,SETTLED
TXN-72997,ACC-1116,270150.37,2026-07-13,PENDING
TXN-22487,ACC-1172,71481.04,2026-08-10,SETTLED
TXN-95320,ACC-1088,467727.20,2026-08-23,SETTLED
TXN-51065,ACC-1051,383369.58,2026-07-19,SETTLED
TXN-33057,ACC-1237,221900.88,2026-07-19,PENDING
TXN-33897,ACC-1019,447519.19,2026-07-23,SETTLED
TXN-49377,ACC-1367,123348.88,2026-07-14,SETTLED
TXN-89495,ACC-1062,409908.15,2026-08-09,SETTLED
TXN-34995,ACC-1359,484058.29,2026-07-08,SETTLED
TXN-01668,ACC-1047,270127.64,2026-08-23,SETTLED
TXN-61881,ACC-1152,319996.82,2026-08-22,PENDING
TXN-23564,ACC-1197,389325.25,2026-08-21,SETTLED
TXN-90258,ACC-1355,72934.48,2026-08-07,PROCESSING
TXN-11267,ACC-1192,60196.60,2026-08-17,SETTLED
TXN-94805,ACC-1026,93752.68,2026-08-15,SETTLED
TXN-76992,ACC-1109,36239.80,2026-08-19,SETTLED
TXN-01865,ACC-1100,177342.33,2026-07-26,SETTLED
TXN-94712,ACC-1328,333355.92,2026-08-25,SETTLED
TXN-47115,ACC-1314,204548.91,2026-07-23,SETTLED
TXN-85947,ACC-1351,155750.91,2026-07-31,PROCESSING
TXN-08193,ACC-1182,112884.01,2026-08-29,SETTLED
TXN-54158,ACC-1339,231798.80,2026-07-05,SETTLED
TXN-48426,ACC-1033,361073.88,2026-07-09,SETTLED
TXN-05639,ACC-1116,69124.26,2026-07-25,SETTLED
TXN-04326,ACC-1137,279621.52,2026-08-22,SETTLED
TXN-35386,ACC-1297,454841.56,2026-08-17,SETTLED
TXN-33772,ACC-1397,41989.00,2026-07-08,SETTLED
TXN-64215,ACC-1270,476448.46,2026-07-03,SETTLED
TXN-84653,ACC-1062,453057.42,2026-07-26,SETTLED
TXN-77669,ACC-1214,174488.68,2026-07-08,SETTLED
TXN-22154,ACC-1182,111279.72,2026-08-10,SETTLED
TXN-02891,ACC-1217,81730.86,2026-08-06,SETTLED
TXN-31828,ACC-1377,360195.40,2026-07-13,SETTLED
TXN-48833,ACC-1379,320219.08,2026-07-01,SETTLED
TXN-50662,ACC-1078,445351.44,2026-07-26,PENDING
TXN-43772,ACC-1079,448775.77,2026-08-11,SETTLED
TXN-20825,ACC-1192,274947.51,2026-08-16,SETTLED
TXN-03803,ACC-1376,407594.19,2026-07-04,SETTLED
TXN-91573,ACC-1322,54281.80,2026-08-24,PENDING
TXN-23190,ACC-1108,468875.87,2026-07-24,PENDING
TXN-18390,ACC-1119,64977.20,2026-07-01,PENDING
TXN-11060,ACC-1074,391582.65,2026-07-30,SETTLED
TXN-21113,ACC-1344,151765.69,2026-08-23,SETTLED
TXN-72574,ACC-1174,437950.80,2026-07-11,SETTLED
TXN-85520,ACC-1155,97805.49,2026-08-16,SETTLED
TXN-89387,ACC-1364,288166.28,2026-07-23,SETTLED
TXN-76129,ACC-1068,218616.60,2026-07-17,SETTLED
TXN-02087,ACC-1301,105293.25,2026-07-06,SETTLED
TXN-85074,ACC-1281,45801.52,2026-07-17,SETTLED
TXN-76467,ACC-1312,125067.36,2026-08-27,SETTLED
TXN-01875,ACC-1078,95357.75,2026-07-14,PROCESSING
TXN-28558,ACC-1116,385496.10,2026-07-02,PROCESSING
TXN-53104,ACC-1207,17265.30,2026-08-08,PENDING
TXN-02470,ACC-1062,275513.71,2026-08-14,SETTLED
TXN-16944,ACC-1264,94197.35,2026-07-13,PENDING
TXN-61050,ACC-1095,315276.04,2026-08-12,PROCESSING
TXN-77580,ACC-1065,358956.96,2026-08-12,SETTLED
TXN-53471,ACC-1383,472242.15,2026-08-11,PENDING
TXN-14897,ACC-1301,48188.31,2026-07-27,SETTLED
TXN-52906,ACC-1195,463411.60,2026-07-06,SETTLED
TXN-11692,ACC-1126,240693.57,2026-08-09,SETTLED
TXN-66575,ACC-1083,422354.25,2026-08-03,PENDING
TXN-66203,ACC-1039,94272.19,2026-07-08,SETTLED
TXN-46438,ACC-1210,499883.96,2026-07-20,SETTLED
TXN-68691,ACC-1043,472168.90,2026-07-29,PROCESSING
TXN-57542,ACC-1210,151110.69,2026-07-20,SETTLED
TXN-16368,ACC-1154,140449.75,2026-07-13,SETTLED
TXN-33561,ACC-1077,474801.18,2026-07-20,SETTLED
TXN-79104,ACC-1346,357355.74,2026-07-24,PENDING
TXN-99316,ACC-1167,315196.58,2026-07-15,SETTLED
TXN-77052,ACC-1283,235807.24,2026-07-05,SETTLED
TXN-58562,ACC-1100,474927.50,2026-07-07,SETTLED
TXN-91032,ACC-1297,71361.05,2026-07-09,PENDING
TXN-25769,ACC-1115,463395.65,2026-07-13,SETTLED
TXN-49856,ACC-1111,395602.45,2026-08-02,PROCESSING
TXN-38440,ACC-1278,185664.86,2026-06-30,SETTLED
TXN-53258,ACC-1077,422218.56,2026-07-04,SETTLED
TXN-42306,ACC-1182,118619.22,2026-08-20,SETTLED
TXN-31659,ACC-1202,409779.20,2026-07-08,SETTLED
TXN-54646,ACC-1214,494704.84,2026-07-11,SETTLED
TXN-24503,ACC-1330,341444.96,2026-07-18,SETTLED
TXN-61773,ACC-1040,128689.68,2026-08-21,SETTLED
TXN-64578,ACC-1166,420117.88,2026-08-28,SETTLED
TXN-30783,ACC-1046,111402.97,2026-08-23,SETTLED
TXN-34709,ACC-1154,265455.12,2026-07-05,SETTLED
TXN-37685,ACC-1313,388757.38,2026-07-14,SETTLED
TXN-87326,ACC-1089,443791.42,2026-07-09,PENDING
TXN-89103,ACC-1117,332993.98,2026-08-01,SETTLED
TXN-32138,ACC-1254,403186.48,2026-07-04,PROCESSING
TXN-75944,ACC-1327,208364.44,2026-07-24,PENDING
TXN-71024,ACC-1154,92724.57,2026-08-05,PROCESSING
TXN-54462,ACC-1379,35000.25,2026-07-19,PROCESSING
TXN-98542,ACC-1072,260728.33,2026-08-24,SETTLED
TXN-38433,ACC-1167,120981.65,2026-08-16,PENDING
TXN-97085,ACC-1046,197201.65,2026-07-06,SETTLED
TXN-54259,ACC-1317,100729.88,2026-08-14,SETTLED
TXN-02001,ACC-1392,90635.07,2026-08-03,PENDING
TXN-89192,ACC-1302,38237.67,2026-07-19,PROCESSING
TXN-30369,ACC-1271,332242.37,2026-08-07,SETTLED
TXN-38482,ACC-1095,380440.41,2026-07-28,PROCESSING
TXN-10608,ACC-1267,136496.36,2026-08-06,SETTLED
TXN-70976,ACC-1316,431151.14,2026-07-29,SETTLED
TXN-49968,ACC-1199,223196.89,2026-08-07,SETTLED
TXN-60713,ACC-1007,194862.07,2026-07-09,SETTLED
TXN-92248,ACC-1357,382560.75,2026-08-01,SETTLED
TXN-47850,ACC-1254,168322.12,2026-07-17,SETTLED
TXN-27043,ACC-1000,467410.26,2026-07-03,PROCESSING
TXN-20270,ACC-1025,210715.12,2026-08-13,SETTLED
TXN-65812,ACC-1123,326476.14,2026-08-05,SETTLED
TXN-82168,ACC-1331,284871.50,2026-07-01,SETTLED
TXN-34395,ACC-1169,401805.50,2026-08-10,SETTLED
TXN-12455,ACC-1182,100470.17,2026-07-21,SETTLED
TXN-11148,ACC-1019,310160.98,2026-07-31,PROCESSING
TXN-62572,ACC-1139,303739.61,2026-07-18,SETTLED
TXN-83642,ACC-1302,498301.98,2026-08-15,SETTLED
TXN-61590,ACC-1260,370027.41,2026-08-12,PENDING
TXN-35979,ACC-1120,147611.30,2026-06-30,SETTLED
TXN-96336,ACC-1052,267846.53,2026-08-18,SETTLED
TXN-56393,ACC-1362,391066.89,2026-07-05,PENDING
TXN-19685,ACC-1098,16338.64,2026-07-18,PROCESSING
TXN-87076,ACC-1075,163755.08,2026-08-02,PENDING
TXN-84651,ACC-1197,355033.63,2026-08-23,SETTLED
TXN-69097,ACC-1343,489306.20,2026-08-12,SETTLED
TXN-30010,ACC-1123,280131.37,2026-08-02,SETTLED
TXN-23501,ACC-1246,437983.37,2026-08-27,SETTLED
TXN-62185,ACC-1058,452288.63,2026-08-02,SETTLED
TXN-38438,ACC-1289,384326.97,2026-07-23,SETTLED
TXN-21947,ACC-1055,447911.95,2026-07-21,PROCESSING
TXN-10424,ACC-1197,47954.61,2026-08-10,PROCESSING
TXN-37901,ACC-1099,108817.06,2026-07-29,PROCESSING
TXN-12309,ACC-1104,459384.54,2026-07-29,PROCESSING
TXN-74826,ACC-1097,26571.24,2026-08-02,SETTLED
TXN-89504,ACC-1182,407926.38,2026-07-10,SETTLED
TXN-06415,ACC-1112,187058.82,2026-07-18,SETTLED
TXN-64196,ACC-1074,83163.74,2026-08-16,PROCESSING
TXN-37315,ACC-1105,313024.25,2026-06-30,PROCESSING
TXN-02527,ACC-1296,87395.63,2026-08-13,SETTLED
TXN-71789,ACC-1292,64549.19,2026-08-23,PENDING
TXN-48183,ACC-1206,12694.89,2026-08-23,SETTLED
TXN-40778,ACC-1177,455626.26,2026-08-16,SETTLED
TXN-91270,ACC-1317,292092.73,2026-08-07,SETTLED
TXN-22175,ACC-1098,51530.95,2026-08-01,SETTLED
TXN-56521,ACC-1119,352629.92,2026-08-27,SETTLED
TXN-12364,ACC-1325,250164.67,2026-08-05,PROCESSING
TXN-82383,ACC-1282,188691.51,2026-06-30,SETTLED
TXN-89976,ACC-1370,328257.32,2026-07-16,SETTLED
TXN-85969,ACC-1235,104985.06,2026-07-13,PROCESSING
TXN-72059,ACC-1012,17379.74,2026-08-10,SETTLED
TXN-89043,ACC-1399,62113.44,2026-08-19,SETTLED
TXN-32071,ACC-1217,194995.37,2026-08-05,SETTLED
TXN-29619,ACC-1387,467929.29,2026-08-20,SETTLED
TXN-74784,ACC-1174,412852.34,2026-07-02,PROCESSING
TXN-03460,ACC-1088,27836.87,2026-07-12,SETTLED
TXN-19870,ACC-1124,195292.26,2026-08-24,SETTLED
TXN-43923,ACC-1039,255939.24,2026-07-05,PROCESSING
TXN-74943,ACC-1292,134929.30,2026-08-07,SETTLED
TXN-62205,ACC-1294,440009.10,2026-08-28,SETTLED
TXN-53557,ACC-1108,215097.93,2026-07-10,SETTLED
TXN-99196,ACC-1284,364423.61,2026-08-26,SETTLED
TXN-05225,ACC-1042,228137.69,2026-08-09,SETTLED
TXN-49970,ACC-1331,288062.72,2026-07-31,PROCESSING
TXN-46517,ACC-1214,432477.55,2026-07-03,PENDING
TXN-01118,ACC-1102,203596.02,2026-08-27,SETTLED
TXN-51219,ACC-1076,158752.55,2026-08-17,PENDING
TXN-18706,ACC-1096,154077.34,2026-08-13,PENDING
TXN-75288,ACC-1175,104454.89,2026-07-30,SETTLED
TXN-76335,ACC-1028,238842.89,2026-08-08,SETTLED
TXN-80170,ACC-1217,453227.30,2026-08-18,PROCESSING
TXN-45153,ACC-1090,108434.34,2026-08-06,PENDING
TXN-93779,ACC-1087,472874.17,2026-07-30,PROCESSING
TXN-99509,ACC-1227,380987.75,2026-07-10,SETTLED
TXN-11444,ACC-1268,260410.09,2026-08-29,SETTLED
TXN-72542,ACC-1144,389995.80,2026-07-22,SETTLED
TXN-76255,ACC-1380,357725.48,2026-08-19,SETTLED
TXN-39286,ACC-1336,420827.39,2026-07-14,SETTLED
TXN-70011,ACC-1250,356527.55,2026-07-07,SETTLED
TXN-41649,ACC-1327,188556.60,2026-07-27,SETTLED
TXN-78329,ACC-1200,381326.66,2026-07-31,SETTLED
TXN-22553,ACC-1006,61339.76,2026-08-01,SETTLED
TXN-69213,ACC-1320,351248.87,2026-08-25,PROCESSING
TXN-64555,ACC-1278,80992.01,2026-07-24,PROCESSING
TXN-07733,ACC-1104,473908.08,2026-08-02,SETTLED
TXN-66547,ACC-1044,484610.27,2026-08-08,PENDING
TXN-37024,ACC-1255,428894.63,2026-07-28,PENDING
TXN-15108,ACC-1264,312495.99,2026-07-28,PROCESSING
TXN-61587,ACC-1381,331805.83,2026-08-16,PENDING
TXN-15784,ACC-1342,402138.23,2026-07-06,SETTLED
TXN-38787,ACC-1183,226554.12,2026-08-04,PENDING
TXN-15023,ACC-1040,58735.10,2026-08-18,PENDING
TXN-98834,ACC-1041,340827.62,2026-07-01,SETTLED
TXN-27116,ACC-1341,170884.00,2026-07-29,PROCESSING
TXN-32951,ACC-1035,161345.78,2026-07-08,SETTLED
TXN-40377,ACC-1260,365242.18,2026-07-13,SETTLED
TXN-11186,ACC-1190,414385.48,2026-07-04,SETTLED
TXN-66408,ACC-1115,481087.35,2026-07-11,SETTLED
TXN-74996,ACC-1041,318436.58,2026-07-23,SETTLED
TXN-05649,ACC-1016,31280.51,2026-08-13,SETTLED
TXN-05746,ACC-1089,171846.09,2026-07-04,SETTLED
TXN-95193,ACC-1156,181273.88,2026-07-23,SETTLED
TXN-42381,ACC-1233,330656.04,2026-07-20,PROCESSING
TXN-81815,ACC-1043,442643.10,2026-06-30,SETTLED
TXN-82697,ACC-1202,52262.85,2026-08-20,PROCESSING
TXN-70785,ACC-1194,420815.59,2026-08-25,SETTLED
TXN-50859,ACC-1279,458581.47,2026-08-07,PENDING
TXN-01623,ACC-1139,302926.68,2026-07-21,PENDING
TXN-09012,ACC-1355,155094.97,2026-08-10,SETTLED
TXN-89487,ACC-1244,73184.78,2026-08-14,SETTLED
TXN-29180,ACC-1174,139877.00,2026-07-27,SETTLED
TXN-58267,ACC-1137,377369.32,2026-08-15,PROCESSING
TXN-54801,ACC-1012,423845.75,2026-08-21,PROCESSING
TXN-08327,ACC-1249,285586.24,2026-08-07,SETTLED
TXN-35914,ACC-1212,336164.47,2026-06-30,SETTLED
TXN-41920,ACC-1221,450373.35,2026-07-25,SETTLED
TXN-84223,ACC-1312,148723.84,2026-07-24,PROCESSING
TXN-26093,ACC-1318,401608.92,2026-07-29,SETTLED
TXN-64103,ACC-1127,150604.27,2026-07-08,SETTLED
TXN-69509,ACC-1112,454011.04,2026-07-09,SETTLED
TXN-09923,ACC-1178,307897.05,2026-07-17,PENDING
TXN-39925,ACC-1279,75430.68,2026-07-22,PROCESSING
TXN-35929,ACC-1130,94755.19,2026-08-06,SETTLED
TXN-44143,ACC-1237,58706.54,2026-08-13,PROCESSING
TXN-38588,ACC-1192,441744.29,2026-08-27,SETTLED
TXN-88777,ACC-1310,304767.17,2026-08-08,PROCESSING
TXN-65729,ACC-1278,124667.31,2026-08-02,PROCESSING
TXN-35107,ACC-1198,150274.92,2026-07-10,PROCESSING
TXN-54353,ACC-1190,48330.88,2026-08-17,PROCESSING
TXN-70643,ACC-1115,27821.58,2026-07-20,PENDING
TXN-18385,ACC-1095,232991.50,2026-08-18,PROCESSING
TXN-41715,ACC-1195,10198.24,2026-07-31,SETTLED
TXN-91864,ACC-1096,28887.84,2026-08-10,SETTLED
TXN-85420,ACC-1359,100363.08,2026-07-24,PROCESSING
TXN-93989,ACC-1278,304403.47,2026-08-22,SETTLED
TXN-42862,ACC-1046,297243.24,2026-07-13,SETTLED
TXN-70581,ACC-1182,265654.10,2026-08-22,SETTLED
TXN-29276,ACC-1122,245433.52,2026-07-14,PROCESSING
TXN-03743,ACC-1249,137164.28,2026-08-28,SETTLED
TXN-74255,ACC-1023,128844.89,2026-08-23,PROCESSING
TXN-80703,ACC-1355,416522.72,2026-07-22,PENDING
TXN-81799,ACC-1032,76184.16,2026-08-26,PENDING
TXN-64140,ACC-1004,382118.27,2026-08-28,PENDING
TXN-54059,ACC-1274,319949.63,2026-08-15,SETTLED
TXN-98652,ACC-1372,175839.40,2026-07-05,PROCESSING
TXN-90096,ACC-1236,19331.98,2026-07-14,SETTLED
TXN-33261,ACC-1101,176241.30,2026-08-16,SETTLED
TXN-18406,ACC-1386,41697.47,2026-07-31,SETTLED
TXN-49346,ACC-1026,55589.42,2026-07-05,SETTLED
TXN-34660,ACC-1296,215438.67,2026-07-18,SETTLED
TXN-95525,ACC-1379,237303.80,2026-07-10,SETTLED
TXN-68053,ACC-1279,391499.72,2026-08-09,SETTLED
TXN-22074,ACC-1343,222586.68,2026-08-02,SETTLED
TXN-14857,ACC-1214,62463.63,2026-08-13,SETTLED
TXN-13143,ACC-1235,89122.53,2026-08-20,SETTLED
TXN-49647,ACC-1324,417034.27,2026-07-20,PROCESSING
TXN-16903,ACC-1083,438986.01,2026-08-24,SETTLED
TXN-29416,ACC-1289,301996.11,2026-08-23,SETTLED
TXN-42327,ACC-1118,175843.37,2026-08-15,PENDING
TXN-42043,ACC-1283,159094.04,2026-07-05,SETTLED
TXN-48186,ACC-1246,159301.06,2026-08-22,SETTLED
TXN-36660,ACC-1369,282763.53,2026-07-14,SETTLED
TXN-92533,ACC-1045,240946.87,2026-07-07,SETTLED
TXN-64232,ACC-1136,53439.34,2026-07-03,PROCESSING
TXN-78082,ACC-1141,93967.36,2026-07-27,SETTLED
TXN-40072,ACC-1387,238157.50,2026-08-14,PROCESSING
TXN-32984,ACC-1088,145257.50,2026-08-01,SETTLED
TXN-34835,ACC-1164,106503.36,2026-08-19,SETTLED
TXN-34992,ACC-1315,393579.73,2026-08-26,SETTLED
TXN-76320,ACC-1226,59815.86,2026-07-31,PROCESSING
TXN-23694,ACC-1045,489015.18,2026-08-11,SETTLED
TXN-18812,ACC-1063,461293.71,2026-07-26,PENDING
TXN-21778,ACC-1399,186245.91,2026-08-27,SETTLED
TXN-63560,ACC-1226,99030.67,2026-07-23,SETTLED
TXN-89404,ACC-1069,343288.12,2026-08-26,SETTLED
TXN-64724,ACC-1081,248843.93,2026-07-17,SETTLED
TXN-07656,ACC-1238,30194.13,2026-07-27,SETTLED
TXN-36742,ACC-1146,15342.53,2026-07-20,SETTLED
TXN-36596,ACC-1157,351291.59,2026-08-07,SETTLED
TXN-14253,ACC-1104,228972.52,2026-08-24,SETTLED
TXN-87104,ACC-1101,317078.93,2026-08-21,PROCESSING
TXN-65137,ACC-1312,133528.63,2026-08-19,PROCESSING
TXN-50497,ACC-1275,374438.76,2026-07-29,PENDING
TXN-40075,ACC-1210,426854.15,2026-08-06,PENDING
TXN-40732,ACC-1323,125684.09,2026-08-10,SETTLED
TXN-99768,ACC-1142,256758.13,2026-08-10,PENDING
TXN-34524,ACC-1234,357689.95,2026-07-11,PENDING
TXN-96199,ACC-1283,72943.35,2026-07-17,PENDING
TXN-34861,ACC-1251,239206.49,2026-08-21,PENDING
TXN-32442,ACC-1091,498330.78,2026-07-30,PENDING
TXN-42257,ACC-1045,183876.52,2026-08-25,PENDING
TXN-30480,ACC-1038,326275.78,2026-07-12,SETTLED
TXN-90331,ACC-1244,245209.83,2026-08-28,SETTLED
TXN-60883,ACC-1030,295838.64,2026-08-06,SETTLED
TXN-45278,ACC-1381,478210.44,2026-08-11,SETTLED
TXN-33497,ACC-1090,396058.31,2026-08-23,PENDING
TXN-48985,ACC-1343,40487.02,2026-07-08,SETTLED
TXN-96855,ACC-1282,227015.43,2026-07-18,PROCESSING
TXN-50696,ACC-1397,401884.97,2026-08-04,PENDING
TXN-60862,ACC-1053,312035.91,2026-08-21,SETTLED
TXN-42913,ACC-1274,488022.78,2026-08-09,SETTLED
TXN-66970,ACC-1032,26820.61,2026-07-20,PENDING
TXN-02472,ACC-1209,339139.29,2026-07-12,SETTLED
TXN-59104,ACC-1311,64595.29,2026-08-02,PENDING
TXN-77630,ACC-1178,390549.90,2026-07-09,PROCESSING
TXN-86939,ACC-1246,376172.45,2026-07-31,PROCESSING
TXN-74724,ACC-1373,248630.94,2026-08-10,PENDING
TXN-42191,ACC-1257,411215.75,2026-08-10,SETTLED
TXN-70390,ACC-1004,473652.66,2026-07-05,SETTLED
TXN-72731,ACC-1233,27889.24,2026-08-01,PENDING
TXN-02124,ACC-1329,167520.14,2026-07-24,SETTLED
TXN-05976,ACC-1149,334432.99,2026-08-10,PENDING
TXN-28464,ACC-1196,368691.50,2026-08-20,SETTLED
TXN-47804,ACC-1227,455670.45,2026-08-06,SETTLED
TXN-09438,ACC-1176,493043.75,2026-07-16,SETTLED
TXN-96272,ACC-1391,257407.09,2026-08-27,SETTLED
TXN-63754,ACC-1306,118370.50,2026-08-07,SETTLED
TXN-79517,ACC-1094,345936.47,2026-07-17,PROCESSING
TXN-54968,ACC-1381,462136.31,2026-08-13,PROCESSING
TXN-56676,ACC-1171,372108.15,2026-08-11,SETTLED
TXN-01711,ACC-1343,77923.12,2026-07-17,SETTLED
TXN-62331,ACC-1181,218005.08,2026-07-05,PENDING
TXN-28101,ACC-1106,176088.36,2026-08-09,SETTLED
TXN-82798,ACC-1274,81869.47,2026-08-16,SETTLED
TXN-60650,ACC-1184,458935.87,2026-07-10,SETTLED
TXN-23958,ACC-1319,359397.78,2026-07-19,SETTLED
TXN-58514,ACC-1124,123050.16,2026-07-07,SETTLED
TXN-48849,ACC-1115,100411.76,2026-07-27,SETTLED
TXN-47020,ACC-1073,46706.38,2026-08-25,SETTLED
TXN-27655,ACC-1189,210039.47,2026-07-22,SETTLED
TXN-26481,ACC-1175,106016.97,2026-08-13,SETTLED
TXN-07605,ACC-1394,444759.61,2026-07-31,SETTLED
TXN-76769,ACC-1354,378076.50,2026-07-07,SETTLED
TXN-14765,ACC-1344,250196.26,2026-08-17,SETTLED
TXN-60861,ACC-1165,77507.23,2026-08-21,SETTLED
TXN-43121,ACC-1076,123094.58,2026-07-25,SETTLED
TXN-26424,ACC-1121,169806.00,2026-07-18,SETTLED
TXN-12788,ACC-1210,330487.04,2026-07-25,SETTLED
TXN-95838,ACC-1209,327806.56,2026-08-17,SETTLED
TXN-55068,ACC-1282,68625.35,2026-08-26,SETTLED
TXN-04513,ACC-1006,201032.30,2026-07-01,SETTLED
TXN-69558,ACC-1024,335592.09,2026-08-28,SETTLED
TXN-25072,ACC-1281,54530.63,2026-07-10,PENDING
TXN-41807,ACC-1060,44523.84,2026-07-10,PENDING
TXN-82765,ACC-1014,368636.06,2026-07-19,SETTLED
TXN-16219,ACC-1284,112883.35,2026-08-29,PENDING
TXN-66266,ACC-1072,472787.13,2026-07-24,SETTLED
TXN-03467,ACC-1081,61028.28,2026-08-18,PENDING
TXN-02046,ACC-1048,434218.10,2026-07-22,SETTLED
TXN-71695,ACC-1379,44904.37,2026-08-05,SETTLED
TXN-79165,ACC-1188,267097.59,2026-08-03,SETTLED
TXN-38742,ACC-1081,301071.48,2026-08-12,SETTLED
TXN-57109,ACC-1009,114554.38,2026-08-15,SETTLED
TXN-86740,ACC-1282,467661.96,2026-06-30,SETTLED
TXN-23369,ACC-1325,111354.96,2026-07-22,SETTLED
TXN-04570,ACC-1139,14279.57,2026-07-11,PROCESSING
TXN-10612,ACC-1169,374708.75,2026-08-13,SETTLED
TXN-44738,ACC-1046,196801.72,2026-08-13,PROCESSING
TXN-72297,ACC-1034,125435.11,2026-07-11,PENDING
TXN-82909,ACC-1149,142747.65,2026-08-10,PROCESSING
TXN-05615,ACC-1389,192725.29,2026-08-13,SETTLED
TXN-61842,ACC-1366,253966.20,2026-07-23,PENDING
TXN-45018,ACC-1284,213006.52,2026-08-03,SETTLED
TXN-93669,ACC-1221,128494.93,2026-08-12,SETTLED
TXN-93853,ACC-1090,282832.32,2026-07-17,PROCESSING
TXN-28050,ACC-1161,223964.53,2026-08-13,SETTLED
TXN-15452,ACC-1375,82381.37,2026-08-01,SETTLED
TXN-95665,ACC-1265,249124.94,2026-07-19,SETTLED
TXN-50162,ACC-1312,338371.42,2026-08-23,SETTLED
TXN-37171,ACC-1293,20964.13,2026-07-19,PENDING
TXN-25853,ACC-1248,194804.82,2026-07-13,SETTLED
TXN-61445,ACC-1319,317875.80,2026-08-05,SETTLED
TXN-40490,ACC-1221,491218.58,2026-07-30,SETTLED
TXN-88037,ACC-1235,425641.45,2026-08-21,PROCESSING
TXN-03302,ACC-1089,208950.05,2026-07-08,SETTLED
TXN-07681,ACC-1315,469002.47,2026-07-04,SETTLED
TXN-42460,ACC-1265,110606.93,2026-07-03,PENDING
TXN-29209,ACC-1371,254642.30,2026-07-15,SETTLED
TXN-71678,ACC-1192,478973.36,2026-08-20,PENDING
TXN-84631,ACC-1019,291724.87,2026-08-25,SETTLED
TXN-88967,ACC-1304,407955.04,2026-08-22,SETTLED
TXN-52312,ACC-1363,102600.59,2026-08-11,SETTLED
TXN-32609,ACC-1298,284454.44,2026-07-14,SETTLED
TXN-52048,ACC-1262,113298.15,2026-08-29,SETTLED
TXN-56294,ACC-1374,327326.60,2026-08-29,PROCESSING
TXN-65244,ACC-1230,260318.62,2026-08-29,SETTLED
TXN-05859,ACC-1134,359607.49,2026-07-20,SETTLED
TXN-10252,ACC-1191,310894.06,2026-08-02,PENDING
TXN-67611,ACC-1202,414118.16,2026-08-14,PENDING
TXN-38500,ACC-1103,268584.88,2026-08-12,SETTLED
TXN-19792,ACC-1311,390069.22,2026-08-22,PENDING
TXN-81860,ACC-1295,101302.00,2026-07-11,SETTLED
TXN-49127,ACC-1047,187486.83,2026-08-10,SETTLED
TXN-91736,ACC-1174,208882.98,2026-07-05,SETTLED
TXN-39592,ACC-1076,382817.87,2026-08-15,PROCESSING
TXN-68616,ACC-1118,60560.87,2026-08-25,SETTLED
TXN-73317,ACC-1305,375393.83,2026-08-12,SETTLED
TXN-80408,ACC-1018,379018.37,2026-08-24,SETTLED
TXN-08023,ACC-1302,265586.71,2026-07-16,PENDING
TXN-63223,ACC-1231,97516.19,2026-08-08,PENDING
TXN-16081,ACC-1341,494587.71,2026-07-12,SETTLED
TXN-77297,ACC-1267,382577.09,2026-08-10,SETTLED
TXN-68958,ACC-1012,435611.07,2026-07-30,SETTLED
TXN-82981,ACC-1071,430012.10,2026-07-12,PENDING
TXN-72168,ACC-1042,68999.06,2026-07-14,PENDING
TXN-84700,ACC-1333,497489.69,2026-08-22,SETTLED
TXN-89876,ACC-1392,418236.64,2026-07-30,PENDING
TXN-82937,ACC-1310,147964.75,2026-06-30,PROCESSING
TXN-78609,ACC-1078,214118.45,2026-08-19,PROCESSING
TXN-82954,ACC-1177,40791.05,2026-07-05,PENDING
TXN-73176,ACC-1073,83307.25,2026-07-09,SETTLED
TXN-98235,ACC-1230,196788.50,2026-08-05,SETTLED
TXN-88128,ACC-1397,264999.44,2026-08-20,PENDING
TXN-75410,ACC-1258,90892.60,2026-08-20,PROCESSING
TXN-82921,ACC-1309,149286.39,2026-07-10,SETTLED
TXN-90679,ACC-1263,51847.01,2026-07-16,FAILED
TXN-71775,ACC-1360,389502.22,2026-08-30,SETTLED
TXN-87669,ACC-1308,75872.54,2026-08-16,FAILED
TXN-82930,ACC-1355,81718.15,2026-07-23,SETTLED
TXN-87595,ACC-1043,20765.08,2026-07-15,SETTLED
TXN-70018,ACC-1268,107349.78,2026-07-20,PENDING
TXN-82932,ACC-1251,228467.50,2026-08-09,PENDING
TXN-82959,ACC-1295,202116.99,2026-07-05,SETTLED
TXN-82975,ACC-1341,0.00,2026-07-17,PENDING
TXN-92605,ACC-1260,116112.89,2026-08-23,SETTLED
TXN-82974,ACC-1339,361068.30,2026-08-17,SETTLED
TXN-72580,ACC-1183,117321.61,2026-07-24,PENDING
TXN-82967,ACC-1196,41523.78,2026-08-26,PROCESSING
TXN-77501,ACC-1041,314886.98,2026-07-04,PROCESSING
TXN-82923,ACC-1240,326079.52,2026-08-07,PROCESSING
TXN-94967,ACC-1110,51769.94,2026-07-29,SETTLED
TXN-82252,ACC-1357,150145.52,2026-07-23,PENDING
TXN-77540,ACC-1373,438246.62,2026-07-13,PENDING
TXN-89626,ACC-1003,174566.87,2026-08-18,SETTLED
TXN-72326,ACC-1383,421767.33,2026-07-10,PENDING
TXN-89121,ACC-1250,433633.05,2026-08-18,SETTLED
TXN-82935,ACC-1240,256414.74,2026-07-20,SETTLED
TXN-98168,ACC-1355,125964.44,2026-07-31,PENDING
TXN-88585,ACC-1178,173848.49,2026-08-26,PROCESSING
TXN-92549,ACC-1262,308149.32,2026-08-08,PENDING
TXN-98699,ACC-1082,454787.20,2026-08-18,PENDING
TXN-73486,ACC-1312,9049.39,2026-08-17,PENDING
TXN-82961,ACC-1294,95800.00,2026-08-23,SETTLED
TXN-88394,ACC-1165,46183.20,2026-08-14,SETTLED
TXN-74120,ACC-1077,231553.67,2026-08-28,PROCESSING
TXN-74575,ACC-1156,356740.56,2026-07-24,SETTLED
TXN-98525,ACC-1026,143910.16,2026-07-25,SETTLED
TXN-76232,ACC-1234,56241.42,2026-07-10,PENDING
TXN-91412,ACC-1276,160369.24,2026-07-26,SETTLED
TXN-71543,ACC-1335,91366.71,2026-08-06,PENDING
TXN-77020,ACC-1131,183915.19,2026-09-01,SETTLED
TXN-94604,ACC-1319,494407.38,2026-08-09,PENDING
TXN-99419,ACC-1384,18404.84,2026-07-31,SETTLED
TXN-74681,ACC-1162,249235.70,2026-07-16,PENDING
TXN-82910,ACC-1386,303943.25,2026-07-12,PENDING
TXN-79779,ACC-1074,454285.01,2026-07-25,SETTLED
TXN-80336,ACC-1112,492287.56,2026-08-05,FAILED
TXN-85498,ACC-1308,87999.56,2026-07-28,SETTLED
TXN-87573,ACC-1271,433564.69,2026-08-03,SETTLED
TXN-90971,ACC-1137,95119.49,2026-07-11,SETTLED
TXN-95185,ACC-1193,376482.06,2026-07-06,SETTLED
TXN-86010,ACC-1283,368109.39,2026-07-24,SETTLED
TXN-91295,ACC-1003,0.00,2026-07-05,PENDING
TXN-97252,ACC-1208,74512.19,2026-07-10,SETTLED
TXN-78685,ACC-1235,417059.58,2026-07-22,PROCESSING
TXN-78743,ACC-1046,252903.09,2026-07-08,PENDING
TXN-83193,ACC-1117,478065.47,2026-07-17,SETTLED
TXN-84246,ACC-1186,307670.95,2026-08-20,SETTLED
TXN-76278,ACC-1250,190507.33,2026-07-25,SETTLED
TXN-98216,ACC-1182,98895.59,2026-08-20,PROCESSING
TXN-74593,ACC-1381,241188.55,2026-08-09,PENDING
TXN-70376,ACC-1345,180691.64,2026-07-03,PROCESSING
TXN-85337,ACC-1255,174775.07,2026-08-12,SETTLED
TXN-92009,ACC-1317,78576.08,2026-08-05,SETTLED
TXN-88881,ACC-1103,181426.55,2026-08-22,SETTLED
TXN-73965,ACC-1043,404905.60,2026-08-14,PENDING
TXN-70106,ACC-1241,326546.30,2026-08-07,SETTLED
TXN-76967,ACC-1157,203865.74,2026-08-13,PENDING
TXN-70638,ACC-1117,24277.56,2026-07-15,PENDING
TXN-82971,ACC-1346,35678.72,2026-08-11,SETTLED
TXN-82914,ACC-1330,149629.95,2026-07-21,PENDING
TXN-85303,ACC-1127,281091.12,2026-07-14,SETTLED
TXN-82973,ACC-1001,58596.28,2026-08-16,FAILED
TXN-82917,ACC-1276,144762.77,2026-07-30,PROCESSING
TXN-75008,ACC-1097,213257.18,2026-08-10,SETTLED
TXN-88150,ACC-1358,406923.26,2026-08-04,SETTLED
TXN-82504,ACC-1060,224661.47,2026-09-05,SETTLED
TXN-82936,ACC-1066,21818.09,2026-07-23,PENDING
TXN-98587,ACC-1248,428509.20,2026-07-28,PENDING
TXN-86358,ACC-1172,442792.20,2026-08-05,PENDING
TXN-82955,ACC-1064,103415.30,2026-07-03,SETTLED
TXN-73665,ACC-1168,187506.17,2026-07-03,SETTLED
TXN-83824,ACC-1377,391149.50,2026-08-22,SETTLED
TXN-73655,ACC-1249,455268.11,2026-07-08,PROCESSING
TXN-82979,ACC-1067,212133.96,2026-08-19,SETTLED
TXN-76591,ACC-1102,493501.39,2026-07-30,PENDING
TXN-87455,ACC-1166,55177.12,2026-07-21,PENDING
TXN-82941,ACC-1164,365577.29,2026-07-11,PROCESSING
TXN-75182,ACC-1085,61178.90,2026-08-22,PENDING
TXN-89282,ACC-1296,122955.45,2026-08-02,PENDING
TXN-82943,ACC-1039,200871.51,2026-07-15,SETTLED
TXN-82928,ACC-1165,402393.57,2026-08-25,SETTLED
TXN-83145,ACC-1338,18882.69,2026-07-20,SETTLED
TXN-71986,ACC-1039,367091.82,2026-07-04,PENDING
TXN-73580,ACC-1353,287859.87,2026-07-20,PENDING
TXN-82964,ACC-1348,466697.93,2026-08-15,PROCESSING
TXN-94923,ACC-1349,111003.08,2026-08-27,SETTLED
TXN-82960,ACC-1253,435245.18,2026-07-18,SETTLED
TXN-97579,ACC-1125,7306.66,2026-08-17,SETTLED
TXN-86403,ACC-1383,42038.52,2026-08-23,PENDING
TXN-76940,ACC-1244,255674.09,2026-08-12,PENDING
TXN-93661,ACC-1272,190510.05,2026-07-19,SETTLED
TXN-84038,ACC-1379,158656.04,2026-08-08,SETTLED
TXN-82989,ACC-1009,304321.66,2026-08-29,SETTLED
TXN-78185,ACC-1052,73614.96,2026-08-12,SETTLED
TXN-82949,ACC-1005,499796.73,2026-08-26,PENDING
TXN-78021,ACC-1226,322210.90,2026-08-11,PROCESSING
TXN-78679,ACC-1057,8313.93,2026-07-16,PENDING
TXN-87661,ACC-1005,133875.42,2026-07-05,SETTLED
TXN-70689,ACC-1007,156056.47,2026-07-28,SETTLED
TXN-75354,ACC-1025,228778.19,2026-08-26,SETTLED
TXN-82931,ACC-1822,0.00,2026-08-26,PENDING
TXN-82951,ACC-1069,18129.03,2026-08-04,SETTLED
TXN-82913,ACC-1031,95190.27,2026-08-02,PROCESSING
TXN-90937,ACC-1373,77847.03,2026-08-20,PROCESSING
TXN-93616,ACC-1386,135650.83,2026-06-30,PENDING
TXN-82236,ACC-1142,148492.19,2026-07-06,SETTLED
TXN-98992,ACC-1268,249509.27,2026-08-20,SETTLED
TXN-96233,ACC-1187,384406.29,2026-08-02,SETTLED
TXN-80827,ACC-1363,465079.07,2026-07-20,PROCESSING
TXN-83470,ACC-1108,182233.50,2026-07-27,SETTLED
TXN-96739,ACC-1134,366124.36,2026-08-14,PENDING
TXN-86959,ACC-1214,193098.16,2026-07-26,PENDING
TXN-84355,ACC-1111,164839.70,2026-08-24,SETTLED
TXN-82986,ACC-1060,131895.35,2026-07-06,PROCESSING
TXN-83087,ACC-1330,149732.07,2026-07-31,PENDING
TXN-82947,ACC-1082,329939.54,2026-08-11,PENDING
TXN-87338,ACC-1336,460489.88,2026-07-20,SETTLED
TXN-80214,ACC-1026,121006.71,2026-08-11,PENDING
TXN-75854,ACC-1318,88963.28,2026-07-24,SETTLED
TXN-81609,ACC-1370,0.00,2026-06-30,PENDING
TXN-82968,ACC-1217,304266.97,2026-07-11,PENDING
TXN-72081,ACC-1289,229374.53,2026-08-05,SETTLED
TXN-94478,ACC-1343,207356.11,2026-07-25,SETTLED
TXN-82980,ACC-1202,72274.64,2026-08-03,PENDING
TXN-87502,ACC-1042,410305.09,2026-08-10,SETTLED
TXN-91618,ACC-1091,133420.20,2026-08-09,SETTLED
TXN-86696,ACC-1344,173799.34,2026-08-14,SETTLED
TXN-72267,ACC-1273,296089.90,2026-07-27,FAILED
TXN-76517,ACC-1318,11925.92,2026-08-20,PENDING
TXN-87671,ACC-1362,366402.49,2026-07-09,SETTLED
TXN-75242,ACC-1143,397246.98,2026-07-07,SETTLED
TXN-82938,ACC-1283,0.00,2026-07-11,PENDING
TXN-82958,ACC-1094,7731.44,2026-08-07,SETTLED
TXN-73753,ACC-1135,312022.72,2026-08-02,PENDING
TXN-91003,ACC-1355,257069.95,2026-08-02,PENDING
TXN-87674,ACC-1245,66603.83,2026-08-06,PENDING
TXN-91593,ACC-1186,386865.33,2026-08-17,PENDING
TXN-85924,ACC-1238,267460.97,2026-07-14,PROCESSING
TXN-72321,ACC-1344,135236.63,2026-07-06,SETTLED
TXN-95514,ACC-1176,380833.09,2026-07-12,PROCESSING
TXN-82911,ACC-1336,29208.98,2026-08-12,SETTLED
TXN-86171,ACC-1074,181158.12,2026-08-25,SETTLED
TXN-82972,ACC-1128,105192.58,2026-07-12,PENDING
TXN-99904,ACC-1307,100395.65,2026-07-09,SETTLED
TXN-84867,ACC-1191,87420.23,2026-07-21,SETTLED
TXN-93702,ACC-1249,16298.81,2026-08-05,PROCESSING
TXN-95094,ACC-1243,337913.18,2026-07-16,PENDING
TXN-80626,ACC-1167,269189.72,2026-08-26,SETTLED
TXN-82433,ACC-1116,406622.29,2026-07-07,SETTLED
TXN-82963,ACC-1365,462502.56,2026-07-21,SETTLED
TXN-82945,ACC-1179,39807.52,2026-08-06,PENDING
TXN-88250,ACC-1304,31566.95,2026-07-06,SETTLED
TXN-73592,ACC-1309,61743.21,2026-07-20,SETTLED
TXN-82985,ACC-1387,45082.17,2026-07-26,PENDING
TXN-91064,ACC-1008,330821.17,2026-07-06,SETTLED
TXN-82966,ACC-1173,142362.35,2026-08-18,PENDING
TXN-93524,ACC-1302,178591.06,2026-08-09,SETTLED
TXN-82969,ACC-1348,374244.20,2026-07-30,PENDING
TXN-82933,ACC-1219,197586.98,2026-07-23,SETTLED
TXN-82912,ACC-1364,465142.37,2026-08-25,PROCESSING
TXN-78630,ACC-1171,387995.33,2026-08-14,PROCESSING
TXN-93892,ACC-1270,420612.70,2026-08-10,SETTLED
TXN-83074,ACC-1312,249923.88,2026-07-28,SETTLED
TXN-73224,ACC-1104,360203.80,2026-08-19,PENDING
TXN-82922,ACC-1308,103442.79,2026-07-22,PENDING
TXN-95427,ACC-1249,401325.50,2026-08-28,PROCESSING
TXN-90489,ACC-1385,0.00,2026-08-06,PENDING
TXN-72208,ACC-1101,402717.07,2026-07-10,PENDING
TXN-98716,ACC-1127,305501.84,2026-07-04,SETTLED
TXN-92298,ACC-1363,247018.37,2026-07-14,PROCESSING
TXN-88015,ACC-1184,275077.93,2026-07-26,PENDING
TXN-87378,ACC-1377,260133.81,2026-07-11,SETTLED
TXN-98913,ACC-1086,129292.98,2026-07-05,PROCESSING
TXN-82948,ACC-1138,392807.56,2026-07-23,SETTLED
TXN-82920,ACC-1282,21288.32,2026-07-11,SETTLED
TXN-82927,ACC-1182,99662.74,2026-08-10,SETTLED
TXN-79127,ACC-1233,184846.85,2026-08-15,SETTLED
TXN-80621,ACC-1188,17316.14,2026-08-10,SETTLED
TXN-93983,ACC-1168,323458.12,2026-08-12,PROCESSING
TXN-82983,ACC-1028,268577.91,2026-08-21,SETTLED
TXN-74532,ACC-1077,229464.06,2026-07-29,PENDING
TXN-82950,ACC-1280,271341.09,2026-08-23,SETTLED
TXN-77505,ACC-1096,399194.44,2026-08-02,SETTLED
TXN-85574,ACC-1358,497455.15,2026-07-12,PROCESSING
TXN-77186,ACC-1349,96365.76,2026-08-03,PENDING
TXN-85906,ACC-1121,291317.37,2026-07-12,PROCESSING
TXN-93582,ACC-1003,193728.21,2026-08-12,SETTLED
TXN-93890,ACC-1051,312460.79,2026-07-02,FAILED
TXN-78123,ACC-1024,78364.86,2026-07-02,PENDING
TXN-72978,ACC-1030,486675.80,2026-08-16,PROCESSING
TXN-89277,ACC-1222,199720.83,2026-08-18,PENDING
TXN-82608,ACC-1366,247814.51,2026-07-08,PENDING
TXN-84794,ACC-1356,220259.09,2026-08-24,SETTLED
TXN-92338,ACC-1327,69141.72,2026-08-20,FAILED
TXN-96928,ACC-1301,80001.88,2026-08-19,SETTLED
TXN-95710,ACC-1017,50782.75,2026-08-01,SETTLED
TXN-93194,ACC-1031,64343.99,2026-08-23,PROCESSING
TXN-82970,ACC-1260,264246.34,2026-07-08,SETTLED
TXN-94748,ACC-1147,372369.57,2026-07-11,PENDING
TXN-81894,ACC-1335,87025.28,2026-07-08,SETTLED
TXN-82940,ACC-1110,112733.43,2026-07-17,SETTLED
TXN-81861,ACC-1394,184123.36,2026-07-06,SETTLED
TXN-92291,ACC-1177,308680.91,2026-08-15,FAILED
TXN-82988,ACC-1156,38733.58,2026-07-30,SETTLED
TXN-77962,ACC-1195,105402.25,2026-08-11,SETTLED
TXN-82965,ACC-1149,10723.12,2026-07-27,SETTLED
TXN-89526,ACC-1143,211974.67,2026-08-13,PENDING
TXN-93361,ACC-1184,159770.18,2026-08-09,SETTLED
TXN-77362,ACC-1222,217876.28,2026-08-20,PROCESSING
TXN-74335,ACC-1260,220125.07,2026-08-08,PROCESSING
TXN-78845,ACC-1176,348200.54,2026-08-14,SETTLED
TXN-76913,ACC-1334,51953.98,2026-08-08,PENDING
TXN-79617,ACC-1258,395947.26,2026-08-06,SETTLED
TXN-96379,ACC-1376,293794.74,2026-08-24,SETTLED
TXN-82952,ACC-1365,14872.45,2026-07-17,PENDING
TXN-70235,ACC-1135,326384.58,2026-08-18,PROCESSING
TXN-83879,ACC-1387,265941.68,2026-07-24,SETTLED
TXN-78147,ACC-1242,422384.80,2026-08-02,PENDING
TXN-99967,ACC-1002,268118.36,2026-07-12,PROCESSING
TXN-82978,ACC-1354,96000.00,2026-07-09,PROCESSING
TXN-82946,ACC-1158,37630.64,2026-08-24,SETTLED
TXN-91174,ACC-1362,120296.43,2026-07-29,SETTLED
TXN-89155,ACC-1373,40741.83,2026-08-23,PENDING
TXN-82919,ACC-1349,150275.09,2026-07-27,PENDING
TXN-94765,ACC-1231,495687.27,2026-06-30,PROCESSING
TXN-71051,ACC-1242,212501.44,2026-08-29,SETTLED
TXN-82926,ACC-1218,210566.08,2026-08-23,PENDING
TXN-82984,ACC-1213,327698.97,2026-08-18,SETTLED
TXN-85035,ACC-1119,114155.80,2026-07-21,SETTLED
TXN-92064,ACC-1349,71769.17,2026-08-11,SETTLED
TXN-72098,ACC-1265,115318.52,2026-08-08,SETTLED
TXN-82942,ACC-1161,75000.00,2026-07-30,PROCESSING
TXN-82929,ACC-1001,51994.92,2026-07-10,SETTLED
TXN-77216,ACC-1252,65482.62,2026-08-17,PROCESSING
TXN-81078,ACC-1245,76858.07,2026-08-24,SETTLED
TXN-77196,ACC-1348,220676.31,2026-07-27,PROCESSING
TXN-98793,ACC-1119,222971.02,2026-07-30,PENDING
TXN-93862,ACC-1318,254887.53,2026-08-04,SETTLED
TXN-76012,ACC-1067,55169.12,2026-08-22,SETTLED
TXN-94411,ACC-1304,86784.98,2026-08-27,SETTLED
TXN-88591,ACC-1096,397329.50,2026-08-05,SETTLED
TXN-81118,ACC-1210,336396.10,2026-07-22,PROCESSING
TXN-71832,ACC-1366,225249.71,2026-08-30,SETTLED
TXN-82916,ACC-1108,230925.67,2026-08-31,SETTLED
TXN-90560,ACC-1154,61322.14,2026-08-18,SETTLED
TXN-82924,ACC-1258,88812.08,2026-08-23,SETTLED
TXN-82976,ACC-1363,100261.10,2026-08-04,SETTLED
TXN-98306,ACC-1333,0.00,2026-08-08,PENDING
TXN-91477,ACC-1213,376521.34,2026-08-29,SETTLED
TXN-89954,ACC-1177,37218.62,2026-09-03,SETTLED
TXN-74207,ACC-1138,120063.61,2026-07-06,SETTLED
TXN-82977,ACC-1232,326800.82,2026-07-10,PENDING
TXN-71898,ACC-1145,26637.19,2026-08-04,PENDING
TXN-96436,ACC-1291,215067.43,2026-07-31,SETTLED
TXN-71029,ACC-1135,391551.68,2026-08-09,SETTLED
TXN-82962,ACC-1326,63387.56,2026-08-31,SETTLED
TXN-82953,ACC-1046,218582.64,2026-08-08,SETTLED
TXN-82915,ACC-1304,398293.31,2026-07-07,SETTLED
TXN-83865,ACC-1304,297664.32,2026-08-07,PROCESSING
TXN-82982,ACC-1331,169542.80,2026-07-23,SETTLED
TXN-88711,ACC-1159,456615.47,2026-08-27,SETTLED
TXN-82956,ACC-1120,50157.86,2026-07-28,PENDING
TXN-78081,ACC-1231,435997.52,2026-08-23,PENDING
TXN-99668,ACC-1242,150791.31,2026-08-09,PENDING
TXN-97618,ACC-1181,350535.33,2026-07-10,PROCESSING
TXN-89543,ACC-1079,340031.11,2026-09-03,SETTLED
TXN-98989,ACC-1037,0.00,2026-08-17,PENDING
TXN-78773,ACC-1252,108246.87,2026-08-12,PENDING
TXN-81146,ACC-1070,97594.30,2026-08-17,PENDING
TXN-75293,ACC-1269,245978.28,2026-07-05,PROCESSING
TXN-95954,ACC-1210,274059.58,2026-07-04,SETTLED
TXN-77846,ACC-1054,269178.42,2026-08-20,SETTLED
TXN-83338,ACC-1156,455341.51,2026-08-26,PROCESSING
TXN-94985,ACC-1130,62220.28,2026-07-16,SETTLED
TXN-92433,ACC-1030,208852.46,2026-07-25,PROCESSING
TXN-82918,ACC-1198,271427.01,2026-08-23,PROCESSING
TXN-96460,ACC-1033,416410.76,2026-08-28,SETTLED
TXN-78238,ACC-1203,114959.92,2026-07-08,SETTLED
TXN-82987,ACC-1080,128873.72,2026-07-20,PROCESSING
TXN-73090,ACC-1207,261961.87,2026-07-21,PROCESSING
TXN-79125,ACC-1087,189693.33,2026-08-03,SETTLED
TXN-82939,ACC-1273,233332.44,2026-07-23,SETTLED
TXN-76239,ACC-1157,351291.59,2026-08-07,SETTLED
TXN-84124,ACC-1319,124921.07,2026-07-24,PENDING
TXN-77798,ACC-1175,163827.46,2026-07-27,SETTLED
TXN-86847,ACC-1068,40293.83,2026-08-29,SETTLED
TXN-99478,ACC-1290,413203.07,2026-07-14,SETTLED
TXN-71929,ACC-1265,50257.24,2026-07-09,SETTLED
TXN-77892,ACC-1384,315385.91,2026-08-11,SETTLED
TXN-95176,ACC-1347,337611.31,2026-07-28,PENDING
TXN-80076,ACC-1148,151546.24,2026-08-29,SETTLED
TXN-72806,ACC-1074,8155.10,2026-07-18,SETTLED
TXN-87290,ACC-1050,48237.62,2026-07-30,SETTLED
TXN-93918,ACC-1136,138154.63,2026-07-16,PENDING
TXN-85159,ACC-1123,152241.81,2026-07-20,PROCESSING
TXN-98206,ACC-1090,136255.90,2026-08-10,SETTLED
TXN-98770,ACC-1080,206316.48,2026-08-03,PROCESSING
